window_end,portfolio,static_rank,static_score,static_scheme
1936-06-30 23:59:59.999999999,ME3 BM3,1,0.005560398731076962,expanding_window
1936-06-30 23:59:59.999999999,ME1 BM4,2,0.004224260916258086,expanding_window
1936-06-30 23:59:59.999999999,ME2 BM5,3,0.004164308153557868,expanding_window
1936-06-30 23:59:59.999999999,SMALL HiBM,4,0.003969976330352688,expanding_window
1936-06-30 23:59:59.999999999,ME2 BM3,5,0.003463242705702531,expanding_window
1936-06-30 23:59:59.999999999,ME4 BM2,6,0.003319691677182425,expanding_window
1936-06-30 23:59:59.999999999,ME3 BM2,7,0.0032562452433310416,expanding_window
1936-06-30 23:59:59.999999999,ME5 BM2,8,0.003150113222431623,expanding_window
1936-06-30 23:59:59.999999999,ME3 BM1,9,0.0023336175607150383,expanding_window
1936-06-30 23:59:59.999999999,ME4 BM4,10,0.00223965557579519,expanding_window
1936-06-30 23:59:59.999999999,SMALL LoBM,11,0.0018071068424791526,expanding_window
1936-06-30 23:59:59.999999999,ME3 BM5,12,0.001766780318975446,expanding_window
1936-06-30 23:59:59.999999999,ME4 BM5,13,0.0016682743513614195,expanding_window
1936-06-30 23:59:59.999999999,ME2 BM4,14,0.0014948939854553935,expanding_window
1936-06-30 23:59:59.999999999,ME4 BM1,15,0.0014074564653828643,expanding_window
1936-06-30 23:59:59.999999999,ME1 BM3,16,0.0013538918706677576,expanding_window
1936-06-30 23:59:59.999999999,ME2 BM2,17,0.001071469057879037,expanding_window
1936-06-30 23:59:59.999999999,BIG LoBM,18,0.0009316631425765947,expanding_window
1936-06-30 23:59:59.999999999,ME3 BM4,19,0.000904071818678887,expanding_window
1936-06-30 23:59:59.999999999,BIG HiBM,20,0.000698222343090715,expanding_window
1936-06-30 23:59:59.999999999,ME4 BM3,21,0.0005289526055961334,expanding_window
1936-06-30 23:59:59.999999999,ME1 BM2,22,1.4051757002875916e-05,expanding_window
1936-06-30 23:59:59.999999999,ME5 BM3,23,-0.0007014567178467112,expanding_window
1936-06-30 23:59:59.999999999,ME5 BM4,24,-0.0008178542319915016,expanding_window
1936-06-30 23:59:59.999999999,ME2 BM1,25,-0.0009757313299390599,expanding_window
1937-06-30 23:59:59.999999999,ME3 BM3,1,0.005473196477305478,expanding_window
1937-06-30 23:59:59.999999999,ME1 BM4,2,0.00403640044318883,expanding_window
1937-06-30 23:59:59.999999999,SMALL HiBM,3,0.0036558956624179978,expanding_window
1937-06-30 23:59:59.999999999,ME2 BM5,4,0.0035565681061200116,expanding_window
1937-06-30 23:59:59.999999999,ME5 BM2,5,0.0029405368855372877,expanding_window
1937-06-30 23:59:59.999999999,ME4 BM2,6,0.002743428806792716,expanding_window
1937-06-30 23:59:59.999999999,ME3 BM2,7,0.0026461322663113357,expanding_window
1937-06-30 23:59:59.999999999,ME3 BM5,8,0.002547317793157615,expanding_window
1937-06-30 23:59:59.999999999,ME2 BM3,9,0.0024228013350442797,expanding_window
1937-06-30 23:59:59.999999999,ME4 BM4,10,0.001894090199243984,expanding_window
1937-06-30 23:59:59.999999999,ME3 BM1,11,0.0018097377911262852,expanding_window
1937-06-30 23:59:59.999999999,ME4 BM1,12,0.001762325032811352,expanding_window
1937-06-30 23:59:59.999999999,ME4 BM5,13,0.0017142893883146109,expanding_window
1937-06-30 23:59:59.999999999,ME2 BM4,14,0.0011181008521647256,expanding_window
1937-06-30 23:59:59.999999999,SMALL LoBM,15,0.0009315941445970726,expanding_window
1937-06-30 23:59:59.999999999,ME2 BM2,16,0.0006798729461605611,expanding_window
1937-06-30 23:59:59.999999999,BIG HiBM,17,0.0006284756459385373,expanding_window
1937-06-30 23:59:59.999999999,ME1 BM3,18,0.0006229196346584263,expanding_window
1937-06-30 23:59:59.999999999,BIG LoBM,19,0.0006166406549187185,expanding_window
1937-06-30 23:59:59.999999999,ME3 BM4,20,0.0005073531549287251,expanding_window
1937-06-30 23:59:59.999999999,ME4 BM3,21,0.00047510700914253417,expanding_window
1937-06-30 23:59:59.999999999,ME5 BM3,22,-0.0002544323851386126,expanding_window
1937-06-30 23:59:59.999999999,ME5 BM4,23,-0.0003336589292756145,expanding_window
1937-06-30 23:59:59.999999999,ME1 BM2,24,-0.0009504065531918031,expanding_window
1937-06-30 23:59:59.999999999,ME2 BM1,25,-0.0009785792917597594,expanding_window
1938-06-30 23:59:59.999999999,ME1 BM4,1,0.004652630918711643,expanding_window
1938-06-30 23:59:59.999999999,ME3 BM3,2,0.004175197232515761,expanding_window
1938-06-30 23:59:59.999999999,ME2 BM5,3,0.0028521184571474504,expanding_window
1938-06-30 23:59:59.999999999,SMALL HiBM,4,0.0026463688886615004,expanding_window
1938-06-30 23:59:59.999999999,ME4 BM2,5,0.002639327734057023,expanding_window
1938-06-30 23:59:59.999999999,ME4 BM1,6,0.002435325792485266,expanding_window
1938-06-30 23:59:59.999999999,ME5 BM2,7,0.00215809204430618,expanding_window
1938-06-30 23:59:59.999999999,ME2 BM3,8,0.0021381838452441252,expanding_window
1938-06-30 23:59:59.999999999,ME3 BM5,9,0.002080966070578687,expanding_window
1938-06-30 23:59:59.999999999,ME3 BM2,10,0.0018116807607661764,expanding_window
1938-06-30 23:59:59.999999999,ME2 BM4,11,0.001762320999687894,expanding_window
1938-06-30 23:59:59.999999999,ME3 BM1,12,0.0016465982670730611,expanding_window
1938-06-30 23:59:59.999999999,ME4 BM5,13,0.001578461621207234,expanding_window
1938-06-30 23:59:59.999999999,SMALL LoBM,14,0.0014469509183234266,expanding_window
1938-06-30 23:59:59.999999999,ME3 BM4,15,0.0012006880063446675,expanding_window
1938-06-30 23:59:59.999999999,ME4 BM3,16,0.001141666723950942,expanding_window
1938-06-30 23:59:59.999999999,BIG LoBM,17,0.0009410308601421388,expanding_window
1938-06-30 23:59:59.999999999,ME1 BM3,18,0.0008783648334262134,expanding_window
1938-06-30 23:59:59.999999999,BIG HiBM,19,0.0008760304398038388,expanding_window
1938-06-30 23:59:59.999999999,ME4 BM4,20,0.0007600278841353563,expanding_window
1938-06-30 23:59:59.999999999,ME2 BM2,21,0.0006481385797303447,expanding_window
1938-06-30 23:59:59.999999999,ME5 BM3,22,0.00039465271015366233,expanding_window
1938-06-30 23:59:59.999999999,ME5 BM4,23,0.000345327369922968,expanding_window
1938-06-30 23:59:59.999999999,ME1 BM2,24,-0.00023699261703623948,expanding_window
1938-06-30 23:59:59.999999999,ME2 BM1,25,-0.0010557639139686405,expanding_window
1939-06-30 23:59:59.999999999,ME1 BM4,1,0.004590625690819231,expanding_window
1939-06-30 23:59:59.999999999,ME3 BM3,2,0.003927846729574,expanding_window
1939-06-30 23:59:59.999999999,ME2 BM5,3,0.003137385210731333,expanding_window
1939-06-30 23:59:59.999999999,ME3 BM2,4,0.002736654566740429,expanding_window
1939-06-30 23:59:59.999999999,ME4 BM2,5,0.0027059966385480747,expanding_window
1939-06-30 23:59:59.999999999,ME4 BM1,6,0.0026977534716694203,expanding_window
1939-06-30 23:59:59.999999999,ME2 BM3,7,0.0026212127390073834,expanding_window
1939-06-30 23:59:59.999999999,SMALL HiBM,8,0.002591705028337714,expanding_window
1939-06-30 23:59:59.999999999,ME3 BM5,9,0.0020724028988657927,expanding_window
1939-06-30 23:59:59.999999999,ME2 BM4,10,0.002006665057195798,expanding_window
1939-06-30 23:59:59.999999999,ME4 BM5,11,0.0019393921442240549,expanding_window
1939-06-30 23:59:59.999999999,ME5 BM2,12,0.0018896839313286065,expanding_window
1939-06-30 23:59:59.999999999,ME3 BM1,13,0.0018047996882021087,expanding_window
1939-06-30 23:59:59.999999999,SMALL LoBM,14,0.0014221027864766492,expanding_window
1939-06-30 23:59:59.999999999,ME4 BM3,15,0.0012068651379284329,expanding_window
1939-06-30 23:59:59.999999999,ME3 BM4,16,0.0011624243615506614,expanding_window
1939-06-30 23:59:59.999999999,ME4 BM4,17,0.0011504854031524044,expanding_window
1939-06-30 23:59:59.999999999,BIG HiBM,18,0.0009080509195908362,expanding_window
1939-06-30 23:59:59.999999999,ME2 BM2,19,0.0008733368361859428,expanding_window
1939-06-30 23:59:59.999999999,BIG LoBM,20,0.0008706901065478659,expanding_window
1939-06-30 23:59:59.999999999,ME1 BM3,21,0.0008241468214258802,expanding_window
1939-06-30 23:59:59.999999999,ME5 BM3,22,0.0006520612344980759,expanding_window
1939-06-30 23:59:59.999999999,ME5 BM4,23,0.0006337312532562612,expanding_window
1939-06-30 23:59:59.999999999,ME1 BM2,24,-0.0005809762574221194,expanding_window
1939-06-30 23:59:59.999999999,ME2 BM1,25,-0.0007146084814489151,expanding_window
1940-06-30 23:59:59.999999999,ME1 BM4,1,0.004290115267800269,expanding_window
1940-06-30 23:59:59.999999999,ME3 BM3,2,0.004029807249808608,expanding_window
1940-06-30 23:59:59.999999999,SMALL HiBM,3,0.003187071375720966,expanding_window
1940-06-30 23:59:59.999999999,ME3 BM2,4,0.0027778317294868396,expanding_window
1940-06-30 23:59:59.999999999,ME2 BM5,5,0.002611239461896886,expanding_window
1940-06-30 23:59:59.999999999,ME3 BM5,6,0.002542779398184014,expanding_window
1940-06-30 23:59:59.999999999,ME4 BM1,7,0.002536196631661821,expanding_window
1940-06-30 23:59:59.999999999,ME2 BM3,8,0.0023991968268021243,expanding_window
1940-06-30 23:59:59.999999999,ME4 BM2,9,0.0023653176561090426,expanding_window
1940-06-30 23:59:59.999999999,ME3 BM1,10,0.0023651251302758765,expanding_window
1940-06-30 23:59:59.999999999,ME2 BM4,11,0.0021289609457088294,expanding_window
1940-06-30 23:59:59.999999999,ME5 BM2,12,0.002045573548032756,expanding_window
1940-06-30 23:59:59.999999999,ME4 BM5,13,0.0018768271303542926,expanding_window
1940-06-30 23:59:59.999999999,SMALL LoBM,14,0.001546445223045061,expanding_window
1940-06-30 23:59:59.999999999,BIG HiBM,15,0.001253929758294007,expanding_window
1940-06-30 23:59:59.999999999,ME4 BM4,16,0.0010682458279305251,expanding_window
1940-06-30 23:59:59.999999999,ME3 BM4,17,0.0010159435512588238,expanding_window
1940-06-30 23:59:59.999999999,ME2 BM2,18,0.0010115460477434126,expanding_window
1940-06-30 23:59:59.999999999,ME5 BM4,19,0.0009326644755692202,expanding_window
1940-06-30 23:59:59.999999999,ME4 BM3,20,0.00083641099094825,expanding_window
1940-06-30 23:59:59.999999999,ME5 BM3,21,0.0007729744208308058,expanding_window
1940-06-30 23:59:59.999999999,BIG LoBM,22,0.0006584809479499769,expanding_window
1940-06-30 23:59:59.999999999,ME1 BM3,23,0.0005980355839394417,expanding_window
1940-06-30 23:59:59.999999999,ME2 BM1,24,-0.00046618754495013283,expanding_window
1940-06-30 23:59:59.999999999,ME1 BM2,25,-0.0008093581519504078,expanding_window
1941-06-30 23:59:59.999999999,ME3 BM3,1,0.003949007069869384,expanding_window
1941-06-30 23:59:59.999999999,ME1 BM4,2,0.0038100480312300063,expanding_window
1941-06-30 23:59:59.999999999,ME3 BM2,3,0.0030338676221073283,expanding_window
1941-06-30 23:59:59.999999999,SMALL HiBM,4,0.0028900479640273724,expanding_window
1941-06-30 23:59:59.999999999,ME2 BM5,5,0.002676997398371881,expanding_window
1941-06-30 23:59:59.999999999,ME4 BM1,6,0.002503733240398969,expanding_window
1941-06-30 23:59:59.999999999,ME2 BM3,7,0.00241552693329269,expanding_window
1941-06-30 23:59:59.999999999,ME4 BM2,8,0.0023238423808460817,expanding_window
1941-06-30 23:59:59.999999999,ME3 BM1,9,0.0022631908407900326,expanding_window
1941-06-30 23:59:59.999999999,ME3 BM5,10,0.00220052162165629,expanding_window
1941-06-30 23:59:59.999999999,ME2 BM4,11,0.002198015257659915,expanding_window
1941-06-30 23:59:59.999999999,ME5 BM2,12,0.001834608455658714,expanding_window
1941-06-30 23:59:59.999999999,ME4 BM5,13,0.0018117098066522306,expanding_window
1941-06-30 23:59:59.999999999,SMALL LoBM,14,0.0013996020819885538,expanding_window
1941-06-30 23:59:59.999999999,ME4 BM4,15,0.0012812597015669468,expanding_window
1941-06-30 23:59:59.999999999,BIG HiBM,16,0.0012257766417337348,expanding_window
1941-06-30 23:59:59.999999999,ME5 BM4,17,0.001168985321690566,expanding_window
1941-06-30 23:59:59.999999999,ME3 BM4,18,0.0009944530873625557,expanding_window
1941-06-30 23:59:59.999999999,ME2 BM2,19,0.000970259522939351,expanding_window
1941-06-30 23:59:59.999999999,ME5 BM3,20,0.0009256053626653432,expanding_window
1941-06-30 23:59:59.999999999,ME4 BM3,21,0.0008388946967697803,expanding_window
1941-06-30 23:59:59.999999999,BIG LoBM,22,0.0005780959773016353,expanding_window
1941-06-30 23:59:59.999999999,ME1 BM3,23,0.00044442106584726576,expanding_window
1941-06-30 23:59:59.999999999,ME2 BM1,24,0.00011033449186663804,expanding_window
1941-06-30 23:59:59.999999999,ME1 BM2,25,-0.0008435562692542008,expanding_window
1942-06-30 23:59:59.999999999,ME1 BM4,1,0.0037438681073799175,expanding_window
1942-06-30 23:59:59.999999999,ME3 BM3,2,0.0034859307315866055,expanding_window
1942-06-30 23:59:59.999999999,SMALL HiBM,3,0.003094310892974832,expanding_window
1942-06-30 23:59:59.999999999,ME3 BM2,4,0.0029728602209823534,expanding_window
1942-06-30 23:59:59.999999999,ME2 BM4,5,0.0025731669693970106,expanding_window
1942-06-30 23:59:59.999999999,ME4 BM1,6,0.0024884651938265516,expanding_window
1942-06-30 23:59:59.999999999,ME2 BM5,7,0.002323912741561078,expanding_window
1942-06-30 23:59:59.999999999,ME4 BM2,8,0.0023122046563780647,expanding_window
1942-06-30 23:59:59.999999999,ME4 BM5,9,0.002108550287894364,expanding_window
1942-06-30 23:59:59.999999999,ME3 BM5,10,0.001950821748429532,expanding_window
1942-06-30 23:59:59.999999999,ME2 BM3,11,0.0019127770443232283,expanding_window
1942-06-30 23:59:59.999999999,ME3 BM1,12,0.0018648320741733592,expanding_window
1942-06-30 23:59:59.999999999,ME5 BM2,13,0.0014878112623338074,expanding_window
1942-06-30 23:59:59.999999999,ME4 BM4,14,0.0014192020677263823,expanding_window
1942-06-30 23:59:59.999999999,SMALL LoBM,15,0.0011758777697797775,expanding_window
1942-06-30 23:59:59.999999999,ME5 BM4,16,0.0011745791965261263,expanding_window
1942-06-30 23:59:59.999999999,ME2 BM2,17,0.0011127468226505247,expanding_window
1942-06-30 23:59:59.999999999,ME5 BM3,18,0.0010415599581642505,expanding_window
1942-06-30 23:59:59.999999999,BIG HiBM,19,0.0010412753725836691,expanding_window
1942-06-30 23:59:59.999999999,ME3 BM4,20,0.0009333333924582303,expanding_window
1942-06-30 23:59:59.999999999,BIG LoBM,21,0.0007697822824193202,expanding_window
1942-06-30 23:59:59.999999999,ME4 BM3,22,0.0007646456250651856,expanding_window
1942-06-30 23:59:59.999999999,ME1 BM3,23,0.0003231305745946154,expanding_window
1942-06-30 23:59:59.999999999,ME2 BM1,24,0.00016689232431797056,expanding_window
1942-06-30 23:59:59.999999999,ME1 BM2,25,-0.0009602135898701572,expanding_window
1943-06-30 23:59:59.999999999,ME1 BM4,1,0.00302543119247055,expanding_window
1943-06-30 23:59:59.999999999,ME3 BM3,2,0.002793004913541004,expanding_window
1943-06-30 23:59:59.999999999,SMALL HiBM,3,0.0027118287790652363,expanding_window
1943-06-30 23:59:59.999999999,ME3 BM2,4,0.0023752255240617314,expanding_window
1943-06-30 23:59:59.999999999,ME4 BM1,5,0.0023650701105599505,expanding_window
1943-06-30 23:59:59.999999999,ME2 BM4,6,0.002045465997547863,expanding_window
1943-06-30 23:59:59.999999999,ME2 BM5,7,0.0019251937793655443,expanding_window
1943-06-30 23:59:59.999999999,ME4 BM5,8,0.0017904196898072423,expanding_window
1943-06-30 23:59:59.999999999,ME3 BM5,9,0.001766478761026937,expanding_window
1943-06-30 23:59:59.999999999,ME4 BM2,10,0.0017227557800001485,expanding_window
1943-06-30 23:59:59.999999999,ME3 BM1,11,0.0015241356342803364,expanding_window
1943-06-30 23:59:59.999999999,ME2 BM3,12,0.001360714638351124,expanding_window
1943-06-30 23:59:59.999999999,ME5 BM2,13,0.0012932353652673014,expanding_window
1943-06-30 23:59:59.999999999,ME4 BM4,14,0.0009556945159877145,expanding_window
1943-06-30 23:59:59.999999999,ME5 BM3,15,0.0009360435716455106,expanding_window
1943-06-30 23:59:59.999999999,SMALL LoBM,16,0.0009195717172130212,expanding_window
1943-06-30 23:59:59.999999999,ME5 BM4,17,0.0008990154793989707,expanding_window
1943-06-30 23:59:59.999999999,ME2 BM2,18,0.0008292141423977262,expanding_window
1943-06-30 23:59:59.999999999,BIG HiBM,19,0.0008161615770100027,expanding_window
1943-06-30 23:59:59.999999999,BIG LoBM,20,0.0007255894554544651,expanding_window
1943-06-30 23:59:59.999999999,ME3 BM4,21,0.0006502791872966419,expanding_window
1943-06-30 23:59:59.999999999,ME4 BM3,22,0.0005387336439141995,expanding_window
1943-06-30 23:59:59.999999999,ME2 BM1,23,0.00048622703433383644,expanding_window
1943-06-30 23:59:59.999999999,ME1 BM3,24,0.00016895888764363858,expanding_window
1943-06-30 23:59:59.999999999,ME1 BM2,25,-0.0009409878678056194,expanding_window
1944-06-30 23:59:59.999999999,ME1 BM4,1,0.002587494480685732,expanding_window
1944-06-30 23:59:59.999999999,ME3 BM3,2,0.0023262819151719924,expanding_window
1944-06-30 23:59:59.999999999,SMALL HiBM,3,0.0022870899657303897,expanding_window
1944-06-30 23:59:59.999999999,ME3 BM2,4,0.0019461381734068315,expanding_window
1944-06-30 23:59:59.999999999,ME3 BM5,5,0.0018723208043736938,expanding_window
1944-06-30 23:59:59.999999999,ME2 BM5,6,0.0018041888283357147,expanding_window
1944-06-30 23:59:59.999999999,ME4 BM1,7,0.0017710200278563666,expanding_window
1944-06-30 23:59:59.999999999,ME4 BM2,8,0.0016939367415521873,expanding_window
1944-06-30 23:59:59.999999999,ME2 BM4,9,0.0015317562940712318,expanding_window
1944-06-30 23:59:59.999999999,ME4 BM5,10,0.0012927714708047054,expanding_window
1944-06-30 23:59:59.999999999,ME2 BM3,11,0.0010891294635072915,expanding_window
1944-06-30 23:59:59.999999999,ME3 BM1,12,0.0010685368296908142,expanding_window
1944-06-30 23:59:59.999999999,ME4 BM4,13,0.001023984727825202,expanding_window
1944-06-30 23:59:59.999999999,ME5 BM2,14,0.0009856421348788042,expanding_window
1944-06-30 23:59:59.999999999,ME5 BM3,15,0.0009532165530635664,expanding_window
1944-06-30 23:59:59.999999999,ME5 BM4,16,0.0007601964289473916,expanding_window
1944-06-30 23:59:59.999999999,BIG HiBM,17,0.0007397212223870897,expanding_window
1944-06-30 23:59:59.999999999,SMALL LoBM,18,0.0007377566027250563,expanding_window
1944-06-30 23:59:59.999999999,BIG LoBM,19,0.0006021313912858817,expanding_window
1944-06-30 23:59:59.999999999,ME2 BM2,20,0.0006013326940397993,expanding_window
1944-06-30 23:59:59.999999999,ME3 BM4,21,0.000588648830973149,expanding_window
1944-06-30 23:59:59.999999999,ME2 BM1,22,0.000516689647875787,expanding_window
1944-06-30 23:59:59.999999999,ME4 BM3,23,0.00032072296571091473,expanding_window
1944-06-30 23:59:59.999999999,ME1 BM3,24,0.0002097868067490057,expanding_window
1944-06-30 23:59:59.999999999,ME1 BM2,25,-0.0006750201081517097,expanding_window
1945-06-30 23:59:59.999999999,ME1 BM4,1,0.002336262749765011,expanding_window
1945-06-30 23:59:59.999999999,ME3 BM3,2,0.002182895026868019,expanding_window
1945-06-30 23:59:59.999999999,SMALL HiBM,3,0.002149984360048894,expanding_window
1945-06-30 23:59:59.999999999,ME2 BM5,4,0.0020446039554086453,expanding_window
1945-06-30 23:59:59.999999999,ME3 BM2,5,0.0020379591884533066,expanding_window
1945-06-30 23:59:59.999999999,ME3 BM5,6,0.00173092422753878,expanding_window
1945-06-30 23:59:59.999999999,ME4 BM1,7,0.001511160244059296,expanding_window
1945-06-30 23:59:59.999999999,ME4 BM2,8,0.0013981982443175092,expanding_window
1945-06-30 23:59:59.999999999,ME2 BM4,9,0.001150425486258753,expanding_window
1945-06-30 23:59:59.999999999,ME4 BM5,10,0.0011368156057337262,expanding_window
1945-06-30 23:59:59.999999999,ME5 BM3,11,0.00106747049282795,expanding_window
1945-06-30 23:59:59.999999999,ME2 BM3,12,0.00086876257409766,expanding_window
1945-06-30 23:59:59.999999999,ME4 BM4,13,0.0008397382785429824,expanding_window
1945-06-30 23:59:59.999999999,ME5 BM2,14,0.0007526014013147392,expanding_window
1945-06-30 23:59:59.999999999,ME3 BM1,15,0.0006586761234208966,expanding_window
1945-06-30 23:59:59.999999999,BIG HiBM,16,0.000608580662892051,expanding_window
1945-06-30 23:59:59.999999999,ME5 BM4,17,0.0006043880409120977,expanding_window
1945-06-30 23:59:59.999999999,BIG LoBM,18,0.0004584146971893469,expanding_window
1945-06-30 23:59:59.999999999,ME2 BM1,19,0.00044886733059473056,expanding_window
1945-06-30 23:59:59.999999999,SMALL LoBM,20,0.00040150404611461463,expanding_window
1945-06-30 23:59:59.999999999,ME3 BM4,21,0.00037533887900837717,expanding_window
1945-06-30 23:59:59.999999999,ME2 BM2,22,0.0002939920807037299,expanding_window
1945-06-30 23:59:59.999999999,ME4 BM3,23,0.0002093167752667917,expanding_window
1945-06-30 23:59:59.999999999,ME1 BM3,24,-4.637670139914546e-05,expanding_window
1945-06-30 23:59:59.999999999,ME1 BM2,25,-0.0012467200436951798,expanding_window
1946-06-30 23:59:59.999999999,ME2 BM5,1,0.002204235621219097,expanding_window
1946-06-30 23:59:59.999999999,ME3 BM3,2,0.0021848246692774092,expanding_window
1946-06-30 23:59:59.999999999,SMALL HiBM,3,0.002167707085068287,expanding_window
1946-06-30 23:59:59.999999999,ME1 BM4,4,0.0019853897642182314,expanding_window
1946-06-30 23:59:59.999999999,ME3 BM2,5,0.0019545955329290793,expanding_window
1946-06-30 23:59:59.999999999,ME4 BM1,6,0.001304328767166516,expanding_window
1946-06-30 23:59:59.999999999,ME4 BM5,7,0.0011695826712738299,expanding_window
1946-06-30 23:59:59.999999999,ME3 BM5,8,0.0011088571097805301,expanding_window
1946-06-30 23:59:59.999999999,ME5 BM3,9,0.0010601536289599764,expanding_window
1946-06-30 23:59:59.999999999,ME4 BM2,10,0.001056596775181052,expanding_window
1946-06-30 23:59:59.999999999,ME2 BM4,11,0.0008310114995006421,expanding_window
1946-06-30 23:59:59.999999999,ME4 BM4,12,0.0006219797155981239,expanding_window
1946-06-30 23:59:59.999999999,ME5 BM2,13,0.00052663855320657,expanding_window
1946-06-30 23:59:59.999999999,ME2 BM3,14,0.0004858601484289623,expanding_window
1946-06-30 23:59:59.999999999,ME4 BM3,15,0.0004732430360961516,expanding_window
1946-06-30 23:59:59.999999999,BIG HiBM,16,0.00037736807898049667,expanding_window
1946-06-30 23:59:59.999999999,ME5 BM4,17,0.00036200525756253184,expanding_window
1946-06-30 23:59:59.999999999,ME3 BM4,18,0.00026393952636759495,expanding_window
1946-06-30 23:59:59.999999999,ME2 BM2,19,0.00019041067275678736,expanding_window
1946-06-30 23:59:59.999999999,BIG LoBM,20,0.00017337719047894257,expanding_window
1946-06-30 23:59:59.999999999,ME2 BM1,21,0.0001492227235777965,expanding_window
1946-06-30 23:59:59.999999999,SMALL LoBM,22,9.827888260485046e-05,expanding_window
1946-06-30 23:59:59.999999999,ME3 BM1,23,-2.661727192210554e-05,expanding_window
1946-06-30 23:59:59.999999999,ME1 BM3,24,-0.00025760736480655213,expanding_window
1946-06-30 23:59:59.999999999,ME1 BM2,25,-0.001927360613999336,expanding_window
1947-06-30 23:59:59.999999999,ME2 BM5,1,0.0018033736205531063,expanding_window
1947-06-30 23:59:59.999999999,ME3 BM2,2,0.0017752509983042,expanding_window
1947-06-30 23:59:59.999999999,ME1 BM4,3,0.0016884608742619,expanding_window
1947-06-30 23:59:59.999999999,SMALL HiBM,4,0.0016070603899056117,expanding_window
1947-06-30 23:59:59.999999999,ME3 BM3,5,0.001591372641354498,expanding_window
1947-06-30 23:59:59.999999999,ME4 BM2,6,0.0014589054368179966,expanding_window
1947-06-30 23:59:59.999999999,ME4 BM1,7,0.0011518498200719267,expanding_window
1947-06-30 23:59:59.999999999,ME3 BM5,8,0.0010911499399330182,expanding_window
1947-06-30 23:59:59.999999999,ME5 BM4,9,0.00100285174850694,expanding_window
1947-06-30 23:59:59.999999999,ME2 BM4,10,0.0010001262715859847,expanding_window
1947-06-30 23:59:59.999999999,ME4 BM5,11,0.0008867778414495969,expanding_window
1947-06-30 23:59:59.999999999,ME5 BM3,12,0.0006863113939140256,expanding_window
1947-06-30 23:59:59.999999999,ME4 BM4,13,0.0006498293547292072,expanding_window
1947-06-30 23:59:59.999999999,ME2 BM3,14,0.000570443841088106,expanding_window
1947-06-30 23:59:59.999999999,ME5 BM2,15,0.0004974736103123955,expanding_window
1947-06-30 23:59:59.999999999,BIG HiBM,16,0.0004719429019320162,expanding_window
1947-06-30 23:59:59.999999999,ME3 BM4,17,0.000441760563003574,expanding_window
1947-06-30 23:59:59.999999999,ME4 BM3,18,0.0004184206985408625,expanding_window
1947-06-30 23:59:59.999999999,ME2 BM2,19,0.0004097149330698033,expanding_window
1947-06-30 23:59:59.999999999,SMALL LoBM,20,0.0003513634891974453,expanding_window
1947-06-30 23:59:59.999999999,BIG LoBM,21,0.00028923328250945465,expanding_window
1947-06-30 23:59:59.999999999,ME1 BM3,22,0.00021937956607751637,expanding_window
1947-06-30 23:59:59.999999999,ME2 BM1,23,0.0001673975016554712,expanding_window
1947-06-30 23:59:59.999999999,ME3 BM1,24,-4.6452740712897914e-05,expanding_window
1947-06-30 23:59:59.999999999,ME1 BM2,25,-0.0007558582824273506,expanding_window
1948-06-30 23:59:59.999999999,ME2 BM5,1,0.0012918789233228943,expanding_window
1948-06-30 23:59:59.999999999,ME3 BM2,2,0.001223659725765676,expanding_window
1948-06-30 23:59:59.999999999,ME1 BM4,3,0.0010650117132387617,expanding_window
1948-06-30 23:59:59.999999999,ME3 BM3,4,0.0010621937100923527,expanding_window
1948-06-30 23:59:59.999999999,ME4 BM1,5,0.0010443851800565063,expanding_window
1948-06-30 23:59:59.999999999,SMALL HiBM,6,0.0009747177528384386,expanding_window
1948-06-30 23:59:59.999999999,ME4 BM2,7,0.0008884877781992415,expanding_window
1948-06-30 23:59:59.999999999,ME2 BM4,8,0.000801750668151324,expanding_window
1948-06-30 23:59:59.999999999,ME3 BM5,9,0.0007948058742919939,expanding_window
1948-06-30 23:59:59.999999999,ME5 BM4,10,0.0005489266214676841,expanding_window
1948-06-30 23:59:59.999999999,ME5 BM2,11,0.0005378285071171996,expanding_window
1948-06-30 23:59:59.999999999,ME4 BM3,12,0.00046147134444761743,expanding_window
1948-06-30 23:59:59.999999999,ME4 BM5,13,0.00044155257640665613,expanding_window
1948-06-30 23:59:59.999999999,ME2 BM2,14,0.00033303301271071827,expanding_window
1948-06-30 23:59:59.999999999,ME3 BM4,15,0.0003041096621477511,expanding_window
1948-06-30 23:59:59.999999999,SMALL LoBM,16,0.00024088759742209266,expanding_window
1948-06-30 23:59:59.999999999,ME2 BM3,17,0.0002234124130447651,expanding_window
1948-06-30 23:59:59.999999999,BIG HiBM,18,0.00020596563576308244,expanding_window
1948-06-30 23:59:59.999999999,ME5 BM3,19,0.00019908913114091736,expanding_window
1948-06-30 23:59:59.999999999,ME3 BM1,20,0.00015577055165335842,expanding_window
1948-06-30 23:59:59.999999999,ME4 BM4,21,0.00014851280110317246,expanding_window
1948-06-30 23:59:59.999999999,ME1 BM3,22,0.0001461232901698066,expanding_window
1948-06-30 23:59:59.999999999,BIG LoBM,23,4.233946068471202e-05,expanding_window
1948-06-30 23:59:59.999999999,ME2 BM1,24,2.9464849765922113e-05,expanding_window
1948-06-30 23:59:59.999999999,ME1 BM2,25,-0.0003921186454485273,expanding_window
1949-06-30 23:59:59.999999999,ME2 BM5,1,0.0012771802658960933,expanding_window
1949-06-30 23:59:59.999999999,SMALL HiBM,2,0.0011018818571365211,expanding_window
1949-06-30 23:59:59.999999999,ME3 BM2,3,0.0010788400235344426,expanding_window
1949-06-30 23:59:59.999999999,ME3 BM3,4,0.0009817429220712551,expanding_window
1949-06-30 23:59:59.999999999,ME1 BM4,5,0.0009398494237848098,expanding_window
1949-06-30 23:59:59.999999999,ME4 BM1,6,0.0009062161528169221,expanding_window
1949-06-30 23:59:59.999999999,ME2 BM4,7,0.0008863938213751553,expanding_window
1949-06-30 23:59:59.999999999,ME4 BM2,8,0.0008671619432169203,expanding_window
1949-06-30 23:59:59.999999999,ME3 BM5,9,0.0007581185975739959,expanding_window
1949-06-30 23:59:59.999999999,ME4 BM3,10,0.0006990212460978585,expanding_window
1949-06-30 23:59:59.999999999,ME5 BM4,11,0.0006284204039280468,expanding_window
1949-06-30 23:59:59.999999999,ME4 BM5,12,0.0005966904949503368,expanding_window
1949-06-30 23:59:59.999999999,ME2 BM2,13,0.0004880229736536066,expanding_window
1949-06-30 23:59:59.999999999,ME2 BM3,14,0.00047469968885659327,expanding_window
1949-06-30 23:59:59.999999999,ME3 BM4,15,0.00039424524019871074,expanding_window
1949-06-30 23:59:59.999999999,ME3 BM1,16,0.0003937966062048942,expanding_window
1949-06-30 23:59:59.999999999,ME5 BM3,17,0.0003920145579282225,expanding_window
1949-06-30 23:59:59.999999999,BIG HiBM,18,0.00038659859847572437,expanding_window
1949-06-30 23:59:59.999999999,ME5 BM2,19,0.00037771533176165367,expanding_window
1949-06-30 23:59:59.999999999,SMALL LoBM,20,0.0003743137805706812,expanding_window
1949-06-30 23:59:59.999999999,ME1 BM3,21,0.0003540527744981679,expanding_window
1949-06-30 23:59:59.999999999,ME4 BM4,22,0.0002708737082940513,expanding_window
1949-06-30 23:59:59.999999999,ME2 BM1,23,0.00016773927001219031,expanding_window
1949-06-30 23:59:59.999999999,BIG LoBM,24,0.00014869245512311608,expanding_window
1949-06-30 23:59:59.999999999,ME1 BM2,25,-7.944104117724345e-05,expanding_window
1950-06-30 23:59:59.999999999,ME2 BM5,1,0.0013648308927907632,expanding_window
1950-06-30 23:59:59.999999999,SMALL HiBM,2,0.001264909602210259,expanding_window
1950-06-30 23:59:59.999999999,ME3 BM2,3,0.0011751881526924951,expanding_window
1950-06-30 23:59:59.999999999,ME3 BM3,4,0.0010007531295024572,expanding_window
1950-06-30 23:59:59.999999999,ME1 BM4,5,0.0009633361795286674,expanding_window
1950-06-30 23:59:59.999999999,ME2 BM4,6,0.000837071662065232,expanding_window
1950-06-30 23:59:59.999999999,ME4 BM1,7,0.0008247158059208877,expanding_window
1950-06-30 23:59:59.999999999,ME3 BM5,8,0.0008196210783161577,expanding_window
1950-06-30 23:59:59.999999999,ME4 BM3,9,0.0008190987776535143,expanding_window
1950-06-30 23:59:59.999999999,ME4 BM2,10,0.0006860704814449112,expanding_window
1950-06-30 23:59:59.999999999,ME4 BM5,11,0.000630558337652168,expanding_window
1950-06-30 23:59:59.999999999,ME5 BM4,12,0.000612951501636134,expanding_window
1950-06-30 23:59:59.999999999,ME2 BM2,13,0.00041899894984733074,expanding_window
1950-06-30 23:59:59.999999999,ME2 BM3,14,0.0004039303895734673,expanding_window
1950-06-30 23:59:59.999999999,BIG HiBM,15,0.00037188527815347375,expanding_window
1950-06-30 23:59:59.999999999,ME5 BM3,16,0.0003701362084621875,expanding_window
1950-06-30 23:59:59.999999999,ME3 BM1,17,0.0003486412137050121,expanding_window
1950-06-30 23:59:59.999999999,SMALL LoBM,18,0.00030135626465731973,expanding_window
1950-06-30 23:59:59.999999999,ME3 BM4,19,0.00028870335971459336,expanding_window
1950-06-30 23:59:59.999999999,ME1 BM3,20,0.00024841188096431997,expanding_window
1950-06-30 23:59:59.999999999,ME5 BM2,21,0.0002068619060697273,expanding_window
1950-06-30 23:59:59.999999999,BIG LoBM,22,0.0001808022679102165,expanding_window
1950-06-30 23:59:59.999999999,ME2 BM1,23,0.00010227453973130215,expanding_window
1950-06-30 23:59:59.999999999,ME4 BM4,24,1.0392879221049717e-05,expanding_window
1950-06-30 23:59:59.999999999,ME1 BM2,25,-0.0003391689442822917,expanding_window
1951-06-30 23:59:59.999999999,ME2 BM5,1,0.0014630677575030882,expanding_window
1951-06-30 23:59:59.999999999,SMALL HiBM,2,0.0013467768956872978,expanding_window
1951-06-30 23:59:59.999999999,ME3 BM2,3,0.0011567132810904632,expanding_window
1951-06-30 23:59:59.999999999,ME3 BM3,4,0.000939629108522583,expanding_window
1951-06-30 23:59:59.999999999,ME1 BM4,5,0.0009312775452620335,expanding_window
1951-06-30 23:59:59.999999999,ME3 BM5,6,0.0008910039905014588,expanding_window
1951-06-30 23:59:59.999999999,ME4 BM1,7,0.0008436690447842348,expanding_window
1951-06-30 23:59:59.999999999,ME4 BM3,8,0.0008306775128323645,expanding_window
1951-06-30 23:59:59.999999999,ME2 BM4,9,0.0007242956156834483,expanding_window
1951-06-30 23:59:59.999999999,ME4 BM2,10,0.0007097093795569045,expanding_window
1951-06-30 23:59:59.999999999,ME4 BM5,11,0.0005931652818819432,expanding_window
1951-06-30 23:59:59.999999999,ME5 BM3,12,0.0005383734782474153,expanding_window
1951-06-30 23:59:59.999999999,ME5 BM4,13,0.0004994295881173148,expanding_window
1951-06-30 23:59:59.999999999,ME2 BM3,14,0.00043986591317690194,expanding_window
1951-06-30 23:59:59.999999999,ME2 BM2,15,0.0003377385449185046,expanding_window
1951-06-30 23:59:59.999999999,BIG HiBM,16,0.0002965771056049021,expanding_window
1951-06-30 23:59:59.999999999,ME3 BM1,17,0.00021626305241869082,expanding_window
1951-06-30 23:59:59.999999999,BIG LoBM,18,0.00020384857992876914,expanding_window
1951-06-30 23:59:59.999999999,SMALL LoBM,19,0.00016878846868256358,expanding_window
1951-06-30 23:59:59.999999999,ME3 BM4,20,0.00016131783844800256,expanding_window
1951-06-30 23:59:59.999999999,ME1 BM3,21,0.0001416014358046288,expanding_window
1951-06-30 23:59:59.999999999,ME5 BM2,22,6.412923617686507e-05,expanding_window
1951-06-30 23:59:59.999999999,ME2 BM1,23,2.6848514690466026e-05,expanding_window
1951-06-30 23:59:59.999999999,ME4 BM4,24,-5.709775731719863e-05,expanding_window
1951-06-30 23:59:59.999999999,ME1 BM2,25,-0.000561320217465018,expanding_window
1952-06-30 23:59:59.999999999,ME2 BM5,1,0.0011649407191916968,expanding_window
1952-06-30 23:59:59.999999999,ME3 BM2,2,0.0010262222530573158,expanding_window
1952-06-30 23:59:59.999999999,SMALL HiBM,3,0.0009463261310614674,expanding_window
1952-06-30 23:59:59.999999999,ME1 BM4,4,0.0007725670374743624,expanding_window
1952-06-30 23:59:59.999999999,ME2 BM4,5,0.0006805923734611747,expanding_window
1952-06-30 23:59:59.999999999,ME3 BM5,6,0.0006798983460740995,expanding_window
1952-06-30 23:59:59.999999999,ME4 BM2,7,0.000650228566376672,expanding_window
1952-06-30 23:59:59.999999999,ME3 BM3,8,0.000635554423548853,expanding_window
1952-06-30 23:59:59.999999999,ME4 BM1,9,0.000598610293593395,expanding_window
1952-06-30 23:59:59.999999999,ME4 BM3,10,0.0005838449770278314,expanding_window
1952-06-30 23:59:59.999999999,ME5 BM3,11,0.00047698380700910906,expanding_window
1952-06-30 23:59:59.999999999,ME5 BM4,12,0.0004513870495199175,expanding_window
1952-06-30 23:59:59.999999999,ME4 BM5,13,0.0004359001730157632,expanding_window
1952-06-30 23:59:59.999999999,ME2 BM3,14,0.0003666195042798145,expanding_window
1952-06-30 23:59:59.999999999,ME2 BM2,15,0.00027641981178369617,expanding_window
1952-06-30 23:59:59.999999999,BIG HiBM,16,0.0002343060565890188,expanding_window
1952-06-30 23:59:59.999999999,BIG LoBM,17,0.0001532678753294255,expanding_window
1952-06-30 23:59:59.999999999,ME3 BM1,18,0.0001379477050929199,expanding_window
1952-06-30 23:59:59.999999999,SMALL LoBM,19,0.00013019327619954334,expanding_window
1952-06-30 23:59:59.999999999,ME1 BM3,20,6.567900672192165e-05,expanding_window
1952-06-30 23:59:59.999999999,ME2 BM1,21,4.643263401683031e-05,expanding_window
1952-06-30 23:59:59.999999999,ME3 BM4,22,4.1550565820934005e-05,expanding_window
1952-06-30 23:59:59.999999999,ME5 BM2,23,6.207123917382042e-06,expanding_window
1952-06-30 23:59:59.999999999,ME4 BM4,24,-2.9358425221872307e-05,expanding_window
1952-06-30 23:59:59.999999999,ME1 BM2,25,-0.00033630234861942415,expanding_window
1953-06-30 23:59:59.999999999,ME2 BM5,1,0.0010686865994843065,expanding_window
1953-06-30 23:59:59.999999999,ME3 BM2,2,0.0010322402352093247,expanding_window
1953-06-30 23:59:59.999999999,SMALL HiBM,3,0.0009319334715467992,expanding_window
1953-06-30 23:59:59.999999999,ME2 BM4,4,0.0006911875428755853,expanding_window
1953-06-30 23:59:59.999999999,ME1 BM4,5,0.0006759564182055261,expanding_window
1953-06-30 23:59:59.999999999,ME3 BM3,6,0.0006608323095736598,expanding_window
1953-06-30 23:59:59.999999999,ME4 BM2,7,0.0005865042853012929,expanding_window
1953-06-30 23:59:59.999999999,ME3 BM5,8,0.0005791277994139401,expanding_window
1953-06-30 23:59:59.999999999,ME4 BM3,9,0.0005393847831736339,expanding_window
1953-06-30 23:59:59.999999999,ME4 BM1,10,0.000511770123107309,expanding_window
1953-06-30 23:59:59.999999999,ME5 BM3,11,0.000499056381003429,expanding_window
1953-06-30 23:59:59.999999999,ME4 BM5,12,0.0004395739962294416,expanding_window
1953-06-30 23:59:59.999999999,ME2 BM3,13,0.0004232618284166639,expanding_window
1953-06-30 23:59:59.999999999,ME5 BM4,14,0.0003900719084017487,expanding_window
1953-06-30 23:59:59.999999999,BIG HiBM,15,0.00022042213330800362,expanding_window
1953-06-30 23:59:59.999999999,BIG LoBM,16,0.0001622839518472389,expanding_window
1953-06-30 23:59:59.999999999,ME2 BM2,17,0.000148311939511607,expanding_window
1953-06-30 23:59:59.999999999,ME3 BM1,18,0.00011627239990946698,expanding_window
1953-06-30 23:59:59.999999999,SMALL LoBM,19,7.938826175022594e-05,expanding_window
1953-06-30 23:59:59.999999999,ME2 BM1,20,5.258291508347397e-05,expanding_window
1953-06-30 23:59:59.999999999,ME1 BM3,21,4.445810305704807e-05,expanding_window
1953-06-30 23:59:59.999999999,ME3 BM4,22,3.7243102747976206e-05,expanding_window
1953-06-30 23:59:59.999999999,ME4 BM4,23,-5.097188981283032e-05,expanding_window
1953-06-30 23:59:59.999999999,ME5 BM2,24,-7.682313280768033e-05,expanding_window
1953-06-30 23:59:59.999999999,ME1 BM2,25,-0.000337319338577267,expanding_window
1954-06-30 23:59:59.999999999,ME2 BM5,1,0.001105548793979028,expanding_window
1954-06-30 23:59:59.999999999,ME3 BM2,2,0.0010900633665926244,expanding_window
1954-06-30 23:59:59.999999999,SMALL HiBM,3,0.0010162311265033749,expanding_window
1954-06-30 23:59:59.999999999,ME2 BM4,4,0.0007197937521849092,expanding_window
1954-06-30 23:59:59.999999999,ME1 BM4,5,0.00065239102585479,expanding_window
1954-06-30 23:59:59.999999999,ME4 BM3,6,0.0006265347535904919,expanding_window
1954-06-30 23:59:59.999999999,ME4 BM2,7,0.0005674996442911378,expanding_window
1954-06-30 23:59:59.999999999,ME3 BM3,8,0.0005634256696867982,expanding_window
1954-06-30 23:59:59.999999999,ME3 BM5,9,0.0004895328713418373,expanding_window
1954-06-30 23:59:59.999999999,ME2 BM3,10,0.0004880316582622448,expanding_window
1954-06-30 23:59:59.999999999,ME5 BM3,11,0.00044450954180186563,expanding_window
1954-06-30 23:59:59.999999999,ME4 BM1,12,0.00044167340284691095,expanding_window
1954-06-30 23:59:59.999999999,ME5 BM4,13,0.00037348852251866413,expanding_window
1954-06-30 23:59:59.999999999,ME4 BM5,14,0.00034940777244044617,expanding_window
1954-06-30 23:59:59.999999999,BIG LoBM,15,0.00025664335646186136,expanding_window
1954-06-30 23:59:59.999999999,BIG HiBM,16,0.00016071979868361027,expanding_window
1954-06-30 23:59:59.999999999,ME3 BM1,17,0.00015665952788582898,expanding_window
1954-06-30 23:59:59.999999999,ME3 BM4,18,4.1339153177120556e-05,expanding_window
1954-06-30 23:59:59.999999999,ME2 BM2,19,2.5045593901649337e-05,expanding_window
1954-06-30 23:59:59.999999999,SMALL LoBM,20,-2.3801652681032536e-06,expanding_window
1954-06-30 23:59:59.999999999,ME2 BM1,21,-1.67249538308095e-05,expanding_window
1954-06-30 23:59:59.999999999,ME1 BM3,22,-2.0512186494550146e-05,expanding_window
1954-06-30 23:59:59.999999999,ME4 BM4,23,-3.0368328946170776e-05,expanding_window
1954-06-30 23:59:59.999999999,ME5 BM2,24,-0.00017276552456080047,expanding_window
1954-06-30 23:59:59.999999999,ME1 BM2,25,-0.00041174832114111704,expanding_window
1955-06-30 23:59:59.999999999,ME3 BM2,1,0.0010661460824780786,expanding_window
1955-06-30 23:59:59.999999999,SMALL HiBM,2,0.0010253531523060251,expanding_window
1955-06-30 23:59:59.999999999,ME2 BM5,3,0.0010143043508311547,expanding_window
1955-06-30 23:59:59.999999999,ME2 BM4,4,0.0007025713536537259,expanding_window
1955-06-30 23:59:59.999999999,ME1 BM4,5,0.0006899267976703509,expanding_window
1955-06-30 23:59:59.999999999,ME4 BM3,6,0.0005228889253944102,expanding_window
1955-06-30 23:59:59.999999999,ME3 BM3,7,0.0005181889925663971,expanding_window
1955-06-30 23:59:59.999999999,ME4 BM2,8,0.0004970366782370802,expanding_window
1955-06-30 23:59:59.999999999,ME3 BM5,9,0.00039859373145278754,expanding_window
1955-06-30 23:59:59.999999999,ME2 BM3,10,0.00037666120730153665,expanding_window
1955-06-30 23:59:59.999999999,ME4 BM1,11,0.00037047042506980923,expanding_window
1955-06-30 23:59:59.999999999,ME5 BM4,12,0.000357539971276142,expanding_window
1955-06-30 23:59:59.999999999,ME5 BM3,13,0.000355940530801125,expanding_window
1955-06-30 23:59:59.999999999,BIG LoBM,14,0.000304769252694965,expanding_window
1955-06-30 23:59:59.999999999,ME4 BM5,15,0.0002698424342550869,expanding_window
1955-06-30 23:59:59.999999999,BIG HiBM,16,0.00010538975937594551,expanding_window
1955-06-30 23:59:59.999999999,ME3 BM1,17,9.717578434870373e-05,expanding_window
1955-06-30 23:59:59.999999999,ME3 BM4,18,2.0814209081600958e-05,expanding_window
1955-06-30 23:59:59.999999999,ME2 BM2,19,-2.866827047129085e-05,expanding_window
1955-06-30 23:59:59.999999999,ME4 BM4,20,-6.34219456419587e-05,expanding_window
1955-06-30 23:59:59.999999999,SMALL LoBM,21,-8.456267655153956e-05,expanding_window
1955-06-30 23:59:59.999999999,ME2 BM1,22,-0.00011985241903637585,expanding_window
1955-06-30 23:59:59.999999999,ME1 BM3,23,-0.00015097477412682824,expanding_window
1955-06-30 23:59:59.999999999,ME5 BM2,24,-0.0002740807382053352,expanding_window
1955-06-30 23:59:59.999999999,ME1 BM2,25,-0.0004634741113814598,expanding_window
1956-06-30 23:59:59.999999999,ME2 BM5,1,0.0010232366329794163,expanding_window
1956-06-30 23:59:59.999999999,SMALL HiBM,2,0.0008982179811748063,expanding_window
1956-06-30 23:59:59.999999999,ME3 BM2,3,0.0008750475591699675,expanding_window
1956-06-30 23:59:59.999999999,ME1 BM4,4,0.0006483214822016637,expanding_window
1956-06-30 23:59:59.999999999,ME2 BM4,5,0.0005855542958149888,expanding_window
1956-06-30 23:59:59.999999999,ME3 BM3,6,0.00044273763933810526,expanding_window
1956-06-30 23:59:59.999999999,ME4 BM2,7,0.0004193633530886722,expanding_window
1956-06-30 23:59:59.999999999,ME4 BM3,8,0.0003903646222523649,expanding_window
1956-06-30 23:59:59.999999999,ME5 BM4,9,0.00031847013443981904,expanding_window
1956-06-30 23:59:59.999999999,ME5 BM3,10,0.0003149962101920002,expanding_window
1956-06-30 23:59:59.999999999,ME2 BM3,11,0.0003138112993403787,expanding_window
1956-06-30 23:59:59.999999999,ME3 BM5,12,0.0002928544798605088,expanding_window
1956-06-30 23:59:59.999999999,ME4 BM1,13,0.00028559679717975883,expanding_window
1956-06-30 23:59:59.999999999,BIG LoBM,14,0.00026575443718949683,expanding_window
1956-06-30 23:59:59.999999999,ME4 BM5,15,0.00014174767119237233,expanding_window
1956-06-30 23:59:59.999999999,ME3 BM1,16,0.00011213085321149833,expanding_window
1956-06-30 23:59:59.999999999,BIG HiBM,17,0.00010286398055214831,expanding_window
1956-06-30 23:59:59.999999999,ME3 BM4,18,7.597502351231852e-05,expanding_window
1956-06-30 23:59:59.999999999,ME2 BM2,19,-6.216409018171452e-05,expanding_window
1956-06-30 23:59:59.999999999,SMALL LoBM,20,-0.00012092813277703626,expanding_window
1956-06-30 23:59:59.999999999,ME4 BM4,21,-0.00012410626394413466,expanding_window
1956-06-30 23:59:59.999999999,ME1 BM3,22,-0.00023313273334980798,expanding_window
1956-06-30 23:59:59.999999999,ME5 BM2,23,-0.0002491894595303515,expanding_window
1956-06-30 23:59:59.999999999,ME2 BM1,24,-0.0002973093559688071,expanding_window
1956-06-30 23:59:59.999999999,ME1 BM2,25,-0.00047078350532248374,expanding_window
1957-06-30 23:59:59.999999999,ME2 BM5,1,0.0011654958556312329,expanding_window
1957-06-30 23:59:59.999999999,SMALL HiBM,2,0.0010226041660629944,expanding_window
1957-06-30 23:59:59.999999999,ME3 BM2,3,0.0009015834938543128,expanding_window
1957-06-30 23:59:59.999999999,ME1 BM4,4,0.0006619108035168557,expanding_window
1957-06-30 23:59:59.999999999,ME2 BM4,5,0.0005517683233282345,expanding_window
1957-06-30 23:59:59.999999999,ME3 BM3,6,0.0004559594124621009,expanding_window
1957-06-30 23:59:59.999999999,ME4 BM3,7,0.0003960395964342965,expanding_window
1957-06-30 23:59:59.999999999,ME4 BM2,8,0.0003842770277803181,expanding_window
1957-06-30 23:59:59.999999999,ME5 BM3,9,0.0003472454696708836,expanding_window
1957-06-30 23:59:59.999999999,BIG LoBM,10,0.00030889605481713197,expanding_window
1957-06-30 23:59:59.999999999,ME4 BM1,11,0.00030622291920438035,expanding_window
1957-06-30 23:59:59.999999999,ME2 BM3,12,0.000305114036644036,expanding_window
1957-06-30 23:59:59.999999999,ME5 BM4,13,0.0002952244643993603,expanding_window
1957-06-30 23:59:59.999999999,ME3 BM5,14,0.00022741623264901272,expanding_window
1957-06-30 23:59:59.999999999,ME4 BM5,15,0.00011242262208861962,expanding_window
1957-06-30 23:59:59.999999999,ME3 BM1,16,8.0500297714741e-05,expanding_window
1957-06-30 23:59:59.999999999,BIG HiBM,17,6.475424951871465e-05,expanding_window
1957-06-30 23:59:59.999999999,ME3 BM4,18,2.927985156149233e-05,expanding_window
1957-06-30 23:59:59.999999999,ME2 BM2,19,-0.00010431892486199981,expanding_window
1957-06-30 23:59:59.999999999,ME4 BM4,20,-0.00017809927015380837,expanding_window
1957-06-30 23:59:59.999999999,SMALL LoBM,21,-0.00023281066977727787,expanding_window
1957-06-30 23:59:59.999999999,ME5 BM2,22,-0.00027762875212807714,expanding_window
1957-06-30 23:59:59.999999999,ME1 BM3,23,-0.0003325814751998923,expanding_window
1957-06-30 23:59:59.999999999,ME2 BM1,24,-0.0004080262058269646,expanding_window
1957-06-30 23:59:59.999999999,ME1 BM2,25,-0.0006705649386039142,expanding_window
1958-06-30 23:59:59.999999999,ME2 BM5,1,0.0012444765071007908,expanding_window
1958-06-30 23:59:59.999999999,SMALL HiBM,2,0.0010709186996140303,expanding_window
1958-06-30 23:59:59.999999999,ME3 BM2,3,0.0009358673358133085,expanding_window
1958-06-30 23:59:59.999999999,ME1 BM4,4,0.0006984093189174214,expanding_window
1958-06-30 23:59:59.999999999,ME4 BM3,5,0.0005799558397720248,expanding_window
1958-06-30 23:59:59.999999999,ME5 BM3,6,0.0005062912962704029,expanding_window
1958-06-30 23:59:59.999999999,ME4 BM2,7,0.00047470546945482453,expanding_window
1958-06-30 23:59:59.999999999,ME3 BM3,8,0.00047219993825639193,expanding_window
1958-06-30 23:59:59.999999999,ME2 BM3,9,0.00043963553018973615,expanding_window
1958-06-30 23:59:59.999999999,ME4 BM1,10,0.0004202193195398994,expanding_window
1958-06-30 23:59:59.999999999,ME3 BM5,11,0.0003985561126493487,expanding_window
1958-06-30 23:59:59.999999999,ME2 BM4,12,0.0003977006116154153,expanding_window
1958-06-30 23:59:59.999999999,BIG LoBM,13,0.00022717421221122588,expanding_window
1958-06-30 23:59:59.999999999,ME3 BM1,14,0.00013951007314316502,expanding_window
1958-06-30 23:59:59.999999999,ME4 BM5,15,0.00011800466801592977,expanding_window
1958-06-30 23:59:59.999999999,ME5 BM4,16,0.00011092797278169515,expanding_window
1958-06-30 23:59:59.999999999,BIG HiBM,17,6.266930996699067e-05,expanding_window
1958-06-30 23:59:59.999999999,ME2 BM2,18,6.649145438622283e-06,expanding_window
1958-06-30 23:59:59.999999999,ME3 BM4,19,-1.3411532917724853e-05,expanding_window
1958-06-30 23:59:59.999999999,SMALL LoBM,20,-0.0002271951842944987,expanding_window
1958-06-30 23:59:59.999999999,ME5 BM2,21,-0.00023601821839305183,expanding_window
1958-06-30 23:59:59.999999999,ME4 BM4,22,-0.0002481779503916597,expanding_window
1958-06-30 23:59:59.999999999,ME1 BM3,23,-0.00034335442572361406,expanding_window
1958-06-30 23:59:59.999999999,ME2 BM1,24,-0.0004135455061661952,expanding_window
1958-06-30 23:59:59.999999999,ME1 BM2,25,-0.0007526429820716127,expanding_window
1959-06-30 23:59:59.999999999,ME2 BM5,1,0.0013414044490720465,expanding_window
1959-06-30 23:59:59.999999999,SMALL HiBM,2,0.0010801584379242848,expanding_window
1959-06-30 23:59:59.999999999,ME3 BM2,3,0.0009389989177610313,expanding_window
1959-06-30 23:59:59.999999999,ME4 BM3,4,0.0007059699571274091,expanding_window
1959-06-30 23:59:59.999999999,ME1 BM4,5,0.0005928268283946177,expanding_window
1959-06-30 23:59:59.999999999,ME5 BM3,6,0.0005592766176811858,expanding_window
1959-06-30 23:59:59.999999999,ME3 BM3,7,0.0004914929499712757,expanding_window
1959-06-30 23:59:59.999999999,ME4 BM1,8,0.00044115516840084057,expanding_window
1959-06-30 23:59:59.999999999,ME3 BM5,9,0.00041189080146603366,expanding_window
1959-06-30 23:59:59.999999999,ME2 BM4,10,0.00037377882763285863,expanding_window
1959-06-30 23:59:59.999999999,ME2 BM3,11,0.0003609408497988373,expanding_window
1959-06-30 23:59:59.999999999,ME4 BM2,12,0.0003386343905559528,expanding_window
1959-06-30 23:59:59.999999999,BIG LoBM,13,0.0002718244079032272,expanding_window
1959-06-30 23:59:59.999999999,ME3 BM4,14,0.0002305478321737139,expanding_window
1959-06-30 23:59:59.999999999,ME4 BM5,15,0.00012397408070149893,expanding_window
1959-06-30 23:59:59.999999999,BIG HiBM,16,0.00010026153319751623,expanding_window
1959-06-30 23:59:59.999999999,ME3 BM1,17,8.930097683191427e-05,expanding_window
1959-06-30 23:59:59.999999999,ME2 BM2,18,7.216700565210152e-05,expanding_window
1959-06-30 23:59:59.999999999,ME5 BM4,19,-4.4178546627543654e-05,expanding_window
1959-06-30 23:59:59.999999999,ME4 BM4,20,-0.00022480721322145925,expanding_window
1959-06-30 23:59:59.999999999,SMALL LoBM,21,-0.0002349102958939484,expanding_window
1959-06-30 23:59:59.999999999,ME1 BM3,22,-0.00027736650319002635,expanding_window
1959-06-30 23:59:59.999999999,ME2 BM1,23,-0.0002890910086758481,expanding_window
1959-06-30 23:59:59.999999999,ME5 BM2,24,-0.000373020026991228,expanding_window
1959-06-30 23:59:59.999999999,ME1 BM2,25,-0.0007232993805012907,expanding_window
1960-06-30 23:59:59.999999999,ME2 BM5,1,0.0015523904241497657,expanding_window
1960-06-30 23:59:59.999999999,SMALL HiBM,2,0.0012524398958895912,expanding_window
1960-06-30 23:59:59.999999999,ME3 BM2,3,0.0010244348917057668,expanding_window
1960-06-30 23:59:59.999999999,ME5 BM3,4,0.0007314596386449351,expanding_window
1960-06-30 23:59:59.999999999,ME4 BM3,5,0.0006337900307334899,expanding_window
1960-06-30 23:59:59.999999999,ME1 BM4,6,0.0005599195939527692,expanding_window
1960-06-30 23:59:59.999999999,ME3 BM3,7,0.0005238445630068459,expanding_window
1960-06-30 23:59:59.999999999,ME4 BM1,8,0.00047042965479036,expanding_window
1960-06-30 23:59:59.999999999,ME2 BM3,9,0.0003722272970924695,expanding_window
1960-06-30 23:59:59.999999999,BIG LoBM,10,0.0003453588512136402,expanding_window
1960-06-30 23:59:59.999999999,ME4 BM2,11,0.00033743873936281036,expanding_window
1960-06-30 23:59:59.999999999,ME2 BM4,12,0.0003199273918991814,expanding_window
1960-06-30 23:59:59.999999999,ME3 BM4,13,0.00031085694464155647,expanding_window
1960-06-30 23:59:59.999999999,ME3 BM5,14,0.00021328774922552108,expanding_window
1960-06-30 23:59:59.999999999,ME3 BM1,15,4.067437059547581e-05,expanding_window
1960-06-30 23:59:59.999999999,ME4 BM5,16,1.3426628972248284e-05,expanding_window
1960-06-30 23:59:59.999999999,BIG HiBM,17,-1.0973163455830717e-05,expanding_window
1960-06-30 23:59:59.999999999,ME2 BM2,18,-6.365368236669843e-05,expanding_window
1960-06-30 23:59:59.999999999,ME4 BM4,19,-0.0003170962080552717,expanding_window
1960-06-30 23:59:59.999999999,ME5 BM4,20,-0.0003597674469070526,expanding_window
1960-06-30 23:59:59.999999999,ME2 BM1,21,-0.00046713190093330276,expanding_window
1960-06-30 23:59:59.999999999,ME1 BM3,22,-0.000492815445491071,expanding_window
1960-06-30 23:59:59.999999999,SMALL LoBM,23,-0.000500431796215875,expanding_window
1960-06-30 23:59:59.999999999,ME5 BM2,24,-0.0005766117901666643,expanding_window
1960-06-30 23:59:59.999999999,ME1 BM2,25,-0.00110301531955676,expanding_window
1961-06-30 23:59:59.999999999,ME2 BM5,1,0.001640822453316783,expanding_window
1961-06-30 23:59:59.999999999,SMALL HiBM,2,0.0011579372161906278,expanding_window
1961-06-30 23:59:59.999999999,ME3 BM2,3,0.0010437298328623077,expanding_window
1961-06-30 23:59:59.999999999,ME5 BM3,4,0.0007855716624769157,expanding_window
1961-06-30 23:59:59.999999999,ME4 BM3,5,0.0006191350164063032,expanding_window
1961-06-30 23:59:59.999999999,ME4 BM1,6,0.0005825946829638904,expanding_window
1961-06-30 23:59:59.999999999,ME1 BM4,7,0.000524794909543166,expanding_window
1961-06-30 23:59:59.999999999,ME3 BM3,8,0.00046260584895480873,expanding_window
1961-06-30 23:59:59.999999999,ME2 BM3,9,0.0003774194682506423,expanding_window
1961-06-30 23:59:59.999999999,ME4 BM2,10,0.00035243602810454617,expanding_window
1961-06-30 23:59:59.999999999,ME2 BM4,11,0.00035052591458541383,expanding_window
1961-06-30 23:59:59.999999999,ME3 BM4,12,0.0003306550680997856,expanding_window
1961-06-30 23:59:59.999999999,BIG LoBM,13,0.0002819988727253703,expanding_window
1961-06-30 23:59:59.999999999,ME3 BM5,14,7.939394363035565e-05,expanding_window
1961-06-30 23:59:59.999999999,ME3 BM1,15,5.237748935929705e-05,expanding_window
1961-06-30 23:59:59.999999999,ME2 BM2,16,-5.26284413961857e-05,expanding_window
1961-06-30 23:59:59.999999999,BIG HiBM,17,-9.963768485090656e-05,expanding_window
1961-06-30 23:59:59.999999999,ME4 BM5,18,-0.00015767440014243528,expanding_window
1961-06-30 23:59:59.999999999,ME4 BM4,19,-0.0001980202359667314,expanding_window
1961-06-30 23:59:59.999999999,ME2 BM1,20,-0.0005131371005670602,expanding_window
1961-06-30 23:59:59.999999999,ME5 BM4,21,-0.0005183343711409672,expanding_window
1961-06-30 23:59:59.999999999,ME5 BM2,22,-0.0005903436122476792,expanding_window
1961-06-30 23:59:59.999999999,ME1 BM3,23,-0.0005923740485007904,expanding_window
1961-06-30 23:59:59.999999999,SMALL LoBM,24,-0.0006049121099288841,expanding_window
1961-06-30 23:59:59.999999999,ME1 BM2,25,-0.0011884008247919169,expanding_window
1962-06-30 23:59:59.999999999,ME2 BM5,1,0.0015545382081594728,expanding_window
1962-06-30 23:59:59.999999999,ME3 BM2,2,0.0012233933483675043,expanding_window
1962-06-30 23:59:59.999999999,SMALL HiBM,3,0.0010868962918321144,expanding_window
1962-06-30 23:59:59.999999999,ME1 BM4,4,0.0007935979871831106,expanding_window
1962-06-30 23:59:59.999999999,ME5 BM3,5,0.0007379815959419931,expanding_window
1962-06-30 23:59:59.999999999,ME4 BM3,6,0.0006908447610484904,expanding_window
1962-06-30 23:59:59.999999999,ME2 BM4,7,0.0005613305064869388,expanding_window
1962-06-30 23:59:59.999999999,ME4 BM2,8,0.00034845737485055277,expanding_window
1962-06-30 23:59:59.999999999,ME2 BM3,9,0.00032409271246830283,expanding_window
1962-06-30 23:59:59.999999999,ME4 BM1,10,0.00025451630771984764,expanding_window
1962-06-30 23:59:59.999999999,ME3 BM4,11,0.0002336640971446528,expanding_window
1962-06-30 23:59:59.999999999,ME3 BM3,12,0.0001252607209604002,expanding_window
1962-06-30 23:59:59.999999999,BIG LoBM,13,9.862448696909556e-05,expanding_window
1962-06-30 23:59:59.999999999,ME3 BM5,14,5.4638647944811846e-05,expanding_window
1962-06-30 23:59:59.999999999,ME2 BM2,15,3.214850874978822e-05,expanding_window
1962-06-30 23:59:59.999999999,ME3 BM1,16,3.481123912389033e-06,expanding_window
1962-06-30 23:59:59.999999999,ME4 BM5,17,-0.0001166398279022823,expanding_window
1962-06-30 23:59:59.999999999,BIG HiBM,18,-0.00015239819075676465,expanding_window
1962-06-30 23:59:59.999999999,ME4 BM4,19,-0.00027833114401190347,expanding_window
1962-06-30 23:59:59.999999999,ME5 BM2,20,-0.0003578076841939162,expanding_window
1962-06-30 23:59:59.999999999,ME1 BM3,21,-0.000493625844057919,expanding_window
1962-06-30 23:59:59.999999999,ME5 BM4,22,-0.0005360430702412378,expanding_window
1962-06-30 23:59:59.999999999,SMALL LoBM,23,-0.0005488004746221396,expanding_window
1962-06-30 23:59:59.999999999,ME2 BM1,24,-0.0007330450343664975,expanding_window
1962-06-30 23:59:59.999999999,ME1 BM2,25,-0.001081421978981376,expanding_window
1963-06-30 23:59:59.999999999,ME2 BM5,1,0.0014918666367987608,expanding_window
1963-06-30 23:59:59.999999999,SMALL HiBM,2,0.0011952176855415902,expanding_window
1963-06-30 23:59:59.999999999,ME3 BM2,3,0.001159039142811348,expanding_window
1963-06-30 23:59:59.999999999,ME1 BM4,4,0.0007939436729514822,expanding_window
1963-06-30 23:59:59.999999999,ME5 BM3,5,0.0006736919681729218,expanding_window
1963-06-30 23:59:59.999999999,ME4 BM3,6,0.0006575397918085792,expanding_window
1963-06-30 23:59:59.999999999,ME2 BM4,7,0.000569256779932996,expanding_window
1963-06-30 23:59:59.999999999,ME4 BM2,8,0.0002621758035434478,expanding_window
1963-06-30 23:59:59.999999999,BIG LoBM,9,0.00018088332825152623,expanding_window
1963-06-30 23:59:59.999999999,ME2 BM3,10,0.00017229325690689963,expanding_window
1963-06-30 23:59:59.999999999,ME4 BM1,11,0.00016161284310532085,expanding_window
1963-06-30 23:59:59.999999999,ME3 BM4,12,0.0001112404392342683,expanding_window
1963-06-30 23:59:59.999999999,ME3 BM3,13,5.091604256009248e-05,expanding_window
1963-06-30 23:59:59.999999999,ME3 BM5,14,-4.954140696946979e-07,expanding_window
1963-06-30 23:59:59.999999999,ME2 BM2,15,-3.518872286928997e-06,expanding_window
1963-06-30 23:59:59.999999999,ME3 BM1,16,-8.58836408815822e-05,expanding_window
1963-06-30 23:59:59.999999999,ME4 BM5,17,-0.00014902320524666425,expanding_window
1963-06-30 23:59:59.999999999,BIG HiBM,18,-0.00029654798080775536,expanding_window
1963-06-30 23:59:59.999999999,ME4 BM4,19,-0.00032096868485232425,expanding_window
1963-06-30 23:59:59.999999999,ME5 BM2,20,-0.00040511963764369605,expanding_window
1963-06-30 23:59:59.999999999,SMALL LoBM,21,-0.0005997991861433528,expanding_window
1963-06-30 23:59:59.999999999,ME1 BM3,22,-0.0006040407755187494,expanding_window
1963-06-30 23:59:59.999999999,ME5 BM4,23,-0.0007403633803534437,expanding_window
1963-06-30 23:59:59.999999999,ME2 BM1,24,-0.0007601077500924531,expanding_window
1963-06-30 23:59:59.999999999,ME1 BM2,25,-0.001198559414404306,expanding_window
1964-06-30 23:59:59.999999999,ME2 BM5,1,0.0015603682091215854,expanding_window
1964-06-30 23:59:59.999999999,SMALL HiBM,2,0.0012430940702953012,expanding_window
1964-06-30 23:59:59.999999999,ME3 BM2,3,0.0011188174729452659,expanding_window
1964-06-30 23:59:59.999999999,ME1 BM4,4,0.0007617375723750724,expanding_window
1964-06-30 23:59:59.999999999,ME4 BM3,5,0.0006477927308712511,expanding_window
1964-06-30 23:59:59.999999999,ME2 BM4,6,0.0005710427125283241,expanding_window
1964-06-30 23:59:59.999999999,ME5 BM3,7,0.0005625455985406691,expanding_window
1964-06-30 23:59:59.999999999,BIG LoBM,8,0.0002604515221200537,expanding_window
1964-06-30 23:59:59.999999999,ME2 BM3,9,0.000234373428256094,expanding_window
1964-06-30 23:59:59.999999999,ME4 BM2,10,0.00022101895932074325,expanding_window
1964-06-30 23:59:59.999999999,ME3 BM4,11,0.00010997993791047574,expanding_window
1964-06-30 23:59:59.999999999,ME3 BM3,12,4.5053196964171986e-05,expanding_window
1964-06-30 23:59:59.999999999,ME4 BM1,13,3.6654600814991195e-05,expanding_window
1964-06-30 23:59:59.999999999,ME2 BM2,14,-6.703606178402024e-05,expanding_window
1964-06-30 23:59:59.999999999,ME3 BM5,15,-0.00012829749243159028,expanding_window
1964-06-30 23:59:59.999999999,ME4 BM4,16,-0.00017039401942900635,expanding_window
1964-06-30 23:59:59.999999999,ME4 BM5,17,-0.0002149453314022345,expanding_window
1964-06-30 23:59:59.999999999,ME3 BM1,18,-0.00026858849295518817,expanding_window
1964-06-30 23:59:59.999999999,ME5 BM2,19,-0.0003985488121306344,expanding_window
1964-06-30 23:59:59.999999999,BIG HiBM,20,-0.00042034581441601854,expanding_window
1964-06-30 23:59:59.999999999,SMALL LoBM,21,-0.0006883559780127604,expanding_window
1964-06-30 23:59:59.999999999,ME1 BM3,22,-0.0006931393204083797,expanding_window
1964-06-30 23:59:59.999999999,ME5 BM4,23,-0.000795360103804574,expanding_window
1964-06-30 23:59:59.999999999,ME2 BM1,24,-0.0008346977533178154,expanding_window
1964-06-30 23:59:59.999999999,ME1 BM2,25,-0.0012710228179039715,expanding_window
1965-06-30 23:59:59.999999999,ME2 BM5,1,0.0015839939483645218,expanding_window
1965-06-30 23:59:59.999999999,SMALL HiBM,2,0.001379090825315497,expanding_window
1965-06-30 23:59:59.999999999,ME3 BM2,3,0.0011540877345069202,expanding_window
1965-06-30 23:59:59.999999999,ME1 BM4,4,0.0007445459938614386,expanding_window
1965-06-30 23:59:59.999999999,ME4 BM3,5,0.0006570092773645477,expanding_window
1965-06-30 23:59:59.999999999,ME5 BM3,6,0.0005858870790235784,expanding_window
1965-06-30 23:59:59.999999999,ME2 BM4,7,0.0005062278471374905,expanding_window
1965-06-30 23:59:59.999999999,ME4 BM2,8,0.0003082197440918278,expanding_window
1965-06-30 23:59:59.999999999,BIG LoBM,9,0.00030179626221702425,expanding_window
1965-06-30 23:59:59.999999999,ME2 BM3,10,0.00021439938206441143,expanding_window
1965-06-30 23:59:59.999999999,ME3 BM4,11,9.432057048737794e-05,expanding_window
1965-06-30 23:59:59.999999999,ME3 BM3,12,5.7719742829940755e-05,expanding_window
1965-06-30 23:59:59.999999999,ME4 BM1,13,5.1403332155869496e-05,expanding_window
1965-06-30 23:59:59.999999999,ME3 BM5,14,-0.00014629311529955433,expanding_window
1965-06-30 23:59:59.999999999,ME4 BM4,15,-0.00015359801038782592,expanding_window
1965-06-30 23:59:59.999999999,ME2 BM2,16,-0.0001707674080389828,expanding_window
1965-06-30 23:59:59.999999999,ME3 BM1,17,-0.0002997639768477589,expanding_window
1965-06-30 23:59:59.999999999,ME4 BM5,18,-0.00030818074081071217,expanding_window
1965-06-30 23:59:59.999999999,ME5 BM2,19,-0.00045582618940040784,expanding_window
1965-06-30 23:59:59.999999999,BIG HiBM,20,-0.0005225519739930184,expanding_window
1965-06-30 23:59:59.999999999,ME1 BM3,21,-0.0007332652470681439,expanding_window
1965-06-30 23:59:59.999999999,SMALL LoBM,22,-0.0008242448242710878,expanding_window
1965-06-30 23:59:59.999999999,ME5 BM4,23,-0.0008942072514917462,expanding_window
1965-06-30 23:59:59.999999999,ME2 BM1,24,-0.0009613001408984108,expanding_window
1965-06-30 23:59:59.999999999,ME1 BM2,25,-0.0014873671241173248,expanding_window
1966-06-30 23:59:59.999999999,ME2 BM5,1,0.001684970956884834,expanding_window
1966-06-30 23:59:59.999999999,SMALL HiBM,2,0.0013459501185709663,expanding_window
1966-06-30 23:59:59.999999999,ME3 BM2,3,0.0010336448123083293,expanding_window
1966-06-30 23:59:59.999999999,ME1 BM4,4,0.0006572356510764862,expanding_window
1966-06-30 23:59:59.999999999,ME4 BM3,5,0.0006545693550940053,expanding_window
1966-06-30 23:59:59.999999999,ME5 BM3,6,0.0006442948988010494,expanding_window
1966-06-30 23:59:59.999999999,ME4 BM2,7,0.00034670066569272666,expanding_window
1966-06-30 23:59:59.999999999,BIG LoBM,8,0.00033243150311656913,expanding_window
1966-06-30 23:59:59.999999999,ME3 BM3,9,0.0002952504606060993,expanding_window
1966-06-30 23:59:59.999999999,ME2 BM4,10,0.00026365620371935814,expanding_window
1966-06-30 23:59:59.999999999,ME4 BM1,11,0.000183052748700582,expanding_window
1966-06-30 23:59:59.999999999,ME2 BM3,12,2.56833316069138e-05,expanding_window
1966-06-30 23:59:59.999999999,ME3 BM4,13,-2.7397545362720643e-05,expanding_window
1966-06-30 23:59:59.999999999,ME4 BM4,14,-0.00015111341842964792,expanding_window
1966-06-30 23:59:59.999999999,ME2 BM2,15,-0.000236250448274489,expanding_window
1966-06-30 23:59:59.999999999,ME3 BM5,16,-0.00027335740465015004,expanding_window
1966-06-30 23:59:59.999999999,ME4 BM5,17,-0.0003507702829545839,expanding_window
1966-06-30 23:59:59.999999999,ME3 BM1,18,-0.0004507399394872531,expanding_window
1966-06-30 23:59:59.999999999,BIG HiBM,19,-0.0005826165615419141,expanding_window
1966-06-30 23:59:59.999999999,ME5 BM2,20,-0.0006821229962614706,expanding_window
1966-06-30 23:59:59.999999999,ME5 BM4,21,-0.0009194615767136251,expanding_window
1966-06-30 23:59:59.999999999,ME1 BM3,22,-0.0009787227282068841,expanding_window
1966-06-30 23:59:59.999999999,SMALL LoBM,23,-0.0010105065214239455,expanding_window
1966-06-30 23:59:59.999999999,ME2 BM1,24,-0.0011495097030560857,expanding_window
1966-06-30 23:59:59.999999999,ME1 BM2,25,-0.0018266300873152693,expanding_window
1967-06-30 23:59:59.999999999,ME2 BM5,1,0.0015390697978938143,expanding_window
1967-06-30 23:59:59.999999999,SMALL HiBM,2,0.0011626642635001645,expanding_window
1967-06-30 23:59:59.999999999,ME3 BM2,3,0.001005519003380941,expanding_window
1967-06-30 23:59:59.999999999,ME1 BM4,4,0.0006117325322761949,expanding_window
1967-06-30 23:59:59.999999999,ME5 BM3,5,0.0005476051296409476,expanding_window
1967-06-30 23:59:59.999999999,ME4 BM3,6,0.0004910719687082942,expanding_window
1967-06-30 23:59:59.999999999,ME4 BM1,7,0.00037758240272745897,expanding_window
1967-06-30 23:59:59.999999999,BIG LoBM,8,0.00027938023915119844,expanding_window
1967-06-30 23:59:59.999999999,ME3 BM3,9,0.0002569549107561766,expanding_window
1967-06-30 23:59:59.999999999,ME4 BM2,10,0.00023645437241296476,expanding_window
1967-06-30 23:59:59.999999999,ME3 BM4,11,0.00016881832137597173,expanding_window
1967-06-30 23:59:59.999999999,ME2 BM4,12,0.00014964260864271556,expanding_window
1967-06-30 23:59:59.999999999,ME2 BM3,13,8.021574395137737e-05,expanding_window
1967-06-30 23:59:59.999999999,ME4 BM4,14,-1.8376584250020232e-06,expanding_window
1967-06-30 23:59:59.999999999,ME2 BM2,15,-0.00018859207667669018,expanding_window
1967-06-30 23:59:59.999999999,ME4 BM5,16,-0.00032810528510829996,expanding_window
1967-06-30 23:59:59.999999999,ME3 BM5,17,-0.0004815023414129716,expanding_window
1967-06-30 23:59:59.999999999,ME3 BM1,18,-0.000494552817091443,expanding_window
1967-06-30 23:59:59.999999999,BIG HiBM,19,-0.0005404993678550161,expanding_window
1967-06-30 23:59:59.999999999,ME5 BM2,20,-0.0007850017668697903,expanding_window
1967-06-30 23:59:59.999999999,ME5 BM4,21,-0.00084963811084007,expanding_window
1967-06-30 23:59:59.999999999,SMALL LoBM,22,-0.0009448247910782879,expanding_window
1967-06-30 23:59:59.999999999,ME1 BM3,23,-0.0010159366929484708,expanding_window
1967-06-30 23:59:59.999999999,ME2 BM1,24,-0.0012119755782946913,expanding_window
1967-06-30 23:59:59.999999999,ME1 BM2,25,-0.001773402827486799,expanding_window
1968-06-30 23:59:59.999999999,ME2 BM5,1,0.0013061598765313678,expanding_window
1968-06-30 23:59:59.999999999,SMALL HiBM,2,0.0010529631507351599,expanding_window
1968-06-30 23:59:59.999999999,ME3 BM2,3,0.0007664324353700716,expanding_window
1968-06-30 23:59:59.999999999,ME5 BM3,4,0.0005163344069209804,expanding_window
1968-06-30 23:59:59.999999999,ME1 BM4,5,0.00037125549848720943,expanding_window
1968-06-30 23:59:59.999999999,BIG LoBM,6,0.0003327426812559797,expanding_window
1968-06-30 23:59:59.999999999,ME4 BM3,7,0.00021154391212001438,expanding_window
1968-06-30 23:59:59.999999999,ME3 BM4,8,0.0001696310201579129,expanding_window
1968-06-30 23:59:59.999999999,ME2 BM3,9,0.00013885264664333858,expanding_window
1968-06-30 23:59:59.999999999,ME3 BM3,10,0.00011091917099063147,expanding_window
1968-06-30 23:59:59.999999999,ME4 BM1,11,9.963069681497263e-05,expanding_window
1968-06-30 23:59:59.999999999,ME4 BM2,12,-4.9846674255623865e-06,expanding_window
1968-06-30 23:59:59.999999999,ME4 BM4,13,-5.511061902228794e-06,expanding_window
1968-06-30 23:59:59.999999999,ME2 BM4,14,-2.237358868218038e-05,expanding_window
1968-06-30 23:59:59.999999999,ME3 BM5,15,-0.0004926800892563294,expanding_window
1968-06-30 23:59:59.999999999,ME2 BM2,16,-0.0005156862912986188,expanding_window
1968-06-30 23:59:59.999999999,ME4 BM5,17,-0.0005209714745317951,expanding_window
1968-06-30 23:59:59.999999999,BIG HiBM,18,-0.0005677527026766941,expanding_window
1968-06-30 23:59:59.999999999,ME3 BM1,19,-0.0008143687007688785,expanding_window
1968-06-30 23:59:59.999999999,ME5 BM2,20,-0.0009175702043132343,expanding_window
1968-06-30 23:59:59.999999999,ME5 BM4,21,-0.0009551329620351275,expanding_window
1968-06-30 23:59:59.999999999,ME1 BM3,22,-0.0010734747522153838,expanding_window
1968-06-30 23:59:59.999999999,SMALL LoBM,23,-0.0010905203433638406,expanding_window
1968-06-30 23:59:59.999999999,ME2 BM1,24,-0.0014117495088368963,expanding_window
1968-06-30 23:59:59.999999999,ME1 BM2,25,-0.001896697121021478,expanding_window
1969-06-30 23:59:59.999999999,ME2 BM5,1,0.0013407567129504227,expanding_window
1969-06-30 23:59:59.999999999,SMALL HiBM,2,0.000981013934086563,expanding_window
1969-06-30 23:59:59.999999999,ME3 BM2,3,0.0007126651366064791,expanding_window
1969-06-30 23:59:59.999999999,ME5 BM3,4,0.0005327391836867324,expanding_window
1969-06-30 23:59:59.999999999,BIG LoBM,5,0.00035737310668495153,expanding_window
1969-06-30 23:59:59.999999999,ME1 BM4,6,0.00035333890236394525,expanding_window
1969-06-30 23:59:59.999999999,ME3 BM4,7,0.00020594026214739992,expanding_window
1969-06-30 23:59:59.999999999,ME4 BM3,8,0.0001825613121852614,expanding_window
1969-06-30 23:59:59.999999999,ME2 BM3,9,0.0001629309744885056,expanding_window
1969-06-30 23:59:59.999999999,ME4 BM1,10,0.00013010320673260565,expanding_window
1969-06-30 23:59:59.999999999,ME3 BM3,11,8.13028607947063e-05,expanding_window
1969-06-30 23:59:59.999999999,ME4 BM4,12,-5.9016932599283774e-05,expanding_window
1969-06-30 23:59:59.999999999,ME2 BM4,13,-7.020900295584418e-05,expanding_window
1969-06-30 23:59:59.999999999,ME4 BM2,14,-0.0001368374801859489,expanding_window
1969-06-30 23:59:59.999999999,ME2 BM2,15,-0.0005416512493349444,expanding_window
1969-06-30 23:59:59.999999999,ME3 BM5,16,-0.0005424112128723871,expanding_window
1969-06-30 23:59:59.999999999,ME4 BM5,17,-0.0005756226788264136,expanding_window
1969-06-30 23:59:59.999999999,BIG HiBM,18,-0.000579575891163782,expanding_window
1969-06-30 23:59:59.999999999,ME5 BM2,19,-0.0008656790753945468,expanding_window
1969-06-30 23:59:59.999999999,ME3 BM1,20,-0.0008897122372059727,expanding_window
1969-06-30 23:59:59.999999999,ME5 BM4,21,-0.0009676070597704673,expanding_window
1969-06-30 23:59:59.999999999,ME1 BM3,22,-0.0010818760569856999,expanding_window
1969-06-30 23:59:59.999999999,SMALL LoBM,23,-0.0011544500954946049,expanding_window
1969-06-30 23:59:59.999999999,ME2 BM1,24,-0.0014952730003784905,expanding_window
1969-06-30 23:59:59.999999999,ME1 BM2,25,-0.0019026415537596179,expanding_window
1970-06-30 23:59:59.999999999,ME2 BM5,1,0.001484959928082325,expanding_window
1970-06-30 23:59:59.999999999,SMALL HiBM,2,0.0010981357822103296,expanding_window
1970-06-30 23:59:59.999999999,ME3 BM2,3,0.0007843358400935114,expanding_window
1970-06-30 23:59:59.999999999,ME5 BM3,4,0.0005284970480372985,expanding_window
1970-06-30 23:59:59.999999999,ME1 BM4,5,0.0005115520303197181,expanding_window
1970-06-30 23:59:59.999999999,BIG LoBM,6,0.0004755005358387428,expanding_window
1970-06-30 23:59:59.999999999,ME3 BM4,7,0.00044275985926465117,expanding_window
1970-06-30 23:59:59.999999999,ME4 BM1,8,0.0004052154744527753,expanding_window
1970-06-30 23:59:59.999999999,ME4 BM3,9,0.00036035393193217623,expanding_window
1970-06-30 23:59:59.999999999,ME2 BM3,10,0.00021721992734782786,expanding_window
1970-06-30 23:59:59.999999999,ME2 BM4,11,0.00014717998441666585,expanding_window
1970-06-30 23:59:59.999999999,ME4 BM4,12,0.00012184570976656609,expanding_window
1970-06-30 23:59:59.999999999,ME3 BM3,13,8.83161290963314e-05,expanding_window
1970-06-30 23:59:59.999999999,ME4 BM2,14,-0.00017921577070119382,expanding_window
1970-06-30 23:59:59.999999999,ME3 BM5,15,-0.00035167131680232,expanding_window
1970-06-30 23:59:59.999999999,ME2 BM2,16,-0.0005404418691535794,expanding_window
1970-06-30 23:59:59.999999999,ME4 BM5,17,-0.0005595426688043499,expanding_window
1970-06-30 23:59:59.999999999,BIG HiBM,18,-0.0005975968384393973,expanding_window
1970-06-30 23:59:59.999999999,ME5 BM2,19,-0.0007139908917199382,expanding_window
1970-06-30 23:59:59.999999999,ME3 BM1,20,-0.0007225475314825852,expanding_window
1970-06-30 23:59:59.999999999,ME1 BM3,21,-0.000921937099461898,expanding_window
1970-06-30 23:59:59.999999999,ME5 BM4,22,-0.0009613377645108273,expanding_window
1970-06-30 23:59:59.999999999,SMALL LoBM,23,-0.0011330340523439063,expanding_window
1970-06-30 23:59:59.999999999,ME2 BM1,24,-0.0014324738464537435,expanding_window
1970-06-30 23:59:59.999999999,ME1 BM2,25,-0.001801595735865469,expanding_window
1971-06-30 23:59:59.999999999,ME2 BM5,1,0.0014864883883345982,expanding_window
1971-06-30 23:59:59.999999999,SMALL HiBM,2,0.0011049064434633178,expanding_window
1971-06-30 23:59:59.999999999,ME3 BM2,3,0.000892200990322822,expanding_window
1971-06-30 23:59:59.999999999,ME1 BM4,4,0.0005161955068651654,expanding_window
1971-06-30 23:59:59.999999999,ME5 BM3,5,0.0004924457452825797,expanding_window
1971-06-30 23:59:59.999999999,BIG LoBM,6,0.00048811554832622406,expanding_window
1971-06-30 23:59:59.999999999,ME4 BM1,7,0.00042787055572148793,expanding_window
1971-06-30 23:59:59.999999999,ME3 BM4,8,0.0003768051880898004,expanding_window
1971-06-30 23:59:59.999999999,ME4 BM3,9,0.00036297580038940924,expanding_window
1971-06-30 23:59:59.999999999,ME2 BM3,10,0.0002163962787906864,expanding_window
1971-06-30 23:59:59.999999999,ME4 BM4,11,0.00019829476748105417,expanding_window
1971-06-30 23:59:59.999999999,ME2 BM4,12,0.0001695442046006324,expanding_window
1971-06-30 23:59:59.999999999,ME3 BM3,13,0.00010083878342772903,expanding_window
1971-06-30 23:59:59.999999999,ME4 BM2,14,-0.00011909263825351111,expanding_window
1971-06-30 23:59:59.999999999,ME3 BM5,15,-0.0003520223495361112,expanding_window
1971-06-30 23:59:59.999999999,ME2 BM2,16,-0.0004997718977463941,expanding_window
1971-06-30 23:59:59.999999999,ME4 BM5,17,-0.0005256660478183237,expanding_window
1971-06-30 23:59:59.999999999,BIG HiBM,18,-0.0006587734329840956,expanding_window
1971-06-30 23:59:59.999999999,ME3 BM1,19,-0.0006987345737420693,expanding_window
1971-06-30 23:59:59.999999999,ME5 BM2,20,-0.000782841392858806,expanding_window
1971-06-30 23:59:59.999999999,ME5 BM4,21,-0.0009817691966624938,expanding_window
1971-06-30 23:59:59.999999999,ME1 BM3,22,-0.0010211029337937642,expanding_window
1971-06-30 23:59:59.999999999,SMALL LoBM,23,-0.001192326473768208,expanding_window
1971-06-30 23:59:59.999999999,ME2 BM1,24,-0.0013992546385699668,expanding_window
1971-06-30 23:59:59.999999999,ME1 BM2,25,-0.0019485351462444737,expanding_window
1972-06-30 23:59:59.999999999,ME2 BM5,1,0.0016606603358992997,expanding_window
1972-06-30 23:59:59.999999999,SMALL HiBM,2,0.001177311980413003,expanding_window
1972-06-30 23:59:59.999999999,ME3 BM2,3,0.0008016629264593195,expanding_window
1972-06-30 23:59:59.999999999,BIG LoBM,4,0.0005810144362057473,expanding_window
1972-06-30 23:59:59.999999999,ME1 BM4,5,0.000546987536906426,expanding_window
1972-06-30 23:59:59.999999999,ME4 BM1,6,0.0005468873833906083,expanding_window
1972-06-30 23:59:59.999999999,ME5 BM3,7,0.00039656239381160034,expanding_window
1972-06-30 23:59:59.999999999,ME3 BM4,8,0.0003522184687989871,expanding_window
1972-06-30 23:59:59.999999999,ME4 BM3,9,0.0003000676334244866,expanding_window
1972-06-30 23:59:59.999999999,ME2 BM3,10,0.00026418498147618016,expanding_window
1972-06-30 23:59:59.999999999,ME4 BM4,11,0.0002324632215615575,expanding_window
1972-06-30 23:59:59.999999999,ME2 BM4,12,0.00010542077072625737,expanding_window
1972-06-30 23:59:59.999999999,ME3 BM3,13,0.00010292063368637282,expanding_window
1972-06-30 23:59:59.999999999,ME4 BM2,14,-0.0003039515046822874,expanding_window
1972-06-30 23:59:59.999999999,ME2 BM2,15,-0.0003938687373684714,expanding_window
1972-06-30 23:59:59.999999999,ME3 BM5,16,-0.00044999119588869,expanding_window
1972-06-30 23:59:59.999999999,ME4 BM5,17,-0.0005678520281108105,expanding_window
1972-06-30 23:59:59.999999999,ME3 BM1,18,-0.0005692506574458533,expanding_window
1972-06-30 23:59:59.999999999,BIG HiBM,19,-0.0006511410068671037,expanding_window
1972-06-30 23:59:59.999999999,ME5 BM2,20,-0.0009340180617757008,expanding_window
1972-06-30 23:59:59.999999999,ME5 BM4,21,-0.0010494902151609315,expanding_window
1972-06-30 23:59:59.999999999,ME1 BM3,22,-0.0011638034820267529,expanding_window
1972-06-30 23:59:59.999999999,SMALL LoBM,23,-0.0012379206220301021,expanding_window
1972-06-30 23:59:59.999999999,ME2 BM1,24,-0.0014134664772151918,expanding_window
1972-06-30 23:59:59.999999999,ME1 BM2,25,-0.0020976636313142843,expanding_window
1973-06-30 23:59:59.999999999,ME2 BM5,1,0.0015944129878236461,expanding_window
1973-06-30 23:59:59.999999999,SMALL HiBM,2,0.001328494650234557,expanding_window
1973-06-30 23:59:59.999999999,ME3 BM2,3,0.0007815131061999266,expanding_window
1973-06-30 23:59:59.999999999,ME1 BM4,4,0.000727389388619922,expanding_window
1973-06-30 23:59:59.999999999,BIG LoBM,5,0.0006683143253611598,expanding_window
1973-06-30 23:59:59.999999999,ME4 BM1,6,0.0004650653963898904,expanding_window
1973-06-30 23:59:59.999999999,ME3 BM4,7,0.00043228456298359085,expanding_window
1973-06-30 23:59:59.999999999,ME4 BM4,8,0.00037383459609848565,expanding_window
1973-06-30 23:59:59.999999999,ME2 BM3,9,0.00035398088824969634,expanding_window
1973-06-30 23:59:59.999999999,ME5 BM3,10,0.0003432832040523579,expanding_window
1973-06-30 23:59:59.999999999,ME4 BM3,11,0.00029032103689187905,expanding_window
1973-06-30 23:59:59.999999999,ME2 BM4,12,0.0002748977301889376,expanding_window
1973-06-30 23:59:59.999999999,ME3 BM3,13,0.0001189537400888061,expanding_window
1973-06-30 23:59:59.999999999,ME4 BM2,14,-0.000421067593382498,expanding_window
1973-06-30 23:59:59.999999999,ME3 BM5,15,-0.0004226877151461929,expanding_window
1973-06-30 23:59:59.999999999,ME2 BM2,16,-0.00044202394498289634,expanding_window
1973-06-30 23:59:59.999999999,ME4 BM5,17,-0.0005393094953745726,expanding_window
1973-06-30 23:59:59.999999999,ME3 BM1,18,-0.0005394626922667065,expanding_window
1973-06-30 23:59:59.999999999,BIG HiBM,19,-0.0007436468648882511,expanding_window
1973-06-30 23:59:59.999999999,ME5 BM2,20,-0.0008546565471856262,expanding_window
1973-06-30 23:59:59.999999999,ME5 BM4,21,-0.0010754739220238875,expanding_window
1973-06-30 23:59:59.999999999,ME1 BM3,22,-0.001106867215964262,expanding_window
1973-06-30 23:59:59.999999999,SMALL LoBM,23,-0.0012499080955062295,expanding_window
1973-06-30 23:59:59.999999999,ME2 BM1,24,-0.0013901228816367306,expanding_window
1973-06-30 23:59:59.999999999,ME1 BM2,25,-0.0019570296275806393,expanding_window
1974-06-30 23:59:59.999999999,ME2 BM5,1,0.0015975172799659514,expanding_window
1974-06-30 23:59:59.999999999,SMALL HiBM,2,0.0013032702573170095,expanding_window
1974-06-30 23:59:59.999999999,ME1 BM4,3,0.0007492356763080786,expanding_window
1974-06-30 23:59:59.999999999,ME3 BM2,4,0.0007385069760484167,expanding_window
1974-06-30 23:59:59.999999999,BIG LoBM,5,0.0007264941143516938,expanding_window
1974-06-30 23:59:59.999999999,ME4 BM3,6,0.00041810565419631783,expanding_window
1974-06-30 23:59:59.999999999,ME2 BM3,7,0.00036261604022995263,expanding_window
1974-06-30 23:59:59.999999999,ME4 BM4,8,0.0003590108340674198,expanding_window
1974-06-30 23:59:59.999999999,ME4 BM1,9,0.00033219393393820303,expanding_window
1974-06-30 23:59:59.999999999,ME3 BM4,10,0.00032373051170086857,expanding_window
1974-06-30 23:59:59.999999999,ME2 BM4,11,0.0002830546722607728,expanding_window
1974-06-30 23:59:59.999999999,ME5 BM3,12,0.00026442196020921757,expanding_window
1974-06-30 23:59:59.999999999,ME3 BM3,13,0.00020161389766734818,expanding_window
1974-06-30 23:59:59.999999999,ME3 BM5,14,-0.00024269995127432814,expanding_window
1974-06-30 23:59:59.999999999,ME4 BM5,15,-0.00045503353275880477,expanding_window
1974-06-30 23:59:59.999999999,ME2 BM2,16,-0.00047988924070689696,expanding_window
1974-06-30 23:59:59.999999999,ME4 BM2,17,-0.0004976130190270708,expanding_window
1974-06-30 23:59:59.999999999,ME3 BM1,18,-0.0005688720425135968,expanding_window
1974-06-30 23:59:59.999999999,BIG HiBM,19,-0.0006827407309274727,expanding_window
1974-06-30 23:59:59.999999999,ME5 BM2,20,-0.0007628635544965011,expanding_window
1974-06-30 23:59:59.999999999,ME5 BM4,21,-0.00099830166763036,expanding_window
1974-06-30 23:59:59.999999999,ME1 BM3,22,-0.0010413313643398312,expanding_window
1974-06-30 23:59:59.999999999,SMALL LoBM,23,-0.0012334971023902066,expanding_window
1974-06-30 23:59:59.999999999,ME2 BM1,24,-0.0013428727429836763,expanding_window
1974-06-30 23:59:59.999999999,ME1 BM2,25,-0.0018436517546981614,expanding_window
1975-06-30 23:59:59.999999999,ME2 BM5,1,0.0015032857870329324,expanding_window
1975-06-30 23:59:59.999999999,SMALL HiBM,2,0.001271046360128387,expanding_window
1975-06-30 23:59:59.999999999,ME3 BM2,3,0.0007917228817433194,expanding_window
1975-06-30 23:59:59.999999999,ME1 BM4,4,0.000716899070599201,expanding_window
1975-06-30 23:59:59.999999999,BIG LoBM,5,0.0006445587588941958,expanding_window
1975-06-30 23:59:59.999999999,ME4 BM4,6,0.0005865340409924489,expanding_window
1975-06-30 23:59:59.999999999,ME4 BM3,7,0.0005583982010587691,expanding_window
1975-06-30 23:59:59.999999999,ME4 BM1,8,0.00046210510196612807,expanding_window
1975-06-30 23:59:59.999999999,ME3 BM4,9,0.0003757390483530961,expanding_window
1975-06-30 23:59:59.999999999,ME2 BM3,10,0.00033808093534015016,expanding_window
1975-06-30 23:59:59.999999999,ME2 BM4,11,0.0002737393824862344,expanding_window
1975-06-30 23:59:59.999999999,ME5 BM3,12,0.0002571955668237894,expanding_window
1975-06-30 23:59:59.999999999,ME3 BM3,13,0.00021666909206215817,expanding_window
1975-06-30 23:59:59.999999999,ME3 BM5,14,-0.0001453163887027342,expanding_window
1975-06-30 23:59:59.999999999,ME4 BM2,15,-0.00031641011880887267,expanding_window
1975-06-30 23:59:59.999999999,ME4 BM5,16,-0.0003513048937885076,expanding_window
1975-06-30 23:59:59.999999999,ME2 BM2,17,-0.000382906078791082,expanding_window
1975-06-30 23:59:59.999999999,ME3 BM1,18,-0.0005803646851386871,expanding_window
1975-06-30 23:59:59.999999999,ME5 BM2,19,-0.0005929673335867748,expanding_window
1975-06-30 23:59:59.999999999,BIG HiBM,20,-0.0007120553517206845,expanding_window
1975-06-30 23:59:59.999999999,ME5 BM4,21,-0.0008877067962645295,expanding_window
1975-06-30 23:59:59.999999999,ME1 BM3,22,-0.0009263151201009186,expanding_window
1975-06-30 23:59:59.999999999,SMALL LoBM,23,-0.0010719645013978327,expanding_window
1975-06-30 23:59:59.999999999,ME2 BM1,24,-0.001104449899964861,expanding_window
1975-06-30 23:59:59.999999999,ME1 BM2,25,-0.0016430142288718828,expanding_window
1976-06-30 23:59:59.999999999,ME2 BM5,1,0.0013199528903574764,expanding_window
1976-06-30 23:59:59.999999999,SMALL HiBM,2,0.0011783401339854312,expanding_window
1976-06-30 23:59:59.999999999,ME3 BM2,3,0.000838874461150861,expanding_window
1976-06-30 23:59:59.999999999,ME1 BM4,4,0.0007631536917575032,expanding_window
1976-06-30 23:59:59.999999999,ME4 BM3,5,0.0006559511004257554,expanding_window
1976-06-30 23:59:59.999999999,ME4 BM4,6,0.0006535958906688565,expanding_window
1976-06-30 23:59:59.999999999,BIG LoBM,7,0.0005525737373010609,expanding_window
1976-06-30 23:59:59.999999999,ME4 BM1,8,0.00038430845923562195,expanding_window
1976-06-30 23:59:59.999999999,ME3 BM4,9,0.00038100808968326836,expanding_window
1976-06-30 23:59:59.999999999,ME2 BM4,10,0.00032369755755681513,expanding_window
1976-06-30 23:59:59.999999999,ME2 BM3,11,0.00032069745447093516,expanding_window
1976-06-30 23:59:59.999999999,ME3 BM3,12,0.00029706007757533497,expanding_window
1976-06-30 23:59:59.999999999,ME5 BM3,13,0.0002596566816230383,expanding_window
1976-06-30 23:59:59.999999999,ME3 BM5,14,-0.00013966450032806184,expanding_window
1976-06-30 23:59:59.999999999,ME4 BM5,15,-0.00021526759431040373,expanding_window
1976-06-30 23:59:59.999999999,ME4 BM2,16,-0.000229735428566161,expanding_window
1976-06-30 23:59:59.999999999,ME2 BM2,17,-0.00030944790295975777,expanding_window
1976-06-30 23:59:59.999999999,ME5 BM2,18,-0.0003848140469690036,expanding_window
1976-06-30 23:59:59.999999999,ME3 BM1,19,-0.000600859629868295,expanding_window
1976-06-30 23:59:59.999999999,BIG HiBM,20,-0.0006230408973132974,expanding_window
1976-06-30 23:59:59.999999999,ME5 BM4,21,-0.0007587321727786805,expanding_window
1976-06-30 23:59:59.999999999,ME1 BM3,22,-0.0008035899220894963,expanding_window
1976-06-30 23:59:59.999999999,SMALL LoBM,23,-0.000909857343634408,expanding_window
1976-06-30 23:59:59.999999999,ME2 BM1,24,-0.0009379887847695264,expanding_window
1976-06-30 23:59:59.999999999,ME1 BM2,25,-0.0013515861533239552,expanding_window
1977-06-30 23:59:59.999999999,ME2 BM5,1,0.0013358752126757746,expanding_window
1977-06-30 23:59:59.999999999,SMALL HiBM,2,0.0011536047933481419,expanding_window
1977-06-30 23:59:59.999999999,ME3 BM2,3,0.0008953570142403228,expanding_window
1977-06-30 23:59:59.999999999,ME4 BM3,4,0.0006786277540822917,expanding_window
1977-06-30 23:59:59.999999999,ME1 BM4,5,0.0006623954434023105,expanding_window
1977-06-30 23:59:59.999999999,ME4 BM4,6,0.0006404919426903379,expanding_window
1977-06-30 23:59:59.999999999,BIG LoBM,7,0.0004786366758754166,expanding_window
1977-06-30 23:59:59.999999999,ME3 BM4,8,0.000390064017272124,expanding_window
1977-06-30 23:59:59.999999999,ME4 BM1,9,0.00038437019388536754,expanding_window
1977-06-30 23:59:59.999999999,ME3 BM3,10,0.0003140266904126197,expanding_window
1977-06-30 23:59:59.999999999,ME2 BM3,11,0.0003100581152121709,expanding_window
1977-06-30 23:59:59.999999999,ME5 BM3,12,0.00030060533136840826,expanding_window
1977-06-30 23:59:59.999999999,ME2 BM4,13,0.0002531167593379328,expanding_window
1977-06-30 23:59:59.999999999,ME4 BM2,14,-0.0002339758171029612,expanding_window
1977-06-30 23:59:59.999999999,ME4 BM5,15,-0.0002647385854011734,expanding_window
1977-06-30 23:59:59.999999999,ME3 BM5,16,-0.000280829930761825,expanding_window
1977-06-30 23:59:59.999999999,ME5 BM2,17,-0.0003531420841352495,expanding_window
1977-06-30 23:59:59.999999999,ME2 BM2,18,-0.00038496413579205876,expanding_window
1977-06-30 23:59:59.999999999,BIG HiBM,19,-0.0006813299963420007,expanding_window
1977-06-30 23:59:59.999999999,ME3 BM1,20,-0.0007333597988492042,expanding_window
1977-06-30 23:59:59.999999999,ME5 BM4,21,-0.0008117634925273664,expanding_window
1977-06-30 23:59:59.999999999,ME1 BM3,22,-0.0008714590608178062,expanding_window
1977-06-30 23:59:59.999999999,ME2 BM1,23,-0.001022302425761367,expanding_window
1977-06-30 23:59:59.999999999,SMALL LoBM,24,-0.0010742985392165649,expanding_window
1977-06-30 23:59:59.999999999,ME1 BM2,25,-0.001522944303594526,expanding_window
1978-06-30 23:59:59.999999999,ME2 BM5,1,0.0013070660686434895,expanding_window
1978-06-30 23:59:59.999999999,SMALL HiBM,2,0.0010901266116837643,expanding_window
1978-06-30 23:59:59.999999999,ME3 BM2,3,0.0008509148536247728,expanding_window
1978-06-30 23:59:59.999999999,ME4 BM3,4,0.0005882425855514499,expanding_window
1978-06-30 23:59:59.999999999,ME4 BM4,5,0.0005394802645428008,expanding_window
1978-06-30 23:59:59.999999999,ME1 BM4,6,0.00047497603474290126,expanding_window
1978-06-30 23:59:59.999999999,BIG LoBM,7,0.0004712111284417035,expanding_window
1978-06-30 23:59:59.999999999,ME4 BM1,8,0.0003567173675860513,expanding_window
1978-06-30 23:59:59.999999999,ME3 BM3,9,0.0003225965630199003,expanding_window
1978-06-30 23:59:59.999999999,ME3 BM4,10,0.00029183697957959275,expanding_window
1978-06-30 23:59:59.999999999,ME5 BM3,11,0.00027779947061166803,expanding_window
1978-06-30 23:59:59.999999999,ME2 BM3,12,0.0001875547658051636,expanding_window
1978-06-30 23:59:59.999999999,ME2 BM4,13,0.00015295838304162402,expanding_window
1978-06-30 23:59:59.999999999,ME4 BM2,14,-0.00033558790419608897,expanding_window
1978-06-30 23:59:59.999999999,ME3 BM5,15,-0.0003499259285999111,expanding_window
1978-06-30 23:59:59.999999999,ME4 BM5,16,-0.0004480079465143483,expanding_window
1978-06-30 23:59:59.999999999,ME5 BM2,17,-0.00045469699561051155,expanding_window
1978-06-30 23:59:59.999999999,ME2 BM2,18,-0.000582197388505201,expanding_window
1978-06-30 23:59:59.999999999,BIG HiBM,19,-0.0008090796095002521,expanding_window
1978-06-30 23:59:59.999999999,ME3 BM1,20,-0.0008869817046935162,expanding_window
1978-06-30 23:59:59.999999999,ME5 BM4,21,-0.0009270292566483641,expanding_window
1978-06-30 23:59:59.999999999,ME1 BM3,22,-0.000972022594531708,expanding_window
1978-06-30 23:59:59.999999999,ME2 BM1,23,-0.0012655375331627843,expanding_window
1978-06-30 23:59:59.999999999,SMALL LoBM,24,-0.0013076972085581688,expanding_window
1978-06-30 23:59:59.999999999,ME1 BM2,25,-0.0018445058156071393,expanding_window
1979-06-30 23:59:59.999999999,ME2 BM5,1,0.001316765556331145,expanding_window
1979-06-30 23:59:59.999999999,SMALL HiBM,2,0.0010066435944452979,expanding_window
1979-06-30 23:59:59.999999999,ME3 BM2,3,0.0007291406022213501,expanding_window
1979-06-30 23:59:59.999999999,ME4 BM3,4,0.0005238572160234069,expanding_window
1979-06-30 23:59:59.999999999,ME4 BM4,5,0.0005192702040303418,expanding_window
1979-06-30 23:59:59.999999999,BIG LoBM,6,0.0004155409289732236,expanding_window
1979-06-30 23:59:59.999999999,ME3 BM3,7,0.0003472262924680608,expanding_window
1979-06-30 23:59:59.999999999,ME1 BM4,8,0.0003353959954963756,expanding_window
1979-06-30 23:59:59.999999999,ME4 BM1,9,0.0003314830964802562,expanding_window
1979-06-30 23:59:59.999999999,ME5 BM3,10,0.00032256390173938845,expanding_window
1979-06-30 23:59:59.999999999,ME3 BM4,11,0.0002407671272926362,expanding_window
1979-06-30 23:59:59.999999999,ME2 BM3,12,0.00010164762599573372,expanding_window
1979-06-30 23:59:59.999999999,ME2 BM4,13,9.911972457882006e-05,expanding_window
1979-06-30 23:59:59.999999999,ME3 BM5,14,-0.00035141912951989796,expanding_window
1979-06-30 23:59:59.999999999,ME4 BM2,15,-0.00037346788584367613,expanding_window
1979-06-30 23:59:59.999999999,ME5 BM2,16,-0.00043395660919473414,expanding_window
1979-06-30 23:59:59.999999999,ME4 BM5,17,-0.0005475024334303036,expanding_window
1979-06-30 23:59:59.999999999,ME2 BM2,18,-0.0006754414285993003,expanding_window
1979-06-30 23:59:59.999999999,BIG HiBM,19,-0.0009009561483689132,expanding_window
1979-06-30 23:59:59.999999999,ME3 BM1,20,-0.0009967515628764466,expanding_window
1979-06-30 23:59:59.999999999,ME5 BM4,21,-0.0009993041401194008,expanding_window
1979-06-30 23:59:59.999999999,ME1 BM3,22,-0.0010622784580151096,expanding_window
1979-06-30 23:59:59.999999999,ME2 BM1,23,-0.0012666486813163315,expanding_window
1979-06-30 23:59:59.999999999,SMALL LoBM,24,-0.0014129860695022232,expanding_window
1979-06-30 23:59:59.999999999,ME1 BM2,25,-0.0019614054973330656,expanding_window
1980-06-30 23:59:59.999999999,ME2 BM5,1,0.0010759334073600108,expanding_window
1980-06-30 23:59:59.999999999,SMALL HiBM,2,0.000776114869750028,expanding_window
1980-06-30 23:59:59.999999999,ME4 BM3,3,0.000542165377040275,expanding_window
1980-06-30 23:59:59.999999999,ME3 BM2,4,0.000539196185534755,expanding_window
1980-06-30 23:59:59.999999999,ME4 BM1,5,0.0003620831287929864,expanding_window
1980-06-30 23:59:59.999999999,ME5 BM3,6,0.0003061091574451709,expanding_window
1980-06-30 23:59:59.999999999,ME1 BM4,7,0.00028038096523898,expanding_window
1980-06-30 23:59:59.999999999,ME4 BM4,8,0.00023049157323296607,expanding_window
1980-06-30 23:59:59.999999999,ME3 BM4,9,0.00014611885995444065,expanding_window
1980-06-30 23:59:59.999999999,ME3 BM3,10,0.00010030136438036194,expanding_window
1980-06-30 23:59:59.999999999,BIG LoBM,11,9.870907353564003e-05,expanding_window
1980-06-30 23:59:59.999999999,ME2 BM4,12,5.50650327985e-05,expanding_window
1980-06-30 23:59:59.999999999,ME2 BM3,13,-8.693800934230116e-05,expanding_window
1980-06-30 23:59:59.999999999,ME5 BM2,14,-0.0002564449785486122,expanding_window
1980-06-30 23:59:59.999999999,ME3 BM5,15,-0.0002751695115274364,expanding_window
1980-06-30 23:59:59.999999999,ME4 BM2,16,-0.0003497252725490962,expanding_window
1980-06-30 23:59:59.999999999,ME4 BM5,17,-0.00039193884588825813,expanding_window
1980-06-30 23:59:59.999999999,ME2 BM2,18,-0.0004646609166141024,expanding_window
1980-06-30 23:59:59.999999999,BIG HiBM,19,-0.0006332522407281536,expanding_window
1980-06-30 23:59:59.999999999,ME5 BM4,20,-0.0006890365779145934,expanding_window
1980-06-30 23:59:59.999999999,ME3 BM1,21,-0.0007383426228729127,expanding_window
1980-06-30 23:59:59.999999999,ME1 BM3,22,-0.0009495243005140877,expanding_window
1980-06-30 23:59:59.999999999,ME2 BM1,23,-0.0009662800636495414,expanding_window
1980-06-30 23:59:59.999999999,SMALL LoBM,24,-0.0009795812337189654,expanding_window
1980-06-30 23:59:59.999999999,ME1 BM2,25,-0.0014651970401129086,expanding_window
1981-06-30 23:59:59.999999999,ME2 BM5,1,0.0011701203301968644,expanding_window
1981-06-30 23:59:59.999999999,SMALL HiBM,2,0.0007436310538803809,expanding_window
1981-06-30 23:59:59.999999999,ME4 BM3,3,0.0005626641307152729,expanding_window
1981-06-30 23:59:59.999999999,ME3 BM2,4,0.0004988923728175325,expanding_window
1981-06-30 23:59:59.999999999,ME5 BM3,5,0.0004134936512827877,expanding_window
1981-06-30 23:59:59.999999999,ME4 BM1,6,0.00037012364184715993,expanding_window
1981-06-30 23:59:59.999999999,ME1 BM4,7,0.0002083475030441597,expanding_window
1981-06-30 23:59:59.999999999,ME3 BM3,8,0.00012431853388287484,expanding_window
1981-06-30 23:59:59.999999999,ME3 BM4,9,0.00011542212960554936,expanding_window
1981-06-30 23:59:59.999999999,BIG LoBM,10,8.887104205690006e-05,expanding_window
1981-06-30 23:59:59.999999999,ME4 BM4,11,8.772144637983869e-05,expanding_window
1981-06-30 23:59:59.999999999,ME2 BM4,12,5.457159611933998e-05,expanding_window
1981-06-30 23:59:59.999999999,ME2 BM3,13,-0.00011298930402825691,expanding_window
1981-06-30 23:59:59.999999999,ME5 BM2,14,-0.00023076843127183287,expanding_window
1981-06-30 23:59:59.999999999,ME4 BM2,15,-0.00028680216849529623,expanding_window
1981-06-30 23:59:59.999999999,ME3 BM5,16,-0.00033870298606902946,expanding_window
1981-06-30 23:59:59.999999999,ME4 BM5,17,-0.0003803843033351687,expanding_window
1981-06-30 23:59:59.999999999,ME2 BM2,18,-0.00040857417612359984,expanding_window
1981-06-30 23:59:59.999999999,BIG HiBM,19,-0.0005449189310633498,expanding_window
1981-06-30 23:59:59.999999999,ME5 BM4,20,-0.0006278208405284366,expanding_window
1981-06-30 23:59:59.999999999,ME3 BM1,21,-0.0007447613731560319,expanding_window
1981-06-30 23:59:59.999999999,ME1 BM3,22,-0.0009018445694119503,expanding_window
1981-06-30 23:59:59.999999999,SMALL LoBM,23,-0.000938892151440492,expanding_window
1981-06-30 23:59:59.999999999,ME2 BM1,24,-0.0009421817724155068,expanding_window
1981-06-30 23:59:59.999999999,ME1 BM2,25,-0.0014762114345580144,expanding_window
1982-06-30 23:59:59.999999999,ME2 BM5,1,0.001158192548109342,expanding_window
1982-06-30 23:59:59.999999999,SMALL HiBM,2,0.0007103636610217017,expanding_window
1982-06-30 23:59:59.999999999,ME3 BM2,3,0.0005532329152852587,expanding_window
1982-06-30 23:59:59.999999999,ME4 BM3,4,0.0005005100872809273,expanding_window
1982-06-30 23:59:59.999999999,ME4 BM1,5,0.00041481662496074427,expanding_window
1982-06-30 23:59:59.999999999,ME5 BM3,6,0.00033529071836505545,expanding_window
1982-06-30 23:59:59.999999999,ME1 BM4,7,0.000193880788765553,expanding_window
1982-06-30 23:59:59.999999999,BIG LoBM,8,0.00011864832638056939,expanding_window
1982-06-30 23:59:59.999999999,ME3 BM3,9,0.00011848966132729002,expanding_window
1982-06-30 23:59:59.999999999,ME2 BM4,10,0.00011342477325441963,expanding_window
1982-06-30 23:59:59.999999999,ME3 BM4,11,6.733653009803213e-05,expanding_window
1982-06-30 23:59:59.999999999,ME4 BM4,12,4.3390172454811936e-05,expanding_window
1982-06-30 23:59:59.999999999,ME2 BM3,13,-0.00012474811228598584,expanding_window
1982-06-30 23:59:59.999999999,ME5 BM2,14,-0.00018164795908387187,expanding_window
1982-06-30 23:59:59.999999999,ME3 BM5,15,-0.00027063888500297674,expanding_window
1982-06-30 23:59:59.999999999,ME4 BM2,16,-0.00032302394026888817,expanding_window
1982-06-30 23:59:59.999999999,ME2 BM2,17,-0.0004167267105227454,expanding_window
1982-06-30 23:59:59.999999999,ME4 BM5,18,-0.00042190081989671726,expanding_window
1982-06-30 23:59:59.999999999,BIG HiBM,19,-0.0006112563769946888,expanding_window
1982-06-30 23:59:59.999999999,ME5 BM4,20,-0.0006675463129001162,expanding_window
1982-06-30 23:59:59.999999999,ME3 BM1,21,-0.0007847343447172229,expanding_window
1982-06-30 23:59:59.999999999,ME1 BM3,22,-0.0008832823037522963,expanding_window
1982-06-30 23:59:59.999999999,ME2 BM1,23,-0.0009979983796282919,expanding_window
1982-06-30 23:59:59.999999999,SMALL LoBM,24,-0.0010157701225146424,expanding_window
1982-06-30 23:59:59.999999999,ME1 BM2,25,-0.0014741830129756256,expanding_window
1983-06-30 23:59:59.999999999,ME2 BM5,1,0.0011968231817250988,expanding_window
1983-06-30 23:59:59.999999999,SMALL HiBM,2,0.0007838519320285223,expanding_window
1983-06-30 23:59:59.999999999,ME3 BM2,3,0.0005763099096844262,expanding_window
1983-06-30 23:59:59.999999999,ME4 BM3,4,0.0005302951672255659,expanding_window
1983-06-30 23:59:59.999999999,ME4 BM1,5,0.0004221731145789625,expanding_window
1983-06-30 23:59:59.999999999,ME5 BM3,6,0.0003545079849624534,expanding_window
1983-06-30 23:59:59.999999999,ME1 BM4,7,0.00013876774972180076,expanding_window
1983-06-30 23:59:59.999999999,BIG LoBM,8,0.00013385234085948482,expanding_window
1983-06-30 23:59:59.999999999,ME3 BM3,9,0.00011254957109150276,expanding_window
1983-06-30 23:59:59.999999999,ME3 BM4,10,6.424248447184434e-05,expanding_window
1983-06-30 23:59:59.999999999,ME2 BM4,11,2.0144311163535546e-05,expanding_window
1983-06-30 23:59:59.999999999,ME4 BM4,12,-1.1491133719280497e-05,expanding_window
1983-06-30 23:59:59.999999999,ME2 BM3,13,-0.00016824401062325866,expanding_window
1983-06-30 23:59:59.999999999,ME5 BM2,14,-0.00024508895513417354,expanding_window
1983-06-30 23:59:59.999999999,ME4 BM2,15,-0.00037430269455655953,expanding_window
1983-06-30 23:59:59.999999999,ME3 BM5,16,-0.00039087460617507876,expanding_window
1983-06-30 23:59:59.999999999,ME2 BM2,17,-0.00046490569245812594,expanding_window
1983-06-30 23:59:59.999999999,ME4 BM5,18,-0.0005331401306576448,expanding_window
1983-06-30 23:59:59.999999999,BIG HiBM,19,-0.0006850686258987045,expanding_window
1983-06-30 23:59:59.999999999,ME5 BM4,20,-0.0007569847525698664,expanding_window
1983-06-30 23:59:59.999999999,ME3 BM1,21,-0.000926005032122774,expanding_window
1983-06-30 23:59:59.999999999,ME1 BM3,22,-0.0009839997157448856,expanding_window
1983-06-30 23:59:59.999999999,ME2 BM1,23,-0.0011859922349082305,expanding_window
1983-06-30 23:59:59.999999999,SMALL LoBM,24,-0.0012442752472340806,expanding_window
1983-06-30 23:59:59.999999999,ME1 BM2,25,-0.0017750575085261652,expanding_window
1984-06-30 23:59:59.999999999,ME2 BM5,1,0.0012111634468870904,expanding_window
1984-06-30 23:59:59.999999999,SMALL HiBM,2,0.000771266722891651,expanding_window
1984-06-30 23:59:59.999999999,ME3 BM2,3,0.0005818001085514852,expanding_window
1984-06-30 23:59:59.999999999,ME4 BM3,4,0.0004654529488395964,expanding_window
1984-06-30 23:59:59.999999999,ME4 BM1,5,0.00046018040541592807,expanding_window
1984-06-30 23:59:59.999999999,ME5 BM3,6,0.00030995446487244466,expanding_window
1984-06-30 23:59:59.999999999,BIG LoBM,7,0.00016242764855046638,expanding_window
1984-06-30 23:59:59.999999999,ME1 BM4,8,0.00014057521427412168,expanding_window
1984-06-30 23:59:59.999999999,ME3 BM3,9,9.139166087224277e-05,expanding_window
1984-06-30 23:59:59.999999999,ME2 BM4,10,6.673565987899469e-05,expanding_window
1984-06-30 23:59:59.999999999,ME3 BM4,11,5.461727266319687e-05,expanding_window
1984-06-30 23:59:59.999999999,ME4 BM4,12,-2.2490005398563388e-05,expanding_window
1984-06-30 23:59:59.999999999,ME2 BM3,13,-0.00013831031772575008,expanding_window
1984-06-30 23:59:59.999999999,ME5 BM2,14,-0.00018070240422317938,expanding_window
1984-06-30 23:59:59.999999999,ME4 BM2,15,-0.00034847658256335857,expanding_window
1984-06-30 23:59:59.999999999,ME3 BM5,16,-0.0003498864205459556,expanding_window
1984-06-30 23:59:59.999999999,ME2 BM2,17,-0.00047106829641557324,expanding_window
1984-06-30 23:59:59.999999999,ME4 BM5,18,-0.0005734093358373014,expanding_window
1984-06-30 23:59:59.999999999,BIG HiBM,19,-0.0007229540210435388,expanding_window
1984-06-30 23:59:59.999999999,ME5 BM4,20,-0.0007712983885343453,expanding_window
1984-06-30 23:59:59.999999999,ME3 BM1,21,-0.0008983959312660479,expanding_window
1984-06-30 23:59:59.999999999,ME1 BM3,22,-0.001005295782399511,expanding_window
1984-06-30 23:59:59.999999999,ME2 BM1,23,-0.001199065543901723,expanding_window
1984-06-30 23:59:59.999999999,SMALL LoBM,24,-0.0012976769395604438,expanding_window
1984-06-30 23:59:59.999999999,ME1 BM2,25,-0.0017721174206944107,expanding_window
1985-06-30 23:59:59.999999999,ME2 BM5,1,0.0012379695293800175,expanding_window
1985-06-30 23:59:59.999999999,SMALL HiBM,2,0.000733400706043894,expanding_window
1985-06-30 23:59:59.999999999,ME3 BM2,3,0.0006118753251850581,expanding_window
1985-06-30 23:59:59.999999999,ME4 BM1,4,0.00047620236996895283,expanding_window
1985-06-30 23:59:59.999999999,ME4 BM3,5,0.00047219933268292794,expanding_window
1985-06-30 23:59:59.999999999,ME5 BM3,6,0.00029058432932377656,expanding_window
1985-06-30 23:59:59.999999999,BIG LoBM,7,0.00012463734878171345,expanding_window
1985-06-30 23:59:59.999999999,ME3 BM3,8,9.342345404042812e-05,expanding_window
1985-06-30 23:59:59.999999999,ME1 BM4,9,8.355757947077556e-05,expanding_window
1985-06-30 23:59:59.999999999,ME2 BM4,10,7.815803101255829e-05,expanding_window
1985-06-30 23:59:59.999999999,ME3 BM4,11,7.312591966480736e-05,expanding_window
1985-06-30 23:59:59.999999999,ME4 BM4,12,-2.374208798924053e-05,expanding_window
1985-06-30 23:59:59.999999999,ME2 BM3,13,-0.0001554071468593008,expanding_window
1985-06-30 23:59:59.999999999,ME5 BM2,14,-0.0001635481428397133,expanding_window
1985-06-30 23:59:59.999999999,ME3 BM5,15,-0.0003590523044248484,expanding_window
1985-06-30 23:59:59.999999999,ME4 BM2,16,-0.0004190275928902139,expanding_window
1985-06-30 23:59:59.999999999,ME2 BM2,17,-0.0005298837390155738,expanding_window
1985-06-30 23:59:59.999999999,ME4 BM5,18,-0.0006101541753923332,expanding_window
1985-06-30 23:59:59.999999999,BIG HiBM,19,-0.0008274875726797022,expanding_window
1985-06-30 23:59:59.999999999,ME5 BM4,20,-0.0008497515218150124,expanding_window
1985-06-30 23:59:59.999999999,ME3 BM1,21,-0.0009193604741837284,expanding_window
1985-06-30 23:59:59.999999999,ME1 BM3,22,-0.001104296803840569,expanding_window
1985-06-30 23:59:59.999999999,ME2 BM1,23,-0.001304856475652755,expanding_window
1985-06-30 23:59:59.999999999,SMALL LoBM,24,-0.0014542927630814056,expanding_window
1985-06-30 23:59:59.999999999,ME1 BM2,25,-0.0019041251398472328,expanding_window
1986-06-30 23:59:59.999999999,ME2 BM5,1,0.001194278017433265,expanding_window
1986-06-30 23:59:59.999999999,SMALL HiBM,2,0.000782311770387214,expanding_window
1986-06-30 23:59:59.999999999,ME3 BM2,3,0.0007035889881544925,expanding_window
1986-06-30 23:59:59.999999999,ME4 BM1,4,0.0005035511871054109,expanding_window
1986-06-30 23:59:59.999999999,ME4 BM3,5,0.0004913648384002817,expanding_window
1986-06-30 23:59:59.999999999,ME5 BM3,6,0.0003187641973994779,expanding_window
1986-06-30 23:59:59.999999999,BIG LoBM,7,0.00016779088005066338,expanding_window
1986-06-30 23:59:59.999999999,ME3 BM3,8,0.0001437958219094976,expanding_window
1986-06-30 23:59:59.999999999,ME2 BM4,9,0.000123237490059416,expanding_window
1986-06-30 23:59:59.999999999,ME1 BM4,10,0.00010465143816397075,expanding_window
1986-06-30 23:59:59.999999999,ME3 BM4,11,9.021425930503754e-05,expanding_window
1986-06-30 23:59:59.999999999,ME4 BM4,12,-3.750299655060985e-05,expanding_window
1986-06-30 23:59:59.999999999,ME2 BM3,13,-6.244866760620385e-05,expanding_window
1986-06-30 23:59:59.999999999,ME5 BM2,14,-7.126435597861098e-05,expanding_window
1986-06-30 23:59:59.999999999,ME3 BM5,15,-0.0003432945183464384,expanding_window
1986-06-30 23:59:59.999999999,ME4 BM2,16,-0.0004229911599424201,expanding_window
1986-06-30 23:59:59.999999999,ME2 BM2,17,-0.0005506642734957913,expanding_window
1986-06-30 23:59:59.999999999,ME4 BM5,18,-0.0006370993894101065,expanding_window
1986-06-30 23:59:59.999999999,BIG HiBM,19,-0.000872428024911061,expanding_window
1986-06-30 23:59:59.999999999,ME5 BM4,20,-0.000931244878268477,expanding_window
1986-06-30 23:59:59.999999999,ME3 BM1,21,-0.000952594104559563,expanding_window
1986-06-30 23:59:59.999999999,ME1 BM3,22,-0.001141595257279164,expanding_window
1986-06-30 23:59:59.999999999,ME2 BM1,23,-0.0013390821780037863,expanding_window
1986-06-30 23:59:59.999999999,SMALL LoBM,24,-0.0015356473567507377,expanding_window
1986-06-30 23:59:59.999999999,ME1 BM2,25,-0.001988215621158902,expanding_window
1987-06-30 23:59:59.999999999,ME2 BM5,1,0.0011592089244316982,expanding_window
1987-06-30 23:59:59.999999999,SMALL HiBM,2,0.000859728177284204,expanding_window
1987-06-30 23:59:59.999999999,ME3 BM2,3,0.0007113683160470381,expanding_window
1987-06-30 23:59:59.999999999,ME4 BM1,4,0.0004965556433693238,expanding_window
1987-06-30 23:59:59.999999999,ME4 BM3,5,0.000468172260383084,expanding_window
1987-06-30 23:59:59.999999999,ME5 BM3,6,0.00027222106620485216,expanding_window
1987-06-30 23:59:59.999999999,ME1 BM4,7,0.00021855698544262774,expanding_window
1987-06-30 23:59:59.999999999,BIG LoBM,8,0.0001647819392469816,expanding_window
1987-06-30 23:59:59.999999999,ME2 BM4,9,0.00016100481391741677,expanding_window
1987-06-30 23:59:59.999999999,ME3 BM4,10,0.0001364269993355994,expanding_window
1987-06-30 23:59:59.999999999,ME3 BM3,11,1.5604284888439453e-05,expanding_window
1987-06-30 23:59:59.999999999,ME4 BM4,12,8.674092895652615e-06,expanding_window
1987-06-30 23:59:59.999999999,ME5 BM2,13,-1.5317785700406282e-05,expanding_window
1987-06-30 23:59:59.999999999,ME2 BM3,14,-5.322793082110326e-05,expanding_window
1987-06-30 23:59:59.999999999,ME3 BM5,15,-0.00027808086233948036,expanding_window
1987-06-30 23:59:59.999999999,ME4 BM2,16,-0.00037070205118704315,expanding_window
1987-06-30 23:59:59.999999999,ME2 BM2,17,-0.00044459909073091877,expanding_window
1987-06-30 23:59:59.999999999,ME4 BM5,18,-0.0006256514386813897,expanding_window
1987-06-30 23:59:59.999999999,BIG HiBM,19,-0.0008332849864473039,expanding_window
1987-06-30 23:59:59.999999999,ME3 BM1,20,-0.0008690751286244239,expanding_window
1987-06-30 23:59:59.999999999,ME5 BM4,21,-0.00087681795612131,expanding_window
1987-06-30 23:59:59.999999999,ME1 BM3,22,-0.0011062353127779506,expanding_window
1987-06-30 23:59:59.999999999,ME2 BM1,23,-0.0012702772941296618,expanding_window
1987-06-30 23:59:59.999999999,SMALL LoBM,24,-0.0014804508302415848,expanding_window
1987-06-30 23:59:59.999999999,ME1 BM2,25,-0.0018638801739822807,expanding_window
1988-06-30 23:59:59.999999999,ME2 BM5,1,0.0011883675503060185,expanding_window
1988-06-30 23:59:59.999999999,SMALL HiBM,2,0.0008480134628286289,expanding_window
1988-06-30 23:59:59.999999999,ME3 BM2,3,0.0007491014951055989,expanding_window
1988-06-30 23:59:59.999999999,ME4 BM1,4,0.000599148256311941,expanding_window
1988-06-30 23:59:59.999999999,ME4 BM3,5,0.00048457912592823167,expanding_window
1988-06-30 23:59:59.999999999,ME5 BM3,6,0.0002707876665046067,expanding_window
1988-06-30 23:59:59.999999999,ME1 BM4,7,0.00017830234808071497,expanding_window
1988-06-30 23:59:59.999999999,ME2 BM4,8,0.00016936713216656236,expanding_window
1988-06-30 23:59:59.999999999,ME3 BM4,9,0.0001569724780232934,expanding_window
1988-06-30 23:59:59.999999999,BIG LoBM,10,0.00013635310470929159,expanding_window
1988-06-30 23:59:59.999999999,ME3 BM3,11,4.454300375072336e-05,expanding_window
1988-06-30 23:59:59.999999999,ME4 BM4,12,4.081810281451878e-05,expanding_window
1988-06-30 23:59:59.999999999,ME2 BM3,13,-1.9160066290072633e-05,expanding_window
1988-06-30 23:59:59.999999999,ME5 BM2,14,-6.6891901153666e-05,expanding_window
1988-06-30 23:59:59.999999999,ME3 BM5,15,-0.0002942184358836965,expanding_window
1988-06-30 23:59:59.999999999,ME4 BM2,16,-0.0003144258003532173,expanding_window
1988-06-30 23:59:59.999999999,ME2 BM2,17,-0.0003914926251898384,expanding_window
1988-06-30 23:59:59.999999999,ME4 BM5,18,-0.0006349854228444122,expanding_window
1988-06-30 23:59:59.999999999,ME3 BM1,19,-0.0008706805740796333,expanding_window
1988-06-30 23:59:59.999999999,BIG HiBM,20,-0.0008812465100459098,expanding_window
1988-06-30 23:59:59.999999999,ME5 BM4,21,-0.0008834293198210476,expanding_window
1988-06-30 23:59:59.999999999,ME1 BM3,22,-0.0011128980176567374,expanding_window
1988-06-30 23:59:59.999999999,ME2 BM1,23,-0.001320792277041473,expanding_window
1988-06-30 23:59:59.999999999,SMALL LoBM,24,-0.0015842691406564616,expanding_window
1988-06-30 23:59:59.999999999,ME1 BM2,25,-0.0019137493894475467,expanding_window
1989-06-30 23:59:59.999999999,ME2 BM5,1,0.0011899020416441888,expanding_window
1989-06-30 23:59:59.999999999,SMALL HiBM,2,0.0008136820640648017,expanding_window
1989-06-30 23:59:59.999999999,ME3 BM2,3,0.000732796776791904,expanding_window
1989-06-30 23:59:59.999999999,ME4 BM1,4,0.000564439228131499,expanding_window
1989-06-30 23:59:59.999999999,ME4 BM3,5,0.00045669958721477894,expanding_window
1989-06-30 23:59:59.999999999,ME5 BM3,6,0.00025774962792005096,expanding_window
1989-06-30 23:59:59.999999999,ME1 BM4,7,0.0001879683540809638,expanding_window
1989-06-30 23:59:59.999999999,ME3 BM4,8,0.0001728399715561969,expanding_window
1989-06-30 23:59:59.999999999,BIG LoBM,9,0.00017119626870505718,expanding_window
1989-06-30 23:59:59.999999999,ME2 BM4,10,0.00014544048703370602,expanding_window
1989-06-30 23:59:59.999999999,ME4 BM4,11,5.935815458841585e-05,expanding_window
1989-06-30 23:59:59.999999999,ME2 BM3,12,1.0068961779001099e-05,expanding_window
1989-06-30 23:59:59.999999999,ME3 BM3,13,-3.3146688347211707e-06,expanding_window
1989-06-30 23:59:59.999999999,ME5 BM2,14,-6.560146295398356e-05,expanding_window
1989-06-30 23:59:59.999999999,ME3 BM5,15,-0.00029765965038425457,expanding_window
1989-06-30 23:59:59.999999999,ME4 BM2,16,-0.0003608086829787722,expanding_window
1989-06-30 23:59:59.999999999,ME2 BM2,17,-0.0004149012717491673,expanding_window
1989-06-30 23:59:59.999999999,ME4 BM5,18,-0.0005928034513271622,expanding_window
1989-06-30 23:59:59.999999999,ME3 BM1,19,-0.0009079948735907239,expanding_window
1989-06-30 23:59:59.999999999,ME5 BM4,20,-0.0009097584212112507,expanding_window
1989-06-30 23:59:59.999999999,BIG HiBM,21,-0.0009361268237191478,expanding_window
1989-06-30 23:59:59.999999999,ME1 BM3,22,-0.0011407216393816437,expanding_window
1989-06-30 23:59:59.999999999,ME2 BM1,23,-0.0013779358041317,expanding_window
1989-06-30 23:59:59.999999999,SMALL LoBM,24,-0.0016863610596020075,expanding_window
1989-06-30 23:59:59.999999999,ME1 BM2,25,-0.0019520603662939915,expanding_window
1990-06-30 23:59:59.999999999,ME2 BM5,1,0.0010207466549365552,expanding_window
1990-06-30 23:59:59.999999999,SMALL HiBM,2,0.0007936935149922919,expanding_window
1990-06-30 23:59:59.999999999,ME3 BM2,3,0.0006967134236406224,expanding_window
1990-06-30 23:59:59.999999999,ME4 BM1,4,0.0006339529403907084,expanding_window
1990-06-30 23:59:59.999999999,ME1 BM4,5,0.00046811602845688076,expanding_window
1990-06-30 23:59:59.999999999,ME2 BM4,6,0.00039949824295547814,expanding_window
1990-06-30 23:59:59.999999999,ME5 BM3,7,0.0003617745202823094,expanding_window
1990-06-30 23:59:59.999999999,ME4 BM3,8,0.00033203703027651093,expanding_window
1990-06-30 23:59:59.999999999,BIG LoBM,9,0.00030276980084311024,expanding_window
1990-06-30 23:59:59.999999999,ME2 BM3,10,0.00021092004755529203,expanding_window
1990-06-30 23:59:59.999999999,ME3 BM4,11,0.00019009329091292576,expanding_window
1990-06-30 23:59:59.999999999,ME4 BM4,12,0.00011832071625986527,expanding_window
1990-06-30 23:59:59.999999999,ME5 BM2,13,1.4428699173178383e-05,expanding_window
1990-06-30 23:59:59.999999999,ME3 BM3,14,-9.96937413938874e-05,expanding_window
1990-06-30 23:59:59.999999999,ME3 BM5,15,-0.00012447665784100066,expanding_window
1990-06-30 23:59:59.999999999,ME2 BM2,16,-0.00018812928240003238,expanding_window
1990-06-30 23:59:59.999999999,ME4 BM2,17,-0.00026117531110984675,expanding_window
1990-06-30 23:59:59.999999999,ME4 BM5,18,-0.0002893827331486278,expanding_window
1990-06-30 23:59:59.999999999,BIG HiBM,19,-0.0006168905040674503,expanding_window
1990-06-30 23:59:59.999999999,ME3 BM1,20,-0.0006303525881890958,expanding_window
1990-06-30 23:59:59.999999999,ME5 BM4,21,-0.0007027918620200568,expanding_window
1990-06-30 23:59:59.999999999,ME1 BM3,22,-0.0008344837777543078,expanding_window
1990-06-30 23:59:59.999999999,ME2 BM1,23,-0.0009986699109798525,expanding_window
1990-06-30 23:59:59.999999999,SMALL LoBM,24,-0.001107365243519789,expanding_window
1990-06-30 23:59:59.999999999,ME1 BM2,25,-0.0013727067865570116,expanding_window
1991-06-30 23:59:59.999999999,ME2 BM5,1,0.0010521933170946683,expanding_window
1991-06-30 23:59:59.999999999,SMALL HiBM,2,0.0008228560313432557,expanding_window
1991-06-30 23:59:59.999999999,ME4 BM1,3,0.0007715633901814699,expanding_window
1991-06-30 23:59:59.999999999,ME3 BM2,4,0.0007522102457647884,expanding_window
1991-06-30 23:59:59.999999999,ME1 BM4,5,0.0005498558394681651,expanding_window
1991-06-30 23:59:59.999999999,ME2 BM4,6,0.0004968186017511364,expanding_window
1991-06-30 23:59:59.999999999,ME5 BM3,7,0.0003945252497471204,expanding_window
1991-06-30 23:59:59.999999999,BIG LoBM,8,0.0003618907471646547,expanding_window
1991-06-30 23:59:59.999999999,ME3 BM4,9,0.00027337455342626527,expanding_window
1991-06-30 23:59:59.999999999,ME4 BM3,10,0.00027097806340352663,expanding_window
1991-06-30 23:59:59.999999999,ME2 BM3,11,0.00023267311148335174,expanding_window
1991-06-30 23:59:59.999999999,ME4 BM4,12,0.00019999256326662236,expanding_window
1991-06-30 23:59:59.999999999,ME5 BM2,13,-1.0365318208788271e-05,expanding_window
1991-06-30 23:59:59.999999999,ME3 BM3,14,-5.036169411477156e-05,expanding_window
1991-06-30 23:59:59.999999999,ME3 BM5,15,-0.00015271935583311718,expanding_window
1991-06-30 23:59:59.999999999,ME2 BM2,16,-0.00022362524141860738,expanding_window
1991-06-30 23:59:59.999999999,ME4 BM2,17,-0.00023644036650770868,expanding_window
1991-06-30 23:59:59.999999999,ME4 BM5,18,-0.0002979707422038597,expanding_window
1991-06-30 23:59:59.999999999,ME3 BM1,19,-0.0006140391178236983,expanding_window
1991-06-30 23:59:59.999999999,BIG HiBM,20,-0.0006852407359066881,expanding_window
1991-06-30 23:59:59.999999999,ME5 BM4,21,-0.0007461963850908487,expanding_window
1991-06-30 23:59:59.999999999,ME1 BM3,22,-0.0007820463828483894,expanding_window
1991-06-30 23:59:59.999999999,ME2 BM1,23,-0.0009864279104029171,expanding_window
1991-06-30 23:59:59.999999999,SMALL LoBM,24,-0.0011756698526292012,expanding_window
1991-06-30 23:59:59.999999999,ME1 BM2,25,-0.0014124729992912393,expanding_window
1992-06-30 23:59:59.999999999,ME2 BM5,1,0.0010150238087397257,expanding_window
1992-06-30 23:59:59.999999999,SMALL HiBM,2,0.0008366367069299724,expanding_window
1992-06-30 23:59:59.999999999,ME4 BM1,3,0.0007624237529206289,expanding_window
1992-06-30 23:59:59.999999999,ME3 BM2,4,0.000745084211337554,expanding_window
1992-06-30 23:59:59.999999999,ME1 BM4,5,0.0005223306663224385,expanding_window
1992-06-30 23:59:59.999999999,ME2 BM4,6,0.00044968099166937345,expanding_window
1992-06-30 23:59:59.999999999,BIG LoBM,7,0.00042159279139736836,expanding_window
1992-06-30 23:59:59.999999999,ME5 BM3,8,0.00035055847241386795,expanding_window
1992-06-30 23:59:59.999999999,ME3 BM4,9,0.00033027467202447543,expanding_window
1992-06-30 23:59:59.999999999,ME4 BM3,10,0.00025883779298698314,expanding_window
1992-06-30 23:59:59.999999999,ME2 BM3,11,0.00023515549279298065,expanding_window
1992-06-30 23:59:59.999999999,ME4 BM4,12,0.00020408511704676432,expanding_window
1992-06-30 23:59:59.999999999,ME3 BM3,13,-4.504255445045981e-05,expanding_window
1992-06-30 23:59:59.999999999,ME3 BM5,14,-5.988644979932156e-05,expanding_window
1992-06-30 23:59:59.999999999,ME5 BM2,15,-7.553988020758366e-05,expanding_window
1992-06-30 23:59:59.999999999,ME4 BM2,16,-0.00028356932385890276,expanding_window
1992-06-30 23:59:59.999999999,ME2 BM2,17,-0.0003222007725034445,expanding_window
1992-06-30 23:59:59.999999999,ME4 BM5,18,-0.00033051221257243576,expanding_window
1992-06-30 23:59:59.999999999,ME3 BM1,19,-0.0006035209670514279,expanding_window
1992-06-30 23:59:59.999999999,BIG HiBM,20,-0.0007214294527635399,expanding_window
1992-06-30 23:59:59.999999999,ME5 BM4,21,-0.0007622640328190388,expanding_window
1992-06-30 23:59:59.999999999,ME1 BM3,22,-0.0008733639091761073,expanding_window
1992-06-30 23:59:59.999999999,ME2 BM1,23,-0.0010324970350628542,expanding_window
1992-06-30 23:59:59.999999999,SMALL LoBM,24,-0.0012394334740124728,expanding_window
1992-06-30 23:59:59.999999999,ME1 BM2,25,-0.0014390360488639536,expanding_window
1993-06-30 23:59:59.999999999,ME2 BM5,1,0.0010308102376607186,expanding_window
1993-06-30 23:59:59.999999999,SMALL HiBM,2,0.0008637567212258765,expanding_window
1993-06-30 23:59:59.999999999,ME4 BM1,3,0.000783389286193289,expanding_window
1993-06-30 23:59:59.999999999,ME3 BM2,4,0.0007793832068292223,expanding_window
1993-06-30 23:59:59.999999999,ME1 BM4,5,0.0004921718690453872,expanding_window
1993-06-30 23:59:59.999999999,ME2 BM4,6,0.00043189745807742364,expanding_window
1993-06-30 23:59:59.999999999,BIG LoBM,7,0.0003862253946405536,expanding_window
1993-06-30 23:59:59.999999999,ME5 BM3,8,0.0003382478553935471,expanding_window
1993-06-30 23:59:59.999999999,ME3 BM4,9,0.00033334723949884107,expanding_window
1993-06-30 23:59:59.999999999,ME4 BM3,10,0.00025626720775412577,expanding_window
1993-06-30 23:59:59.999999999,ME2 BM3,11,0.00023325066348746262,expanding_window
1993-06-30 23:59:59.999999999,ME4 BM4,12,0.00018510008824429458,expanding_window
1993-06-30 23:59:59.999999999,ME3 BM3,13,-4.207496558305582e-05,expanding_window
1993-06-30 23:59:59.999999999,ME5 BM2,14,-6.13694677727017e-05,expanding_window
1993-06-30 23:59:59.999999999,ME3 BM5,15,-0.00010377594203687551,expanding_window
1993-06-30 23:59:59.999999999,ME4 BM2,16,-0.00030387353093128686,expanding_window
1993-06-30 23:59:59.999999999,ME2 BM2,17,-0.00034155172455847707,expanding_window
1993-06-30 23:59:59.999999999,ME4 BM5,18,-0.0003669434555406281,expanding_window
1993-06-30 23:59:59.999999999,ME3 BM1,19,-0.0006354418108971822,expanding_window
1993-06-30 23:59:59.999999999,BIG HiBM,20,-0.0007816597443229872,expanding_window
1993-06-30 23:59:59.999999999,ME5 BM4,21,-0.0007856373836361333,expanding_window
1993-06-30 23:59:59.999999999,ME1 BM3,22,-0.000908594479040181,expanding_window
1993-06-30 23:59:59.999999999,ME2 BM1,23,-0.001098845918022967,expanding_window
1993-06-30 23:59:59.999999999,SMALL LoBM,24,-0.0013596190478596447,expanding_window
1993-06-30 23:59:59.999999999,ME1 BM2,25,-0.0015624995258015119,expanding_window
1994-06-30 23:59:59.999999999,ME2 BM5,1,0.0010593495167026676,expanding_window
1994-06-30 23:59:59.999999999,SMALL HiBM,2,0.0008957679658723992,expanding_window
1994-06-30 23:59:59.999999999,ME3 BM2,3,0.0007915139938337018,expanding_window
1994-06-30 23:59:59.999999999,ME4 BM1,4,0.0007778213015540873,expanding_window
1994-06-30 23:59:59.999999999,ME1 BM4,5,0.0004768321896491289,expanding_window
1994-06-30 23:59:59.999999999,BIG LoBM,6,0.00041499764788464866,expanding_window
1994-06-30 23:59:59.999999999,ME2 BM4,7,0.00039016798143798673,expanding_window
1994-06-30 23:59:59.999999999,ME5 BM3,8,0.0003451637949345466,expanding_window
1994-06-30 23:59:59.999999999,ME3 BM4,9,0.0003268845654937801,expanding_window
1994-06-30 23:59:59.999999999,ME4 BM3,10,0.0002516002155150373,expanding_window
1994-06-30 23:59:59.999999999,ME2 BM3,11,0.0002444902534269067,expanding_window
1994-06-30 23:59:59.999999999,ME4 BM4,12,0.00016955532655901586,expanding_window
1994-06-30 23:59:59.999999999,ME3 BM3,13,-2.339907031738986e-05,expanding_window
1994-06-30 23:59:59.999999999,ME5 BM2,14,-6.091368392452871e-05,expanding_window
1994-06-30 23:59:59.999999999,ME3 BM5,15,-0.00011811910028251154,expanding_window
1994-06-30 23:59:59.999999999,ME4 BM2,16,-0.00028946730126410477,expanding_window
1994-06-30 23:59:59.999999999,ME2 BM2,17,-0.00037737739453453463,expanding_window
1994-06-30 23:59:59.999999999,ME4 BM5,18,-0.0004550604311638958,expanding_window
1994-06-30 23:59:59.999999999,ME3 BM1,19,-0.0006875166014668916,expanding_window
1994-06-30 23:59:59.999999999,ME5 BM4,20,-0.0008422073812415841,expanding_window
1994-06-30 23:59:59.999999999,BIG HiBM,21,-0.0008447821697444703,expanding_window
1994-06-30 23:59:59.999999999,ME1 BM3,22,-0.0009526965419328776,expanding_window
1994-06-30 23:59:59.999999999,ME2 BM1,23,-0.0012108933754492255,expanding_window
1994-06-30 23:59:59.999999999,SMALL LoBM,24,-0.0015409276823446813,expanding_window
1994-06-30 23:59:59.999999999,ME1 BM2,25,-0.0017069908024744949,expanding_window
1995-06-30 23:59:59.999999999,ME2 BM5,1,0.0009995638339553616,expanding_window
1995-06-30 23:59:59.999999999,SMALL HiBM,2,0.0009132227414228595,expanding_window
1995-06-30 23:59:59.999999999,ME4 BM1,3,0.0007361321976850764,expanding_window
1995-06-30 23:59:59.999999999,ME3 BM2,4,0.0006792270845967202,expanding_window
1995-06-30 23:59:59.999999999,ME1 BM4,5,0.00047456374721839984,expanding_window
1995-06-30 23:59:59.999999999,BIG LoBM,6,0.00042694554256398693,expanding_window
1995-06-30 23:59:59.999999999,ME5 BM3,7,0.00038829634143182796,expanding_window
1995-06-30 23:59:59.999999999,ME2 BM4,8,0.00038489869737143534,expanding_window
1995-06-30 23:59:59.999999999,ME3 BM4,9,0.0003150467295898829,expanding_window
1995-06-30 23:59:59.999999999,ME2 BM3,10,0.0002427438288391692,expanding_window
1995-06-30 23:59:59.999999999,ME4 BM3,11,0.0002130722395476472,expanding_window
1995-06-30 23:59:59.999999999,ME4 BM4,12,0.00013534588250899775,expanding_window
1995-06-30 23:59:59.999999999,ME5 BM2,13,-8.698484622476107e-05,expanding_window
1995-06-30 23:59:59.999999999,ME3 BM3,14,-0.00010455255989755909,expanding_window
1995-06-30 23:59:59.999999999,ME3 BM5,15,-0.00012201138248721926,expanding_window
1995-06-30 23:59:59.999999999,ME4 BM2,16,-0.00029254937220263494,expanding_window
1995-06-30 23:59:59.999999999,ME2 BM2,17,-0.00038140626130779353,expanding_window
1995-06-30 23:59:59.999999999,ME4 BM5,18,-0.00044556783110782634,expanding_window
1995-06-30 23:59:59.999999999,ME3 BM1,19,-0.0006049331229422234,expanding_window
1995-06-30 23:59:59.999999999,BIG HiBM,20,-0.0007608851935454808,expanding_window
1995-06-30 23:59:59.999999999,ME5 BM4,21,-0.0008117611281992045,expanding_window
1995-06-30 23:59:59.999999999,ME1 BM3,22,-0.0008839089360221401,expanding_window
1995-06-30 23:59:59.999999999,ME2 BM1,23,-0.001077618025571836,expanding_window
1995-06-30 23:59:59.999999999,SMALL LoBM,24,-0.0014641150374275266,expanding_window
1995-06-30 23:59:59.999999999,ME1 BM2,25,-0.0015716023879358838,expanding_window
1996-06-30 23:59:59.999999999,ME2 BM5,1,0.0009816752023840505,expanding_window
1996-06-30 23:59:59.999999999,SMALL HiBM,2,0.0008862846312546904,expanding_window
1996-06-30 23:59:59.999999999,ME4 BM1,3,0.0007027555170903617,expanding_window
1996-06-30 23:59:59.999999999,ME3 BM2,4,0.0005859532640724691,expanding_window
1996-06-30 23:59:59.999999999,ME1 BM4,5,0.00045738772816274274,expanding_window
1996-06-30 23:59:59.999999999,BIG LoBM,6,0.00041758339252382086,expanding_window
1996-06-30 23:59:59.999999999,ME5 BM3,7,0.00041317761009995757,expanding_window
1996-06-30 23:59:59.999999999,ME2 BM4,8,0.00037322526549234255,expanding_window
1996-06-30 23:59:59.999999999,ME3 BM4,9,0.00031731423121165634,expanding_window
1996-06-30 23:59:59.999999999,ME4 BM3,10,0.0001274477220957549,expanding_window
1996-06-30 23:59:59.999999999,ME2 BM3,11,0.00010379354981535113,expanding_window
1996-06-30 23:59:59.999999999,ME4 BM4,12,4.104468556182512e-05,expanding_window
1996-06-30 23:59:59.999999999,ME5 BM2,13,-0.00010664770068640729,expanding_window
1996-06-30 23:59:59.999999999,ME3 BM3,14,-0.00016773090065344898,expanding_window
1996-06-30 23:59:59.999999999,ME3 BM5,15,-0.00021712526738800465,expanding_window
1996-06-30 23:59:59.999999999,ME2 BM2,16,-0.00038530124067839453,expanding_window
1996-06-30 23:59:59.999999999,ME4 BM2,17,-0.0004456876153653873,expanding_window
1996-06-30 23:59:59.999999999,ME4 BM5,18,-0.0005067749567082948,expanding_window
1996-06-30 23:59:59.999999999,ME3 BM1,19,-0.0006548833471785239,expanding_window
1996-06-30 23:59:59.999999999,BIG HiBM,20,-0.0007229847297381245,expanding_window
1996-06-30 23:59:59.999999999,ME5 BM4,21,-0.0008493362218325554,expanding_window
1996-06-30 23:59:59.999999999,ME1 BM3,22,-0.0008611663009776608,expanding_window
1996-06-30 23:59:59.999999999,ME2 BM1,23,-0.001043624823759224,expanding_window
1996-06-30 23:59:59.999999999,SMALL LoBM,24,-0.0014653825066145909,expanding_window
1996-06-30 23:59:59.999999999,ME1 BM2,25,-0.0015406065255919397,expanding_window
1997-06-30 23:59:59.999999999,ME2 BM5,1,0.0010030809375226645,expanding_window
1997-06-30 23:59:59.999999999,SMALL HiBM,2,0.0009245160811707635,expanding_window
1997-06-30 23:59:59.999999999,ME4 BM1,3,0.0006877278624741543,expanding_window
1997-06-30 23:59:59.999999999,ME3 BM2,4,0.0006186243262275391,expanding_window
1997-06-30 23:59:59.999999999,ME1 BM4,5,0.0004965893119381819,expanding_window
1997-06-30 23:59:59.999999999,BIG LoBM,6,0.00044257143143455334,expanding_window
1997-06-30 23:59:59.999999999,ME5 BM3,7,0.0004110465722111709,expanding_window
1997-06-30 23:59:59.999999999,ME2 BM4,8,0.00037677055258223465,expanding_window
1997-06-30 23:59:59.999999999,ME3 BM4,9,0.00034486668485554097,expanding_window
1997-06-30 23:59:59.999999999,ME4 BM3,10,0.0001246185809097401,expanding_window
1997-06-30 23:59:59.999999999,ME2 BM3,11,0.00011880536568275855,expanding_window
1997-06-30 23:59:59.999999999,ME4 BM4,12,5.940457021721092e-05,expanding_window
1997-06-30 23:59:59.999999999,ME5 BM2,13,-0.00010801390058414503,expanding_window
1997-06-30 23:59:59.999999999,ME3 BM3,14,-0.00014753886828377087,expanding_window
1997-06-30 23:59:59.999999999,ME3 BM5,15,-0.00023246049619342804,expanding_window
1997-06-30 23:59:59.999999999,ME2 BM2,16,-0.0004019785532173772,expanding_window
1997-06-30 23:59:59.999999999,ME4 BM2,17,-0.00044559361476156846,expanding_window
1997-06-30 23:59:59.999999999,ME4 BM5,18,-0.0005356153680460201,expanding_window
1997-06-30 23:59:59.999999999,ME3 BM1,19,-0.0006699150943047555,expanding_window
1997-06-30 23:59:59.999999999,BIG HiBM,20,-0.0008279531316406951,expanding_window
1997-06-30 23:59:59.999999999,ME5 BM4,21,-0.0008997103082477597,expanding_window
1997-06-30 23:59:59.999999999,ME1 BM3,22,-0.000936491085381195,expanding_window
1997-06-30 23:59:59.999999999,ME2 BM1,23,-0.0011147158725796516,expanding_window
1997-06-30 23:59:59.999999999,SMALL LoBM,24,-0.0016147252371736156,expanding_window
1997-06-30 23:59:59.999999999,ME1 BM2,25,-0.0016329773704869084,expanding_window
1998-06-30 23:59:59.999999999,ME2 BM5,1,0.0009719636356212857,expanding_window
1998-06-30 23:59:59.999999999,SMALL HiBM,2,0.0009522091238435125,expanding_window
1998-06-30 23:59:59.999999999,ME4 BM1,3,0.0006042044069043603,expanding_window
1998-06-30 23:59:59.999999999,ME3 BM2,4,0.0005517183616102299,expanding_window
1998-06-30 23:59:59.999999999,ME1 BM4,5,0.0005132263954417663,expanding_window
1998-06-30 23:59:59.999999999,BIG LoBM,6,0.00048234525034342255,expanding_window
1998-06-30 23:59:59.999999999,ME2 BM4,7,0.0003577556128046362,expanding_window
1998-06-30 23:59:59.999999999,ME5 BM3,8,0.0003396698171996183,expanding_window
1998-06-30 23:59:59.999999999,ME3 BM4,9,0.00025529833952944465,expanding_window
1998-06-30 23:59:59.999999999,ME2 BM3,10,7.820940416830436e-05,expanding_window
1998-06-30 23:59:59.999999999,ME4 BM3,11,7.615163336202756e-05,expanding_window
1998-06-30 23:59:59.999999999,ME4 BM4,12,2.3275711846185767e-05,expanding_window
1998-06-30 23:59:59.999999999,ME5 BM2,13,-0.00013757358111035864,expanding_window
1998-06-30 23:59:59.999999999,ME3 BM3,14,-0.00021125241917046441,expanding_window
1998-06-30 23:59:59.999999999,ME3 BM5,15,-0.0002303261620129818,expanding_window
1998-06-30 23:59:59.999999999,ME2 BM2,16,-0.00045367565024935865,expanding_window
1998-06-30 23:59:59.999999999,ME4 BM2,17,-0.0005118638400307103,expanding_window
1998-06-30 23:59:59.999999999,ME4 BM5,18,-0.0006179231002516546,expanding_window
1998-06-30 23:59:59.999999999,ME3 BM1,19,-0.0006779513394826133,expanding_window
1998-06-30 23:59:59.999999999,ME5 BM4,20,-0.0008380812600702116,expanding_window
1998-06-30 23:59:59.999999999,BIG HiBM,21,-0.0009118721803488766,expanding_window
1998-06-30 23:59:59.999999999,ME1 BM3,22,-0.0009836678479549301,expanding_window
1998-06-30 23:59:59.999999999,ME2 BM1,23,-0.0011133652648508223,expanding_window
1998-06-30 23:59:59.999999999,ME1 BM2,24,-0.0016432357764816442,expanding_window
1998-06-30 23:59:59.999999999,SMALL LoBM,25,-0.0016730200701263545,expanding_window
1999-06-30 23:59:59.999999999,SMALL HiBM,1,0.001013048857107748,expanding_window
1999-06-30 23:59:59.999999999,ME2 BM5,2,0.0008448139323395663,expanding_window
1999-06-30 23:59:59.999999999,ME1 BM4,3,0.00052239492787736,expanding_window
1999-06-30 23:59:59.999999999,BIG LoBM,4,0.0004919247912789261,expanding_window
1999-06-30 23:59:59.999999999,ME4 BM1,5,0.00045650171153302846,expanding_window
1999-06-30 23:59:59.999999999,ME3 BM2,6,0.00040238042512442344,expanding_window
1999-06-30 23:59:59.999999999,ME5 BM3,7,0.0002591977456254252,expanding_window
1999-06-30 23:59:59.999999999,ME2 BM4,8,0.00024288645449954983,expanding_window
1999-06-30 23:59:59.999999999,ME3 BM4,9,8.960310189700394e-05,expanding_window
1999-06-30 23:59:59.999999999,ME4 BM4,10,-1.0791187935609172e-05,expanding_window
1999-06-30 23:59:59.999999999,ME4 BM3,11,-4.379981328585833e-05,expanding_window
1999-06-30 23:59:59.999999999,ME2 BM3,12,-5.6657235144207406e-05,expanding_window
1999-06-30 23:59:59.999999999,ME5 BM2,13,-0.00030883950264786543,expanding_window
1999-06-30 23:59:59.999999999,ME3 BM5,14,-0.0003422731303315686,expanding_window
1999-06-30 23:59:59.999999999,ME3 BM3,15,-0.0003766362479888977,expanding_window
1999-06-30 23:59:59.999999999,ME2 BM2,16,-0.0004169741583109058,expanding_window
1999-06-30 23:59:59.999999999,ME4 BM5,17,-0.0005543744119879145,expanding_window
1999-06-30 23:59:59.999999999,ME4 BM2,18,-0.0005928830515235871,expanding_window
1999-06-30 23:59:59.999999999,ME3 BM1,19,-0.0006227721026397279,expanding_window
1999-06-30 23:59:59.999999999,ME5 BM4,20,-0.0007995092979507729,expanding_window
1999-06-30 23:59:59.999999999,BIG HiBM,21,-0.0008744774730327581,expanding_window
1999-06-30 23:59:59.999999999,ME1 BM3,22,-0.0008791531244983461,expanding_window
1999-06-30 23:59:59.999999999,ME2 BM1,23,-0.001004133528128774,expanding_window
1999-06-30 23:59:59.999999999,SMALL LoBM,24,-0.001544693730900721,expanding_window
1999-06-30 23:59:59.999999999,ME1 BM2,25,-0.0015497767169283974,expanding_window
2000-06-30 23:59:59.999999999,ME4 BM1,1,0.0008100254849518022,expanding_window
2000-06-30 23:59:59.999999999,SMALL HiBM,2,0.0006890478437996875,expanding_window
2000-06-30 23:59:59.999999999,ME2 BM5,3,0.00056924872151981,expanding_window
2000-06-30 23:59:59.999999999,ME1 BM4,4,0.0005538421890870971,expanding_window
2000-06-30 23:59:59.999999999,BIG LoBM,5,0.0004451811644222486,expanding_window
2000-06-30 23:59:59.999999999,ME3 BM2,6,0.00022485857130898957,expanding_window
2000-06-30 23:59:59.999999999,ME5 BM3,7,-2.362844121150796e-05,expanding_window
2000-06-30 23:59:59.999999999,ME4 BM4,8,-6.744604626024577e-05,expanding_window
2000-06-30 23:59:59.999999999,ME2 BM4,9,-6.911728591796026e-05,expanding_window
2000-06-30 23:59:59.999999999,ME3 BM4,10,-0.00014769231339171107,expanding_window
2000-06-30 23:59:59.999999999,ME4 BM3,11,-0.00029012024273144464,expanding_window
2000-06-30 23:59:59.999999999,ME3 BM5,12,-0.0004845493336243667,expanding_window
2000-06-30 23:59:59.999999999,ME2 BM2,13,-0.0004963593649847369,expanding_window
2000-06-30 23:59:59.999999999,ME5 BM2,14,-0.0005114161275712053,expanding_window
2000-06-30 23:59:59.999999999,ME2 BM3,15,-0.0005886495310722163,expanding_window
2000-06-30 23:59:59.999999999,ME3 BM3,16,-0.0006427189947037439,expanding_window
2000-06-30 23:59:59.999999999,ME3 BM1,17,-0.0006741229712150301,expanding_window
2000-06-30 23:59:59.999999999,ME4 BM5,18,-0.0007210564560916282,expanding_window
2000-06-30 23:59:59.999999999,ME4 BM2,19,-0.0008671877758392464,expanding_window
2000-06-30 23:59:59.999999999,ME1 BM3,20,-0.0008919061997542887,expanding_window
2000-06-30 23:59:59.999999999,BIG HiBM,21,-0.0010784143605237976,expanding_window
2000-06-30 23:59:59.999999999,ME5 BM4,22,-0.0011575904427123737,expanding_window
2000-06-30 23:59:59.999999999,ME2 BM1,23,-0.0012894191966543503,expanding_window
2000-06-30 23:59:59.999999999,ME1 BM2,24,-0.001535566275864055,expanding_window
2000-06-30 23:59:59.999999999,SMALL LoBM,25,-0.0016021974327252082,expanding_window
2001-06-30 23:59:59.999999999,ME4 BM1,1,0.0009725890439621135,expanding_window
2001-06-30 23:59:59.999999999,SMALL HiBM,2,0.0007124153552370259,expanding_window
2001-06-30 23:59:59.999999999,ME1 BM4,3,0.0006825494995981172,expanding_window
2001-06-30 23:59:59.999999999,ME2 BM5,4,0.0006435216583924157,expanding_window
2001-06-30 23:59:59.999999999,BIG LoBM,5,0.0005283266366748439,expanding_window
2001-06-30 23:59:59.999999999,ME3 BM2,6,0.00036968034700778904,expanding_window
2001-06-30 23:59:59.999999999,ME5 BM3,7,0.00011487515803923438,expanding_window
2001-06-30 23:59:59.999999999,ME2 BM4,8,-2.3812035637244466e-07,expanding_window
2001-06-30 23:59:59.999999999,ME4 BM4,9,-1.4457842806490885e-06,expanding_window
2001-06-30 23:59:59.999999999,ME3 BM4,10,-0.00010260133845271306,expanding_window
2001-06-30 23:59:59.999999999,ME4 BM3,11,-0.00012673450520630283,expanding_window
2001-06-30 23:59:59.999999999,ME5 BM2,12,-0.0003031745265707077,expanding_window
2001-06-30 23:59:59.999999999,ME2 BM2,13,-0.00030463016883566687,expanding_window
2001-06-30 23:59:59.999999999,ME2 BM3,14,-0.0003758966897519978,expanding_window
2001-06-30 23:59:59.999999999,ME3 BM5,15,-0.00037743533277460103,expanding_window
2001-06-30 23:59:59.999999999,ME3 BM3,16,-0.0005475273859576707,expanding_window
2001-06-30 23:59:59.999999999,ME4 BM5,17,-0.0005710083623660391,expanding_window
2001-06-30 23:59:59.999999999,ME4 BM2,18,-0.0006983162506791398,expanding_window
2001-06-30 23:59:59.999999999,ME3 BM1,19,-0.0007446343417309973,expanding_window
2001-06-30 23:59:59.999999999,ME1 BM3,20,-0.0007917940813222139,expanding_window
2001-06-30 23:59:59.999999999,ME5 BM4,21,-0.0010142783999922075,expanding_window
2001-06-30 23:59:59.999999999,BIG HiBM,22,-0.0010624188939566185,expanding_window
2001-06-30 23:59:59.999999999,ME2 BM1,23,-0.0011896331381602715,expanding_window
2001-06-30 23:59:59.999999999,ME1 BM2,24,-0.0014194232016432062,expanding_window
2001-06-30 23:59:59.999999999,SMALL LoBM,25,-0.0016138161720860367,expanding_window
2002-06-30 23:59:59.999999999,ME4 BM1,1,0.0008620624982187427,expanding_window
2002-06-30 23:59:59.999999999,SMALL HiBM,2,0.0006565639784236307,expanding_window
2002-06-30 23:59:59.999999999,ME2 BM5,3,0.0005986991228629242,expanding_window
2002-06-30 23:59:59.999999999,ME1 BM4,4,0.0005793400805723211,expanding_window
2002-06-30 23:59:59.999999999,BIG LoBM,5,0.0004994957989110668,expanding_window
2002-06-30 23:59:59.999999999,ME3 BM2,6,0.0003699768521865835,expanding_window
2002-06-30 23:59:59.999999999,ME5 BM3,7,5.397655345824404e-05,expanding_window
2002-06-30 23:59:59.999999999,ME4 BM4,8,-4.417757214569606e-05,expanding_window
2002-06-30 23:59:59.999999999,ME2 BM4,9,-7.046144193142951e-05,expanding_window
2002-06-30 23:59:59.999999999,ME3 BM4,10,-8.909954208690792e-05,expanding_window
2002-06-30 23:59:59.999999999,ME4 BM3,11,-0.00016770757640129698,expanding_window
2002-06-30 23:59:59.999999999,ME2 BM2,12,-0.0002958803539724767,expanding_window
2002-06-30 23:59:59.999999999,ME5 BM2,13,-0.0003894214954415125,expanding_window
2002-06-30 23:59:59.999999999,ME2 BM3,14,-0.00039010774016078027,expanding_window
2002-06-30 23:59:59.999999999,ME3 BM5,15,-0.0004416989989249235,expanding_window
2002-06-30 23:59:59.999999999,ME3 BM3,16,-0.0005395601363961316,expanding_window
2002-06-30 23:59:59.999999999,ME4 BM5,17,-0.0005924441651802647,expanding_window
2002-06-30 23:59:59.999999999,ME3 BM1,18,-0.0006829345973453304,expanding_window
2002-06-30 23:59:59.999999999,ME4 BM2,19,-0.0007662779780969364,expanding_window
2002-06-30 23:59:59.999999999,ME1 BM3,20,-0.0007741331628405082,expanding_window
2002-06-30 23:59:59.999999999,BIG HiBM,21,-0.0008303321697540833,expanding_window
2002-06-30 23:59:59.999999999,ME5 BM4,22,-0.000990413315044051,expanding_window
2002-06-30 23:59:59.999999999,ME2 BM1,23,-0.0010646173156146125,expanding_window
2002-06-30 23:59:59.999999999,ME1 BM2,24,-0.0013093363207309734,expanding_window
2002-06-30 23:59:59.999999999,SMALL LoBM,25,-0.0014403291183577743,expanding_window
2003-06-30 23:59:59.999999999,ME4 BM1,1,0.0008816659347944462,expanding_window
2003-06-30 23:59:59.999999999,SMALL HiBM,2,0.0007014390158726476,expanding_window
2003-06-30 23:59:59.999999999,ME1 BM4,3,0.0006146989053730003,expanding_window
2003-06-30 23:59:59.999999999,ME2 BM5,4,0.0005377034362549891,expanding_window
2003-06-30 23:59:59.999999999,BIG LoBM,5,0.0004921599407074956,expanding_window
2003-06-30 23:59:59.999999999,ME3 BM2,6,0.000310385640659675,expanding_window
2003-06-30 23:59:59.999999999,ME5 BM3,7,8.828597936181475e-05,expanding_window
2003-06-30 23:59:59.999999999,ME4 BM4,8,-3.1686037787041136e-05,expanding_window
2003-06-30 23:59:59.999999999,ME2 BM4,9,-5.863947130866308e-05,expanding_window
2003-06-30 23:59:59.999999999,ME3 BM4,10,-0.00012238965601359857,expanding_window
2003-06-30 23:59:59.999999999,ME4 BM3,11,-0.00015293417078449147,expanding_window
2003-06-30 23:59:59.999999999,ME5 BM2,12,-0.0003449624178346746,expanding_window
2003-06-30 23:59:59.999999999,ME2 BM2,13,-0.000380736466975177,expanding_window
2003-06-30 23:59:59.999999999,ME2 BM3,14,-0.0004097259041638702,expanding_window
2003-06-30 23:59:59.999999999,ME3 BM5,15,-0.00041335770124052945,expanding_window
2003-06-30 23:59:59.999999999,ME3 BM3,16,-0.0005235690120272471,expanding_window
2003-06-30 23:59:59.999999999,ME4 BM5,17,-0.0006093604877601822,expanding_window
2003-06-30 23:59:59.999999999,ME3 BM1,18,-0.0007555519971932999,expanding_window
2003-06-30 23:59:59.999999999,ME4 BM2,19,-0.0007657481525952432,expanding_window
2003-06-30 23:59:59.999999999,ME1 BM3,20,-0.0008169588770673803,expanding_window
2003-06-30 23:59:59.999999999,BIG HiBM,21,-0.0008867959987233447,expanding_window
2003-06-30 23:59:59.999999999,ME5 BM4,22,-0.0010495777655254064,expanding_window
2003-06-30 23:59:59.999999999,ME2 BM1,23,-0.0011417895189041725,expanding_window
2003-06-30 23:59:59.999999999,ME1 BM2,24,-0.001393321429915829,expanding_window
2003-06-30 23:59:59.999999999,SMALL LoBM,25,-0.0015315102362391366,expanding_window
2004-06-30 23:59:59.999999999,ME4 BM1,1,0.0009040135732475022,expanding_window
2004-06-30 23:59:59.999999999,SMALL HiBM,2,0.0007664947584899333,expanding_window
2004-06-30 23:59:59.999999999,ME1 BM4,3,0.0006297860805043413,expanding_window
2004-06-30 23:59:59.999999999,ME2 BM5,4,0.0005813474527679686,expanding_window
2004-06-30 23:59:59.999999999,BIG LoBM,5,0.000507975911003611,expanding_window
2004-06-30 23:59:59.999999999,ME3 BM2,6,0.0003306956842963114,expanding_window
2004-06-30 23:59:59.999999999,ME5 BM3,7,8.133322695218367e-05,expanding_window
2004-06-30 23:59:59.999999999,ME4 BM4,8,1.540763367281707e-05,expanding_window
2004-06-30 23:59:59.999999999,ME2 BM4,9,-8.637102156437961e-05,expanding_window
2004-06-30 23:59:59.999999999,ME3 BM4,10,-0.0001031535807753742,expanding_window
2004-06-30 23:59:59.999999999,ME4 BM3,11,-0.00014673720972382593,expanding_window
2004-06-30 23:59:59.999999999,ME5 BM2,12,-0.00034373377587963824,expanding_window
2004-06-30 23:59:59.999999999,ME2 BM2,13,-0.00040319826920704534,expanding_window
2004-06-30 23:59:59.999999999,ME2 BM3,14,-0.00042298183785741844,expanding_window
2004-06-30 23:59:59.999999999,ME3 BM5,15,-0.0004236089860637052,expanding_window
2004-06-30 23:59:59.999999999,ME3 BM3,16,-0.0005583252253963556,expanding_window
2004-06-30 23:59:59.999999999,ME4 BM5,17,-0.0006322740927076716,expanding_window
2004-06-30 23:59:59.999999999,ME3 BM1,18,-0.0007834401415322135,expanding_window
2004-06-30 23:59:59.999999999,ME4 BM2,19,-0.0007905705127541083,expanding_window
2004-06-30 23:59:59.999999999,ME1 BM3,20,-0.0008550538419871314,expanding_window
2004-06-30 23:59:59.999999999,BIG HiBM,21,-0.000959375525719382,expanding_window
2004-06-30 23:59:59.999999999,ME5 BM4,22,-0.001103633660154587,expanding_window
2004-06-30 23:59:59.999999999,ME2 BM1,23,-0.0012076234187706231,expanding_window
2004-06-30 23:59:59.999999999,ME1 BM2,24,-0.0015214311316779497,expanding_window
2004-06-30 23:59:59.999999999,SMALL LoBM,25,-0.0017029097826805062,expanding_window
2005-06-30 23:59:59.999999999,ME4 BM1,1,0.0009499954709722472,expanding_window
2005-06-30 23:59:59.999999999,SMALL HiBM,2,0.0007571633934007407,expanding_window
2005-06-30 23:59:59.999999999,ME2 BM5,3,0.0006055590859752043,expanding_window
2005-06-30 23:59:59.999999999,ME1 BM4,4,0.0005837106723339306,expanding_window
2005-06-30 23:59:59.999999999,BIG LoBM,5,0.0004880345747190939,expanding_window
2005-06-30 23:59:59.999999999,ME3 BM2,6,0.00034187026887536656,expanding_window
2005-06-30 23:59:59.999999999,ME5 BM3,7,0.0001002396363559244,expanding_window
2005-06-30 23:59:59.999999999,ME4 BM4,8,3.6278244784118425e-05,expanding_window
2005-06-30 23:59:59.999999999,ME2 BM4,9,-9.51003574046769e-05,expanding_window
2005-06-30 23:59:59.999999999,ME4 BM3,10,-0.00010643246781877409,expanding_window
2005-06-30 23:59:59.999999999,ME3 BM4,11,-0.0001380031555202313,expanding_window
2005-06-30 23:59:59.999999999,ME5 BM2,12,-0.0003471050166752339,expanding_window
2005-06-30 23:59:59.999999999,ME2 BM2,13,-0.00037017867013811544,expanding_window
2005-06-30 23:59:59.999999999,ME2 BM3,14,-0.00037934880515827095,expanding_window
2005-06-30 23:59:59.999999999,ME3 BM5,15,-0.0004271177368704313,expanding_window
2005-06-30 23:59:59.999999999,ME3 BM3,16,-0.0005670395461813802,expanding_window
2005-06-30 23:59:59.999999999,ME4 BM5,17,-0.0006715704231196882,expanding_window
2005-06-30 23:59:59.999999999,ME3 BM1,18,-0.0007783793733811154,expanding_window
2005-06-30 23:59:59.999999999,ME4 BM2,19,-0.0007794029090575061,expanding_window
2005-06-30 23:59:59.999999999,ME1 BM3,20,-0.0008925703496530898,expanding_window
2005-06-30 23:59:59.999999999,BIG HiBM,21,-0.000976975995399604,expanding_window
2005-06-30 23:59:59.999999999,ME5 BM4,22,-0.0011369183371991143,expanding_window
2005-06-30 23:59:59.999999999,ME2 BM1,23,-0.0012016990001156645,expanding_window
2005-06-30 23:59:59.999999999,ME1 BM2,24,-0.0015190457029295363,expanding_window
2005-06-30 23:59:59.999999999,SMALL LoBM,25,-0.001754958309981018,expanding_window
2006-06-30 23:59:59.999999999,ME4 BM1,1,0.0009914268700642937,expanding_window
2006-06-30 23:59:59.999999999,SMALL HiBM,2,0.0007511233376934402,expanding_window
2006-06-30 23:59:59.999999999,ME2 BM5,3,0.0005677040769241255,expanding_window
2006-06-30 23:59:59.999999999,ME1 BM4,4,0.0005646419824717811,expanding_window
2006-06-30 23:59:59.999999999,BIG LoBM,5,0.00046488142358783657,expanding_window
2006-06-30 23:59:59.999999999,ME3 BM2,6,0.0003560113573265294,expanding_window
2006-06-30 23:59:59.999999999,ME5 BM3,7,9.461387652729379e-05,expanding_window
2006-06-30 23:59:59.999999999,ME4 BM4,8,4.1366753958551716e-05,expanding_window
2006-06-30 23:59:59.999999999,ME4 BM3,9,-9.968503157130624e-05,expanding_window
2006-06-30 23:59:59.999999999,ME2 BM4,10,-0.00015709329764005705,expanding_window
2006-06-30 23:59:59.999999999,ME3 BM4,11,-0.00022308603859160815,expanding_window
2006-06-30 23:59:59.999999999,ME2 BM3,12,-0.00031278922003586383,expanding_window
2006-06-30 23:59:59.999999999,ME2 BM2,13,-0.0003501804006947807,expanding_window
2006-06-30 23:59:59.999999999,ME5 BM2,14,-0.00036470016967169773,expanding_window
2006-06-30 23:59:59.999999999,ME3 BM5,15,-0.0005277861393568949,expanding_window
2006-06-30 23:59:59.999999999,ME3 BM3,16,-0.0005531381351750374,expanding_window
2006-06-30 23:59:59.999999999,ME4 BM5,17,-0.0007060784800313688,expanding_window
2006-06-30 23:59:59.999999999,ME4 BM2,18,-0.0007859560141500572,expanding_window
2006-06-30 23:59:59.999999999,ME3 BM1,19,-0.0008013224969792329,expanding_window
2006-06-30 23:59:59.999999999,ME1 BM3,20,-0.0009319885611028068,expanding_window
2006-06-30 23:59:59.999999999,BIG HiBM,21,-0.0010059282731773327,expanding_window
2006-06-30 23:59:59.999999999,ME5 BM4,22,-0.0011421250001764712,expanding_window
2006-06-30 23:59:59.999999999,ME2 BM1,23,-0.0012220999574447397,expanding_window
2006-06-30 23:59:59.999999999,ME1 BM2,24,-0.0015416748559918007,expanding_window
2006-06-30 23:59:59.999999999,SMALL LoBM,25,-0.0018148317343520126,expanding_window
2007-06-30 23:59:59.999999999,ME4 BM1,1,0.0009746354658806584,expanding_window
2007-06-30 23:59:59.999999999,SMALL HiBM,2,0.0008063462369785109,expanding_window
2007-06-30 23:59:59.999999999,ME1 BM4,3,0.0005622328425730647,expanding_window
2007-06-30 23:59:59.999999999,ME2 BM5,4,0.0005477548403481643,expanding_window
2007-06-30 23:59:59.999999999,BIG LoBM,5,0.0004373194345430989,expanding_window
2007-06-30 23:59:59.999999999,ME3 BM2,6,0.0003944623717048888,expanding_window
2007-06-30 23:59:59.999999999,ME5 BM3,7,0.00011119334041037577,expanding_window
2007-06-30 23:59:59.999999999,ME4 BM4,8,3.869772332160717e-05,expanding_window
2007-06-30 23:59:59.999999999,ME4 BM3,9,-0.00011062662267386818,expanding_window
2007-06-30 23:59:59.999999999,ME2 BM4,10,-0.0001845039969488384,expanding_window
2007-06-30 23:59:59.999999999,ME3 BM4,11,-0.00018723347480019423,expanding_window
2007-06-30 23:59:59.999999999,ME2 BM3,12,-0.0003110449277724056,expanding_window
2007-06-30 23:59:59.999999999,ME5 BM2,13,-0.0003526965629078207,expanding_window
2007-06-30 23:59:59.999999999,ME2 BM2,14,-0.0003570214733135856,expanding_window
2007-06-30 23:59:59.999999999,ME3 BM3,15,-0.0004949114927350016,expanding_window
2007-06-30 23:59:59.999999999,ME3 BM5,16,-0.0005167245067988412,expanding_window
2007-06-30 23:59:59.999999999,ME4 BM5,17,-0.0006848362582707993,expanding_window
2007-06-30 23:59:59.999999999,ME3 BM1,18,-0.0007358943674196966,expanding_window
2007-06-30 23:59:59.999999999,ME4 BM2,19,-0.0007506163444712506,expanding_window
2007-06-30 23:59:59.999999999,ME1 BM3,20,-0.0009511251363405398,expanding_window
2007-06-30 23:59:59.999999999,BIG HiBM,21,-0.000988102905337977,expanding_window
2007-06-30 23:59:59.999999999,ME5 BM4,22,-0.0011428006781690014,expanding_window
2007-06-30 23:59:59.999999999,ME2 BM1,23,-0.0012362011661306098,expanding_window
2007-06-30 23:59:59.999999999,ME1 BM2,24,-0.001516076437578356,expanding_window
2007-06-30 23:59:59.999999999,SMALL LoBM,25,-0.0018030277114691115,expanding_window
2008-06-30 23:59:59.999999999,ME4 BM1,1,0.0010399876903557836,expanding_window
2008-06-30 23:59:59.999999999,SMALL HiBM,2,0.0007697872609725433,expanding_window
2008-06-30 23:59:59.999999999,ME1 BM4,3,0.0006512313081774913,expanding_window
2008-06-30 23:59:59.999999999,ME2 BM5,4,0.0005651545211757187,expanding_window
2008-06-30 23:59:59.999999999,ME3 BM2,5,0.0005260451501921577,expanding_window
2008-06-30 23:59:59.999999999,BIG LoBM,6,0.0004965009421699954,expanding_window
2008-06-30 23:59:59.999999999,ME5 BM3,7,0.00011855077114258,expanding_window
2008-06-30 23:59:59.999999999,ME4 BM4,8,8.965910106856787e-05,expanding_window
2008-06-30 23:59:59.999999999,ME2 BM4,9,-5.711058235636948e-05,expanding_window
2008-06-30 23:59:59.999999999,ME3 BM4,10,-6.821613999341498e-05,expanding_window
2008-06-30 23:59:59.999999999,ME4 BM3,11,-9.623003432897886e-05,expanding_window
2008-06-30 23:59:59.999999999,ME2 BM3,12,-0.00017293865752102,expanding_window
2008-06-30 23:59:59.999999999,ME2 BM2,13,-0.00026747226916464363,expanding_window
2008-06-30 23:59:59.999999999,ME5 BM2,14,-0.00030234895474657664,expanding_window
2008-06-30 23:59:59.999999999,ME3 BM5,15,-0.00032228318864307705,expanding_window
2008-06-30 23:59:59.999999999,ME3 BM3,16,-0.00033576150116550657,expanding_window
2008-06-30 23:59:59.999999999,ME3 BM1,17,-0.0006105425130613367,expanding_window
2008-06-30 23:59:59.999999999,ME4 BM2,18,-0.0006584524898912267,expanding_window
2008-06-30 23:59:59.999999999,ME4 BM5,19,-0.0007146765878156202,expanding_window
2008-06-30 23:59:59.999999999,BIG HiBM,20,-0.0008889370301802591,expanding_window
2008-06-30 23:59:59.999999999,ME1 BM3,21,-0.0009533398560854422,expanding_window
2008-06-30 23:59:59.999999999,ME2 BM1,22,-0.0011413561445631744,expanding_window
2008-06-30 23:59:59.999999999,ME5 BM4,23,-0.0012024980520833944,expanding_window
2008-06-30 23:59:59.999999999,ME1 BM2,24,-0.0013988090407591007,expanding_window
2008-06-30 23:59:59.999999999,SMALL LoBM,25,-0.0016753169636544386,expanding_window
2009-06-30 23:59:59.999999999,ME4 BM1,1,0.000977778337800943,expanding_window
2009-06-30 23:59:59.999999999,SMALL HiBM,2,0.000770863075569866,expanding_window
2009-06-30 23:59:59.999999999,ME1 BM4,3,0.0006661919351552397,expanding_window
2009-06-30 23:59:59.999999999,BIG LoBM,4,0.0005533529183854545,expanding_window
2009-06-30 23:59:59.999999999,ME2 BM5,5,0.0005515858622746803,expanding_window
2009-06-30 23:59:59.999999999,ME3 BM2,6,0.0004635798197795092,expanding_window
2009-06-30 23:59:59.999999999,ME5 BM3,7,0.00025192319378038327,expanding_window
2009-06-30 23:59:59.999999999,ME4 BM4,8,0.00020014717354039128,expanding_window
2009-06-30 23:59:59.999999999,ME3 BM4,9,4.444983525826436e-05,expanding_window
2009-06-30 23:59:59.999999999,ME2 BM3,10,-6.498304694538542e-05,expanding_window
2009-06-30 23:59:59.999999999,ME2 BM4,11,-6.676452490228963e-05,expanding_window
2009-06-30 23:59:59.999999999,ME3 BM5,12,-0.00012848076045784897,expanding_window
2009-06-30 23:59:59.999999999,ME4 BM3,13,-0.00013300261738929866,expanding_window
2009-06-30 23:59:59.999999999,ME2 BM2,14,-0.00017634003055510113,expanding_window
2009-06-30 23:59:59.999999999,ME3 BM3,15,-0.00021144894366580163,expanding_window
2009-06-30 23:59:59.999999999,ME5 BM2,16,-0.00029263699852480194,expanding_window
2009-06-30 23:59:59.999999999,ME4 BM2,17,-0.0005734931977893923,expanding_window
2009-06-30 23:59:59.999999999,ME3 BM1,18,-0.0006196535353466572,expanding_window
2009-06-30 23:59:59.999999999,ME4 BM5,19,-0.000682015146307552,expanding_window
2009-06-30 23:59:59.999999999,BIG HiBM,20,-0.0006976835068995858,expanding_window
2009-06-30 23:59:59.999999999,ME1 BM3,21,-0.0008099808839325362,expanding_window
2009-06-30 23:59:59.999999999,ME2 BM1,22,-0.0011328648321543501,expanding_window
2009-06-30 23:59:59.999999999,ME1 BM2,23,-0.001274075439424292,expanding_window
2009-06-30 23:59:59.999999999,ME5 BM4,24,-0.001423605425383435,expanding_window
2009-06-30 23:59:59.999999999,SMALL LoBM,25,-0.0015479519221940484,expanding_window
2010-06-30 23:59:59.999999999,ME4 BM1,1,0.0010616277079598558,expanding_window
2010-06-30 23:59:59.999999999,SMALL HiBM,2,0.0008374400648489244,expanding_window
2010-06-30 23:59:59.999999999,ME1 BM4,3,0.0006665596446081147,expanding_window
2010-06-30 23:59:59.999999999,BIG LoBM,4,0.000561486014284776,expanding_window
2010-06-30 23:59:59.999999999,ME2 BM5,5,0.000533491231384878,expanding_window
2010-06-30 23:59:59.999999999,ME3 BM2,6,0.0004944164558863264,expanding_window
2010-06-30 23:59:59.999999999,ME5 BM3,7,0.00024259689588481502,expanding_window
2010-06-30 23:59:59.999999999,ME4 BM4,8,0.00018511826737137101,expanding_window
2010-06-30 23:59:59.999999999,ME3 BM4,9,7.630388805370217e-05,expanding_window
2010-06-30 23:59:59.999999999,ME2 BM3,10,-7.75919820798562e-05,expanding_window
2010-06-30 23:59:59.999999999,ME2 BM4,11,-9.050283391683222e-05,expanding_window
2010-06-30 23:59:59.999999999,ME3 BM5,12,-0.00010897460892459146,expanding_window
2010-06-30 23:59:59.999999999,ME4 BM3,13,-0.00015922290817404876,expanding_window
2010-06-30 23:59:59.999999999,ME2 BM2,14,-0.00019154025020819674,expanding_window
2010-06-30 23:59:59.999999999,ME3 BM3,15,-0.0001992275730786847,expanding_window
2010-06-30 23:59:59.999999999,ME5 BM2,16,-0.00029591293718744425,expanding_window
2010-06-30 23:59:59.999999999,ME4 BM2,17,-0.0005731904478705997,expanding_window
2010-06-30 23:59:59.999999999,ME3 BM1,18,-0.000660761367315363,expanding_window
2010-06-30 23:59:59.999999999,ME4 BM5,19,-0.0006786753222420214,expanding_window
2010-06-30 23:59:59.999999999,BIG HiBM,20,-0.0008318553202494978,expanding_window
2010-06-30 23:59:59.999999999,ME1 BM3,21,-0.0008806595174205776,expanding_window
2010-06-30 23:59:59.999999999,ME2 BM1,22,-0.0012168290568956497,expanding_window
2010-06-30 23:59:59.999999999,ME1 BM2,23,-0.0014087875886151517,expanding_window
2010-06-30 23:59:59.999999999,ME5 BM4,24,-0.0014945897542887059,expanding_window
2010-06-30 23:59:59.999999999,SMALL LoBM,25,-0.0017544017512610445,expanding_window
2011-06-30 23:59:59.999999999,ME4 BM1,1,0.001068208219667548,expanding_window
2011-06-30 23:59:59.999999999,SMALL HiBM,2,0.0008392662814760431,expanding_window
2011-06-30 23:59:59.999999999,ME1 BM4,3,0.0006587937174543454,expanding_window
2011-06-30 23:59:59.999999999,ME2 BM5,4,0.0005834646496862457,expanding_window
2011-06-30 23:59:59.999999999,BIG LoBM,5,0.0005603752330637093,expanding_window
2011-06-30 23:59:59.999999999,ME3 BM2,6,0.0005576782851534132,expanding_window
2011-06-30 23:59:59.999999999,ME5 BM3,7,0.0002794990337915774,expanding_window
2011-06-30 23:59:59.999999999,ME4 BM4,8,0.000251728607670632,expanding_window
2011-06-30 23:59:59.999999999,ME3 BM4,9,0.00013063150193321765,expanding_window
2011-06-30 23:59:59.999999999,ME2 BM3,10,-4.0915093526557007e-05,expanding_window
2011-06-30 23:59:59.999999999,ME2 BM4,11,-6.675778552552109e-05,expanding_window
2011-06-30 23:59:59.999999999,ME3 BM5,12,-9.636205910002415e-05,expanding_window
2011-06-30 23:59:59.999999999,ME4 BM3,13,-0.00014164702861461042,expanding_window
2011-06-30 23:59:59.999999999,ME2 BM2,14,-0.00017520628691234205,expanding_window
2011-06-30 23:59:59.999999999,ME3 BM3,15,-0.00018120683911946572,expanding_window
2011-06-30 23:59:59.999999999,ME5 BM2,16,-0.0002992117255550998,expanding_window
2011-06-30 23:59:59.999999999,ME4 BM2,17,-0.0005327146228654322,expanding_window
2011-06-30 23:59:59.999999999,ME3 BM1,18,-0.0006365860393085678,expanding_window
2011-06-30 23:59:59.999999999,ME4 BM5,19,-0.0007095577462651956,expanding_window
2011-06-30 23:59:59.999999999,BIG HiBM,20,-0.0008625178860708669,expanding_window
2011-06-30 23:59:59.999999999,ME1 BM3,21,-0.0008896552295586851,expanding_window
2011-06-30 23:59:59.999999999,ME2 BM1,22,-0.0012242083433660585,expanding_window
2011-06-30 23:59:59.999999999,ME1 BM2,23,-0.0014656821305834159,expanding_window
2011-06-30 23:59:59.999999999,ME5 BM4,24,-0.0015052234707495827,expanding_window
2011-06-30 23:59:59.999999999,SMALL LoBM,25,-0.0018332269330119592,expanding_window
2012-06-30 23:59:59.999999999,ME4 BM1,1,0.0010436715095945937,expanding_window
2012-06-30 23:59:59.999999999,SMALL HiBM,2,0.0009334015899833299,expanding_window
2012-06-30 23:59:59.999999999,ME1 BM4,3,0.0006612724948150247,expanding_window
2012-06-30 23:59:59.999999999,BIG LoBM,4,0.000591990472960373,expanding_window
2012-06-30 23:59:59.999999999,ME2 BM5,5,0.0005615821581913298,expanding_window
2012-06-30 23:59:59.999999999,ME3 BM2,6,0.0005537297055079845,expanding_window
2012-06-30 23:59:59.999999999,ME4 BM4,7,0.0003134232376084507,expanding_window
2012-06-30 23:59:59.999999999,ME5 BM3,8,0.0002803967063121934,expanding_window
2012-06-30 23:59:59.999999999,ME3 BM4,9,0.00011500080204978523,expanding_window
2012-06-30 23:59:59.999999999,ME2 BM4,10,1.4997671330096757e-05,expanding_window
2012-06-30 23:59:59.999999999,ME2 BM3,11,-8.074186754096691e-05,expanding_window
2012-06-30 23:59:59.999999999,ME3 BM5,12,-8.24093152741812e-05,expanding_window
2012-06-30 23:59:59.999999999,ME2 BM2,13,-0.00016742982973831454,expanding_window
2012-06-30 23:59:59.999999999,ME4 BM3,14,-0.00019797849741641944,expanding_window
2012-06-30 23:59:59.999999999,ME3 BM3,15,-0.00021142405571572342,expanding_window
2012-06-30 23:59:59.999999999,ME5 BM2,16,-0.00025477217483185907,expanding_window
2012-06-30 23:59:59.999999999,ME4 BM2,17,-0.0005771434395599351,expanding_window
2012-06-30 23:59:59.999999999,ME3 BM1,18,-0.0006852291261347507,expanding_window
2012-06-30 23:59:59.999999999,ME4 BM5,19,-0.0007096004172767437,expanding_window
2012-06-30 23:59:59.999999999,ME1 BM3,20,-0.0008655553458708752,expanding_window
2012-06-30 23:59:59.999999999,BIG HiBM,21,-0.0009151236496272252,expanding_window
2012-06-30 23:59:59.999999999,ME2 BM1,22,-0.001134245497983379,expanding_window
2012-06-30 23:59:59.999999999,ME5 BM4,23,-0.0014086231644605451,expanding_window
2012-06-30 23:59:59.999999999,ME1 BM2,24,-0.001448498569895252,expanding_window
2012-06-30 23:59:59.999999999,SMALL LoBM,25,-0.001861795278285423,expanding_window
2013-06-30 23:59:59.999999999,ME4 BM1,1,0.0010610555471063708,expanding_window
2013-06-30 23:59:59.999999999,SMALL HiBM,2,0.0008862213734844352,expanding_window
2013-06-30 23:59:59.999999999,ME1 BM4,3,0.0006415459640356056,expanding_window
2013-06-30 23:59:59.999999999,ME3 BM2,4,0.000595774077748376,expanding_window
2013-06-30 23:59:59.999999999,BIG LoBM,5,0.0005533370344059914,expanding_window
2013-06-30 23:59:59.999999999,ME2 BM5,6,0.0005502653107980024,expanding_window
2013-06-30 23:59:59.999999999,ME4 BM4,7,0.0003167567102100733,expanding_window
2013-06-30 23:59:59.999999999,ME5 BM3,8,0.00025263247040328694,expanding_window
2013-06-30 23:59:59.999999999,ME3 BM4,9,0.00014282601768314095,expanding_window
2013-06-30 23:59:59.999999999,ME2 BM4,10,-3.053658745322648e-05,expanding_window
2013-06-30 23:59:59.999999999,ME2 BM3,11,-9.042721453097886e-05,expanding_window
2013-06-30 23:59:59.999999999,ME3 BM5,12,-0.00017297275089693206,expanding_window
2013-06-30 23:59:59.999999999,ME2 BM2,13,-0.00018699344301979955,expanding_window
2013-06-30 23:59:59.999999999,ME3 BM3,14,-0.00022623754069201336,expanding_window
2013-06-30 23:59:59.999999999,ME4 BM3,15,-0.0002566469218549608,expanding_window
2013-06-30 23:59:59.999999999,ME5 BM2,16,-0.0002571287165761705,expanding_window
2013-06-30 23:59:59.999999999,ME4 BM2,17,-0.0005732342255263588,expanding_window
2013-06-30 23:59:59.999999999,ME3 BM1,18,-0.000715997842013721,expanding_window
2013-06-30 23:59:59.999999999,ME4 BM5,19,-0.0007243861521393716,expanding_window
2013-06-30 23:59:59.999999999,ME1 BM3,20,-0.0009228880033760336,expanding_window
2013-06-30 23:59:59.999999999,BIG HiBM,21,-0.0009385889731047784,expanding_window
2013-06-30 23:59:59.999999999,ME2 BM1,22,-0.0011425085146440596,expanding_window
2013-06-30 23:59:59.999999999,ME5 BM4,23,-0.0014407045640071376,expanding_window
2013-06-30 23:59:59.999999999,ME1 BM2,24,-0.0014677576272149372,expanding_window
2013-06-30 23:59:59.999999999,SMALL LoBM,25,-0.0019171901331405566,expanding_window
2014-06-30 23:59:59.999999999,ME4 BM1,1,0.0010452815509686495,expanding_window
2014-06-30 23:59:59.999999999,SMALL HiBM,2,0.0008635583196850869,expanding_window
2014-06-30 23:59:59.999999999,ME1 BM4,3,0.0006698485431000315,expanding_window
2014-06-30 23:59:59.999999999,ME3 BM2,4,0.00062342904058155,expanding_window
2014-06-30 23:59:59.999999999,BIG LoBM,5,0.0005627573357901881,expanding_window
2014-06-30 23:59:59.999999999,ME2 BM5,6,0.0005314451571446267,expanding_window
2014-06-30 23:59:59.999999999,ME4 BM4,7,0.0003253468239448302,expanding_window
2014-06-30 23:59:59.999999999,ME5 BM3,8,0.00024721586238328946,expanding_window
2014-06-30 23:59:59.999999999,ME3 BM4,9,0.0001845638459731341,expanding_window
2014-06-30 23:59:59.999999999,ME2 BM4,10,-4.824738250436798e-05,expanding_window
2014-06-30 23:59:59.999999999,ME2 BM3,11,-8.571196371076476e-05,expanding_window
2014-06-30 23:59:59.999999999,ME3 BM5,12,-0.00016211735700760738,expanding_window
2014-06-30 23:59:59.999999999,ME2 BM2,13,-0.00020476624964753252,expanding_window
2014-06-30 23:59:59.999999999,ME3 BM3,14,-0.0002234179663649385,expanding_window
2014-06-30 23:59:59.999999999,ME4 BM3,15,-0.00023402032125295678,expanding_window
2014-06-30 23:59:59.999999999,ME5 BM2,16,-0.00027513929667447696,expanding_window
2014-06-30 23:59:59.999999999,ME4 BM2,17,-0.0005730054333374488,expanding_window
2014-06-30 23:59:59.999999999,ME4 BM5,18,-0.0007126520838290158,expanding_window
2014-06-30 23:59:59.999999999,ME3 BM1,19,-0.0007287720344059911,expanding_window
2014-06-30 23:59:59.999999999,ME1 BM3,20,-0.0009397727930090579,expanding_window
2014-06-30 23:59:59.999999999,BIG HiBM,21,-0.0009675115214141522,expanding_window
2014-06-30 23:59:59.999999999,ME2 BM1,22,-0.0011373729273403874,expanding_window
2014-06-30 23:59:59.999999999,ME1 BM2,23,-0.0014454948228282067,expanding_window
2014-06-30 23:59:59.999999999,ME5 BM4,24,-0.001450567433446763,expanding_window
2014-06-30 23:59:59.999999999,SMALL LoBM,25,-0.0019480262881296272,expanding_window
2015-06-30 23:59:59.999999999,ME4 BM1,1,0.0010507650621004064,expanding_window
2015-06-30 23:59:59.999999999,SMALL HiBM,2,0.00088918160281429,expanding_window
2015-06-30 23:59:59.999999999,ME1 BM4,3,0.0006994362289993034,expanding_window
2015-06-30 23:59:59.999999999,ME3 BM2,4,0.0006574027841371069,expanding_window
2015-06-30 23:59:59.999999999,BIG LoBM,5,0.0005832552971339624,expanding_window
2015-06-30 23:59:59.999999999,ME2 BM5,6,0.0005000797043366,expanding_window
2015-06-30 23:59:59.999999999,ME4 BM4,7,0.0003343533267993909,expanding_window
2015-06-30 23:59:59.999999999,ME5 BM3,8,0.0002866832569249479,expanding_window
2015-06-30 23:59:59.999999999,ME3 BM4,9,0.00017108811434171824,expanding_window
2015-06-30 23:59:59.999999999,ME2 BM4,10,-1.957786622393162e-05,expanding_window
2015-06-30 23:59:59.999999999,ME2 BM3,11,-7.740944902116348e-05,expanding_window
2015-06-30 23:59:59.999999999,ME4 BM3,12,-0.00014109538296965262,expanding_window
2015-06-30 23:59:59.999999999,ME2 BM2,13,-0.00014685421096419858,expanding_window
2015-06-30 23:59:59.999999999,ME3 BM5,14,-0.00016690940000941014,expanding_window
2015-06-30 23:59:59.999999999,ME3 BM3,15,-0.0002090706095206302,expanding_window
2015-06-30 23:59:59.999999999,ME5 BM2,16,-0.00026688012111339177,expanding_window
2015-06-30 23:59:59.999999999,ME4 BM2,17,-0.000576897329203891,expanding_window
2015-06-30 23:59:59.999999999,ME3 BM1,18,-0.0006491379866854386,expanding_window
2015-06-30 23:59:59.999999999,ME4 BM5,19,-0.000701359926508836,expanding_window
2015-06-30 23:59:59.999999999,BIG HiBM,20,-0.0009015880135268058,expanding_window
2015-06-30 23:59:59.999999999,ME1 BM3,21,-0.0009552420982563339,expanding_window
2015-06-30 23:59:59.999999999,ME2 BM1,22,-0.0010898330388445484,expanding_window
2015-06-30 23:59:59.999999999,ME1 BM2,23,-0.0013888866025329617,expanding_window
2015-06-30 23:59:59.999999999,ME5 BM4,24,-0.001468037973673961,expanding_window
2015-06-30 23:59:59.999999999,SMALL LoBM,25,-0.0019315236433271685,expanding_window
2016-06-30 23:59:59.999999999,ME4 BM1,1,0.0010302194221248858,expanding_window
2016-06-30 23:59:59.999999999,SMALL HiBM,2,0.0009169759017407331,expanding_window
2016-06-30 23:59:59.999999999,ME1 BM4,3,0.0007049575079556935,expanding_window
2016-06-30 23:59:59.999999999,ME3 BM2,4,0.0006497082208330137,expanding_window
2016-06-30 23:59:59.999999999,BIG LoBM,5,0.0005898115337347961,expanding_window
2016-06-30 23:59:59.999999999,ME2 BM5,6,0.000515139303299924,expanding_window
2016-06-30 23:59:59.999999999,ME4 BM4,7,0.00036073267499152356,expanding_window
2016-06-30 23:59:59.999999999,ME5 BM3,8,0.00029364537389152406,expanding_window
2016-06-30 23:59:59.999999999,ME3 BM4,9,0.00013448765988454748,expanding_window
2016-06-30 23:59:59.999999999,ME2 BM4,10,9.333568461426626e-06,expanding_window
2016-06-30 23:59:59.999999999,ME2 BM3,11,-6.197465888047596e-05,expanding_window
2016-06-30 23:59:59.999999999,ME2 BM2,12,-0.00012571448498075092,expanding_window
2016-06-30 23:59:59.999999999,ME4 BM3,13,-0.00014126787934025387,expanding_window
2016-06-30 23:59:59.999999999,ME3 BM5,14,-0.0001749519945801027,expanding_window
2016-06-30 23:59:59.999999999,ME3 BM3,15,-0.00022498055937623848,expanding_window
2016-06-30 23:59:59.999999999,ME5 BM2,16,-0.0002400688288283804,expanding_window
2016-06-30 23:59:59.999999999,ME4 BM2,17,-0.0005803297858340633,expanding_window
2016-06-30 23:59:59.999999999,ME3 BM1,18,-0.0006886224519247695,expanding_window
2016-06-30 23:59:59.999999999,ME4 BM5,19,-0.0007555675600308411,expanding_window
2016-06-30 23:59:59.999999999,ME1 BM3,20,-0.0009754043194875699,expanding_window
2016-06-30 23:59:59.999999999,BIG HiBM,21,-0.000983967515392308,expanding_window
2016-06-30 23:59:59.999999999,ME2 BM1,22,-0.0011607807778878754,expanding_window
2016-06-30 23:59:59.999999999,ME1 BM2,23,-0.001435662814096951,expanding_window
2016-06-30 23:59:59.999999999,ME5 BM4,24,-0.0014825250325691025,expanding_window
2016-06-30 23:59:59.999999999,SMALL LoBM,25,-0.002065289679147391,expanding_window
2017-06-30 23:59:59.999999999,ME4 BM1,1,0.0009848206506625813,expanding_window
2017-06-30 23:59:59.999999999,SMALL HiBM,2,0.0008712889078588714,expanding_window
2017-06-30 23:59:59.999999999,ME1 BM4,3,0.0007462210986382521,expanding_window
2017-06-30 23:59:59.999999999,ME3 BM2,4,0.0006026876091883402,expanding_window
2017-06-30 23:59:59.999999999,BIG LoBM,5,0.0005887669310387592,expanding_window
2017-06-30 23:59:59.999999999,ME2 BM5,6,0.0004687869615373086,expanding_window
2017-06-30 23:59:59.999999999,ME4 BM4,7,0.0002910462650870694,expanding_window
2017-06-30 23:59:59.999999999,ME5 BM3,8,0.0002530361521610392,expanding_window
2017-06-30 23:59:59.999999999,ME3 BM4,9,0.00011683858856267838,expanding_window
2017-06-30 23:59:59.999999999,ME2 BM4,10,5.075255017747074e-06,expanding_window
2017-06-30 23:59:59.999999999,ME2 BM3,11,-0.00010143589683668232,expanding_window
2017-06-30 23:59:59.999999999,ME4 BM3,12,-0.00011256330230643917,expanding_window
2017-06-30 23:59:59.999999999,ME2 BM2,13,-0.00014693926652947138,expanding_window
2017-06-30 23:59:59.999999999,ME3 BM3,14,-0.00019884191356804945,expanding_window
2017-06-30 23:59:59.999999999,ME3 BM5,15,-0.00023033223098556076,expanding_window
2017-06-30 23:59:59.999999999,ME5 BM2,16,-0.00023116435598368517,expanding_window
2017-06-30 23:59:59.999999999,ME4 BM2,17,-0.0005987957406179865,expanding_window
2017-06-30 23:59:59.999999999,ME3 BM1,18,-0.0006842039670729989,expanding_window
2017-06-30 23:59:59.999999999,ME4 BM5,19,-0.0006949378008951793,expanding_window
2017-06-30 23:59:59.999999999,ME1 BM3,20,-0.0009021810971510755,expanding_window
2017-06-30 23:59:59.999999999,BIG HiBM,21,-0.0009282567500911618,expanding_window
2017-06-30 23:59:59.999999999,ME2 BM1,22,-0.001025414946084898,expanding_window
2017-06-30 23:59:59.999999999,ME1 BM2,23,-0.0013868404906930468,expanding_window
2017-06-30 23:59:59.999999999,ME5 BM4,24,-0.0014680383513736865,expanding_window
2017-06-30 23:59:59.999999999,SMALL LoBM,25,-0.001901422067998756,expanding_window
2018-06-30 23:59:59.999999999,ME4 BM1,1,0.0009734418680649799,expanding_window
2018-06-30 23:59:59.999999999,SMALL HiBM,2,0.0009015936646451994,expanding_window
2018-06-30 23:59:59.999999999,ME1 BM4,3,0.0007398499826219751,expanding_window
2018-06-30 23:59:59.999999999,BIG LoBM,4,0.0006602380219263183,expanding_window
2018-06-30 23:59:59.999999999,ME3 BM2,5,0.0005831714682829149,expanding_window
2018-06-30 23:59:59.999999999,ME2 BM5,6,0.0004687073772418344,expanding_window
2018-06-30 23:59:59.999999999,ME5 BM3,7,0.0002746093796528175,expanding_window
2018-06-30 23:59:59.999999999,ME4 BM4,8,0.0002531651277756313,expanding_window
2018-06-30 23:59:59.999999999,ME3 BM4,9,0.00014497038228692904,expanding_window
2018-06-30 23:59:59.999999999,ME2 BM4,10,7.201651480565025e-06,expanding_window
2018-06-30 23:59:59.999999999,ME2 BM2,11,-8.283770952882805e-05,expanding_window
2018-06-30 23:59:59.999999999,ME4 BM3,12,-0.0001013474425480928,expanding_window
2018-06-30 23:59:59.999999999,ME2 BM3,13,-0.00011474459862002316,expanding_window
2018-06-30 23:59:59.999999999,ME3 BM3,14,-0.00022542644286429814,expanding_window
2018-06-30 23:59:59.999999999,ME3 BM5,15,-0.00022718076513810178,expanding_window
2018-06-30 23:59:59.999999999,ME5 BM2,16,-0.0002754405257510689,expanding_window
2018-06-30 23:59:59.999999999,ME4 BM2,17,-0.0005471855229110203,expanding_window
2018-06-30 23:59:59.999999999,ME4 BM5,18,-0.0006589125123860792,expanding_window
2018-06-30 23:59:59.999999999,ME3 BM1,19,-0.0006968257042664097,expanding_window
2018-06-30 23:59:59.999999999,ME1 BM3,20,-0.0009008263320829748,expanding_window
2018-06-30 23:59:59.999999999,BIG HiBM,21,-0.0009085959613247803,expanding_window
2018-06-30 23:59:59.999999999,ME2 BM1,22,-0.001086306011138645,expanding_window
2018-06-30 23:59:59.999999999,ME1 BM2,23,-0.0013961049503676945,expanding_window
2018-06-30 23:59:59.999999999,ME5 BM4,24,-0.0014670197065746629,expanding_window
2018-06-30 23:59:59.999999999,SMALL LoBM,25,-0.0018889548405432778,expanding_window
2019-06-30 23:59:59.999999999,ME4 BM1,1,0.0010135727643993302,expanding_window
2019-06-30 23:59:59.999999999,SMALL HiBM,2,0.0009246452088343289,expanding_window
2019-06-30 23:59:59.999999999,ME1 BM4,3,0.0007281179009451708,expanding_window
2019-06-30 23:59:59.999999999,BIG LoBM,4,0.000632355347962578,expanding_window
2019-06-30 23:59:59.999999999,ME3 BM2,5,0.000615243906370966,expanding_window
2019-06-30 23:59:59.999999999,ME2 BM5,6,0.0004902685468944541,expanding_window
2019-06-30 23:59:59.999999999,ME5 BM3,7,0.0002982751196600998,expanding_window
2019-06-30 23:59:59.999999999,ME4 BM4,8,0.00024087342845281143,expanding_window
2019-06-30 23:59:59.999999999,ME3 BM4,9,0.00017486597166748488,expanding_window
2019-06-30 23:59:59.999999999,ME2 BM2,10,2.3143284976866885e-05,expanding_window
2019-06-30 23:59:59.999999999,ME2 BM3,11,-6.71886361947391e-05,expanding_window
2019-06-30 23:59:59.999999999,ME2 BM4,12,-7.800040945694534e-05,expanding_window
2019-06-30 23:59:59.999999999,ME4 BM3,13,-0.0001171312149377617,expanding_window
2019-06-30 23:59:59.999999999,ME3 BM3,14,-0.0001460065639698667,expanding_window
2019-06-30 23:59:59.999999999,ME5 BM2,15,-0.00023835586346560768,expanding_window
2019-06-30 23:59:59.999999999,ME3 BM5,16,-0.00027701999504510565,expanding_window
2019-06-30 23:59:59.999999999,ME4 BM2,17,-0.0005210291414489048,expanding_window
2019-06-30 23:59:59.999999999,ME4 BM5,18,-0.0006003997391763295,expanding_window
2019-06-30 23:59:59.999999999,ME3 BM1,19,-0.0006449745757667066,expanding_window
2019-06-30 23:59:59.999999999,ME1 BM3,20,-0.0008659584402200932,expanding_window
2019-06-30 23:59:59.999999999,BIG HiBM,21,-0.0008710110565024506,expanding_window
2019-06-30 23:59:59.999999999,ME2 BM1,22,-0.0010068967396254542,expanding_window
2019-06-30 23:59:59.999999999,ME1 BM2,23,-0.0012814357526119958,expanding_window
2019-06-30 23:59:59.999999999,ME5 BM4,24,-0.0014748686560482572,expanding_window
2019-06-30 23:59:59.999999999,SMALL LoBM,25,-0.0017907318361838032,expanding_window
2020-06-30 23:59:59.999999999,SMALL HiBM,1,0.0009791402672505967,expanding_window
2020-06-30 23:59:59.999999999,ME4 BM1,2,0.0009114828352336649,expanding_window
2020-06-30 23:59:59.999999999,BIG LoBM,3,0.0006736236634802488,expanding_window
2020-06-30 23:59:59.999999999,ME1 BM4,4,0.0006176597355519269,expanding_window
2020-06-30 23:59:59.999999999,ME3 BM2,5,0.0006149360114653015,expanding_window
2020-06-30 23:59:59.999999999,ME2 BM5,6,0.0005024961330943297,expanding_window
2020-06-30 23:59:59.999999999,ME5 BM3,7,0.0002799499579594072,expanding_window
2020-06-30 23:59:59.999999999,ME3 BM4,8,0.00021120251511371418,expanding_window
2020-06-30 23:59:59.999999999,ME4 BM4,9,6.54410714357137e-05,expanding_window
2020-06-30 23:59:59.999999999,ME2 BM2,10,1.044674510620078e-05,expanding_window
2020-06-30 23:59:59.999999999,ME2 BM3,11,-9.21217092047898e-05,expanding_window
2020-06-30 23:59:59.999999999,ME2 BM4,12,-0.00011666732004270727,expanding_window
2020-06-30 23:59:59.999999999,ME4 BM3,13,-0.00013714949016609433,expanding_window
2020-06-30 23:59:59.999999999,ME3 BM3,14,-0.00015757374748709727,expanding_window
2020-06-30 23:59:59.999999999,ME5 BM2,15,-0.00021653266653577513,expanding_window
2020-06-30 23:59:59.999999999,ME3 BM5,16,-0.0003952263435404171,expanding_window
2020-06-30 23:59:59.999999999,ME4 BM2,17,-0.0005130471726338464,expanding_window
2020-06-30 23:59:59.999999999,ME4 BM5,18,-0.0006134275711966895,expanding_window
2020-06-30 23:59:59.999999999,ME3 BM1,19,-0.0006448252570549698,expanding_window
2020-06-30 23:59:59.999999999,ME1 BM3,20,-0.0007012028728235814,expanding_window
2020-06-30 23:59:59.999999999,BIG HiBM,21,-0.0007336878735465582,expanding_window
2020-06-30 23:59:59.999999999,ME2 BM1,22,-0.000975949238571672,expanding_window
2020-06-30 23:59:59.999999999,ME1 BM2,23,-0.0010338574611246912,expanding_window
2020-06-30 23:59:59.999999999,ME5 BM4,24,-0.0014631733594611227,expanding_window
2020-06-30 23:59:59.999999999,SMALL LoBM,25,-0.0015220888365776346,expanding_window
2021-06-30 23:59:59.999999999,SMALL HiBM,1,0.0011416148367046298,expanding_window
2021-06-30 23:59:59.999999999,ME4 BM1,2,0.0009351365163777302,expanding_window
2021-06-30 23:59:59.999999999,BIG LoBM,3,0.0006990721036022471,expanding_window
2021-06-30 23:59:59.999999999,ME3 BM2,4,0.0006350894555293945,expanding_window
2021-06-30 23:59:59.999999999,ME1 BM4,5,0.0006076677996728887,expanding_window
2021-06-30 23:59:59.999999999,ME2 BM5,6,0.0005284101841122371,expanding_window
2021-06-30 23:59:59.999999999,ME5 BM3,7,0.00029158259010161273,expanding_window
2021-06-30 23:59:59.999999999,ME3 BM4,8,0.00024996672003933763,expanding_window
2021-06-30 23:59:59.999999999,ME4 BM4,9,9.61625878860721e-05,expanding_window
2021-06-30 23:59:59.999999999,ME2 BM2,10,1.274979011183663e-05,expanding_window
2021-06-30 23:59:59.999999999,ME2 BM3,11,-8.040125060023597e-05,expanding_window
2021-06-30 23:59:59.999999999,ME4 BM3,12,-0.00011938727721523078,expanding_window
2021-06-30 23:59:59.999999999,ME2 BM4,13,-0.00014683458298729083,expanding_window
2021-06-30 23:59:59.999999999,ME3 BM3,14,-0.0001698423726287699,expanding_window
2021-06-30 23:59:59.999999999,ME5 BM2,15,-0.00021606337312041074,expanding_window
2021-06-30 23:59:59.999999999,ME3 BM5,16,-0.0003884591305209014,expanding_window
2021-06-30 23:59:59.999999999,ME4 BM2,17,-0.0005344666685147552,expanding_window
2021-06-30 23:59:59.999999999,ME4 BM5,18,-0.0006982978183342436,expanding_window
2021-06-30 23:59:59.999999999,ME3 BM1,19,-0.0007131518365312541,expanding_window
2021-06-30 23:59:59.999999999,BIG HiBM,20,-0.0007908486418771781,expanding_window
2021-06-30 23:59:59.999999999,ME1 BM3,21,-0.0007986658012096631,expanding_window
2021-06-30 23:59:59.999999999,ME2 BM1,22,-0.0010286779007119972,expanding_window
2021-06-30 23:59:59.999999999,ME1 BM2,23,-0.0011728478504536971,expanding_window
2021-06-30 23:59:59.999999999,ME5 BM4,24,-0.0015358036173778729,expanding_window
2021-06-30 23:59:59.999999999,SMALL LoBM,25,-0.0017406314528347151,expanding_window
2022-06-30 23:59:59.999999999,SMALL HiBM,1,0.0011088756251306797,expanding_window
2022-06-30 23:59:59.999999999,ME4 BM1,2,0.0009479029222426967,expanding_window
2022-06-30 23:59:59.999999999,BIG LoBM,3,0.0007089255476033611,expanding_window
2022-06-30 23:59:59.999999999,ME3 BM2,4,0.0006600227237725175,expanding_window
2022-06-30 23:59:59.999999999,ME1 BM4,5,0.0006429437985077053,expanding_window
2022-06-30 23:59:59.999999999,ME2 BM5,6,0.000533565906540771,expanding_window
2022-06-30 23:59:59.999999999,ME5 BM3,7,0.0003000081385306725,expanding_window
2022-06-30 23:59:59.999999999,ME3 BM4,8,0.0002444690282406817,expanding_window
2022-06-30 23:59:59.999999999,ME4 BM4,9,9.856814566348816e-05,expanding_window
2022-06-30 23:59:59.999999999,ME2 BM2,10,8.104375824411186e-06,expanding_window
2022-06-30 23:59:59.999999999,ME2 BM3,11,-7.073171055967396e-05,expanding_window
2022-06-30 23:59:59.999999999,ME4 BM3,12,-0.00010612574995413816,expanding_window
2022-06-30 23:59:59.999999999,ME2 BM4,13,-0.00011128919435732888,expanding_window
2022-06-30 23:59:59.999999999,ME3 BM3,14,-0.00015410715170677513,expanding_window
2022-06-30 23:59:59.999999999,ME5 BM2,15,-0.00020534776177231278,expanding_window
2022-06-30 23:59:59.999999999,ME3 BM5,16,-0.00037617291231406195,expanding_window
2022-06-30 23:59:59.999999999,ME4 BM2,17,-0.0005234286120207295,expanding_window
2022-06-30 23:59:59.999999999,ME4 BM5,18,-0.0006781252845966688,expanding_window
2022-06-30 23:59:59.999999999,ME3 BM1,19,-0.0006900576963248454,expanding_window
2022-06-30 23:59:59.999999999,ME1 BM3,20,-0.0007875447255256429,expanding_window
2022-06-30 23:59:59.999999999,BIG HiBM,21,-0.0008373492404902063,expanding_window
2022-06-30 23:59:59.999999999,ME2 BM1,22,-0.0010403810991547375,expanding_window
2022-06-30 23:59:59.999999999,ME1 BM2,23,-0.001158470024933918,expanding_window
2022-06-30 23:59:59.999999999,ME5 BM4,24,-0.0015363395738723664,expanding_window
2022-06-30 23:59:59.999999999,SMALL LoBM,25,-0.001779371219304916,expanding_window
2023-06-30 23:59:59.999999999,SMALL HiBM,1,0.001110355616864212,expanding_window
2023-06-30 23:59:59.999999999,ME4 BM1,2,0.0008950498754601219,expanding_window
2023-06-30 23:59:59.999999999,BIG LoBM,3,0.000717192322826147,expanding_window
2023-06-30 23:59:59.999999999,ME3 BM2,4,0.0006699372112423515,expanding_window
2023-06-30 23:59:59.999999999,ME1 BM4,5,0.0006100447987968838,expanding_window
2023-06-30 23:59:59.999999999,ME2 BM5,6,0.0005090225943447375,expanding_window
2023-06-30 23:59:59.999999999,ME3 BM4,7,0.00026582541485904,expanding_window
2023-06-30 23:59:59.999999999,ME5 BM3,8,0.00024993953712133246,expanding_window
2023-06-30 23:59:59.999999999,ME4 BM4,9,0.00013006887305906716,expanding_window
2023-06-30 23:59:59.999999999,ME2 BM2,10,5.136167020000859e-05,expanding_window
2023-06-30 23:59:59.999999999,ME2 BM3,11,-6.273328602806249e-05,expanding_window
2023-06-30 23:59:59.999999999,ME2 BM4,12,-6.477531586843573e-05,expanding_window
2023-06-30 23:59:59.999999999,ME4 BM3,13,-0.00012999673553778967,expanding_window
2023-06-30 23:59:59.999999999,ME3 BM3,14,-0.00013450223169735335,expanding_window
2023-06-30 23:59:59.999999999,ME5 BM2,15,-0.00021133931729867052,expanding_window
2023-06-30 23:59:59.999999999,ME3 BM5,16,-0.00037067748553573974,expanding_window
2023-06-30 23:59:59.999999999,ME4 BM2,17,-0.0005353814164452169,expanding_window
2023-06-30 23:59:59.999999999,ME3 BM1,18,-0.0007289352112861712,expanding_window
2023-06-30 23:59:59.999999999,ME4 BM5,19,-0.000737845084979046,expanding_window
2023-06-30 23:59:59.999999999,ME1 BM3,20,-0.0007403518046808641,expanding_window
2023-06-30 23:59:59.999999999,BIG HiBM,21,-0.0008114490107579166,expanding_window
2023-06-30 23:59:59.999999999,ME2 BM1,22,-0.0010213406517208198,expanding_window
2023-06-30 23:59:59.999999999,ME1 BM2,23,-0.00115150588476094,expanding_window
2023-06-30 23:59:59.999999999,ME5 BM4,24,-0.0014806395854409062,expanding_window
2023-06-30 23:59:59.999999999,SMALL LoBM,25,-0.001763868283777359,expanding_window
2024-06-30 23:59:59.999999999,SMALL HiBM,1,0.00112016944139089,expanding_window
2024-06-30 23:59:59.999999999,ME4 BM1,2,0.0008437032604064343,expanding_window
2024-06-30 23:59:59.999999999,BIG LoBM,3,0.0007180777830146656,expanding_window
2024-06-30 23:59:59.999999999,ME3 BM2,4,0.0006391957473570439,expanding_window
2024-06-30 23:59:59.999999999,ME1 BM4,5,0.0006282952430655948,expanding_window
2024-06-30 23:59:59.999999999,ME2 BM5,6,0.0004921280693744591,expanding_window
2024-06-30 23:59:59.999999999,ME5 BM3,7,0.00024597746088082556,expanding_window
2024-06-30 23:59:59.999999999,ME3 BM4,8,0.000244142077442247,expanding_window
2024-06-30 23:59:59.999999999,ME4 BM4,9,0.00011002235902498949,expanding_window
2024-06-30 23:59:59.999999999,ME2 BM2,10,3.097537632244771e-05,expanding_window
2024-06-30 23:59:59.999999999,ME2 BM4,11,-5.482122735438706e-05,expanding_window
2024-06-30 23:59:59.999999999,ME2 BM3,12,-6.163732326169713e-05,expanding_window
2024-06-30 23:59:59.999999999,ME3 BM3,13,-0.00019316815725842687,expanding_window
2024-06-30 23:59:59.999999999,ME4 BM3,14,-0.000225047187071808,expanding_window
2024-06-30 23:59:59.999999999,ME5 BM2,15,-0.00022792058270422718,expanding_window
2024-06-30 23:59:59.999999999,ME3 BM5,16,-0.0003973459951192429,expanding_window
2024-06-30 23:59:59.999999999,ME4 BM2,17,-0.0005672580810684064,expanding_window
2024-06-30 23:59:59.999999999,ME3 BM1,18,-0.0007596812822063325,expanding_window
2024-06-30 23:59:59.999999999,ME4 BM5,19,-0.0007778376613568434,expanding_window
2024-06-30 23:59:59.999999999,ME1 BM3,20,-0.0007792143924978185,expanding_window
2024-06-30 23:59:59.999999999,BIG HiBM,21,-0.000857976095679632,expanding_window
2024-06-30 23:59:59.999999999,ME2 BM1,22,-0.001079720806994584,expanding_window
2024-06-30 23:59:59.999999999,ME1 BM2,23,-0.001172490419697725,expanding_window
2024-06-30 23:59:59.999999999,ME5 BM4,24,-0.001515267478871813,expanding_window
2024-06-30 23:59:59.999999999,SMALL LoBM,25,-0.0018635314661696212,expanding_window
