portfolio,window_end,forward_start,forward_end,forward_months,posterior_alpha,performance_rank,quintile,forward_alpha_monthly,forward_alpha_annualized_bps
ME3 BM3,1936-06-30 23:59:59.999999999,1936-07-31 23:59:59.999999999,1937-06-30 23:59:59.999999999,12,0.005560398731076962,1,5,0.008821876837124898,1058.6252204549878
ME1 BM4,1936-06-30 23:59:59.999999999,1936-07-31 23:59:59.999999999,1937-06-30 23:59:59.999999999,12,0.004224260916258086,2,5,-0.0008302251689837822,-99.62702027805386
ME2 BM5,1936-06-30 23:59:59.999999999,1936-07-31 23:59:59.999999999,1937-06-30 23:59:59.999999999,12,0.004164308153557868,3,5,-0.013027479359642205,-1563.2975231570645
SMALL HiBM,1936-06-30 23:59:59.999999999,1936-07-31 23:59:59.999999999,1937-06-30 23:59:59.999999999,12,0.003969976330352688,4,5,-0.009842322904776149,-1181.0787485731378
ME2 BM3,1936-06-30 23:59:59.999999999,1936-07-31 23:59:59.999999999,1937-06-30 23:59:59.999999999,12,0.003463242705702531,5,5,-0.0066501694393498595,-798.0203327219831
ME4 BM2,1936-06-30 23:59:59.999999999,1936-07-31 23:59:59.999999999,1937-06-30 23:59:59.999999999,12,0.003319691677182425,6,4,-0.004081464827091023,-489.77577925092277
ME3 BM2,1936-06-30 23:59:59.999999999,1936-07-31 23:59:59.999999999,1937-06-30 23:59:59.999999999,12,0.0032562452433310416,7,4,-0.004164881869133963,-499.7858242960756
ME5 BM2,1936-06-30 23:59:59.999999999,1936-07-31 23:59:59.999999999,1937-06-30 23:59:59.999999999,12,0.003150113222431623,8,4,-0.0013750123237393963,-165.00147884872754
ME3 BM1,1936-06-30 23:59:59.999999999,1936-07-31 23:59:59.999999999,1937-06-30 23:59:59.999999999,12,0.0023336175607150383,9,4,-0.002435409871148127,-292.24918453777525
ME4 BM4,1936-06-30 23:59:59.999999999,1936-07-31 23:59:59.999999999,1937-06-30 23:59:59.999999999,12,0.00223965557579519,10,4,0.0007299074095375429,87.58888914450515
SMALL LoBM,1936-06-30 23:59:59.999999999,1936-07-31 23:59:59.999999999,1937-06-30 23:59:59.999999999,12,0.0018071068424791526,11,3,-0.05645992348651021,-6775.190818381225
ME3 BM5,1936-06-30 23:59:59.999999999,1936-07-31 23:59:59.999999999,1937-06-30 23:59:59.999999999,12,0.001766780318975446,12,3,0.010163671457648743,1219.640574917849
ME4 BM5,1936-06-30 23:59:59.999999999,1936-07-31 23:59:59.999999999,1937-06-30 23:59:59.999999999,12,0.0016682743513614195,13,3,0.005228761968569734,627.4514362283682
ME2 BM4,1936-06-30 23:59:59.999999999,1936-07-31 23:59:59.999999999,1937-06-30 23:59:59.999999999,12,0.0014948939854553935,14,3,-0.003910483443440404,-469.2580132128485
ME4 BM1,1936-06-30 23:59:59.999999999,1936-07-31 23:59:59.999999999,1937-06-30 23:59:59.999999999,12,0.0014074564653828643,15,3,0.0018954076444489298,227.44891733387155
ME1 BM3,1936-06-30 23:59:59.999999999,1936-07-31 23:59:59.999999999,1937-06-30 23:59:59.999999999,12,0.0013538918706677576,16,2,-0.008776638799052968,-1053.1966558863562
ME2 BM2,1936-06-30 23:59:59.999999999,1936-07-31 23:59:59.999999999,1937-06-30 23:59:59.999999999,12,0.001071469057879037,17,2,0.0006620669625081553,79.44803550097863
BIG LoBM,1936-06-30 23:59:59.999999999,1936-07-31 23:59:59.999999999,1937-06-30 23:59:59.999999999,12,0.0009316631425765947,18,2,-0.002190237783172669,-262.8285339807203
ME3 BM4,1936-06-30 23:59:59.999999999,1936-07-31 23:59:59.999999999,1937-06-30 23:59:59.999999999,12,0.000904071818678887,19,2,0.0005570558278726942,66.8466993447233
BIG HiBM,1936-06-30 23:59:59.999999999,1936-07-31 23:59:59.999999999,1937-06-30 23:59:59.999999999,12,0.000698222343090715,20,2,-0.004802697510745993,-576.3237012895192
ME4 BM3,1936-06-30 23:59:59.999999999,1936-07-31 23:59:59.999999999,1937-06-30 23:59:59.999999999,12,0.0005289526055961334,21,1,0.003584262395034866,430.11148740418395
ME1 BM2,1936-06-30 23:59:59.999999999,1936-07-31 23:59:59.999999999,1937-06-30 23:59:59.999999999,12,1.4051757002875916e-05,22,1,-0.030107391969941454,-3612.8870363929746
ME5 BM3,1936-06-30 23:59:59.999999999,1936-07-31 23:59:59.999999999,1937-06-30 23:59:59.999999999,12,-0.0007014567178467112,23,1,-0.001744968034531354,-209.3961641437625
ME5 BM4,1936-06-30 23:59:59.999999999,1936-07-31 23:59:59.999999999,1937-06-30 23:59:59.999999999,12,-0.0008178542319915016,24,1,0.004055112594976835,486.6135113972202
ME2 BM1,1936-06-30 23:59:59.999999999,1936-07-31 23:59:59.999999999,1937-06-30 23:59:59.999999999,12,-0.0009757313299390599,25,1,-0.004303343276557454,-516.4011931868945
ME3 BM3,1937-06-30 23:59:59.999999999,1937-07-31 23:59:59.999999999,1938-06-30 23:59:59.999999999,12,0.0071166467655476105,1,5,-9.036131085929436e-05,-10.843357303115322
ME1 BM4,1937-06-30 23:59:59.999999999,1937-07-31 23:59:59.999999999,1938-06-30 23:59:59.999999999,12,0.004614767072833965,2,5,0.009914829682108276,1189.779561852993
ME3 BM1,1937-06-30 23:59:59.999999999,1937-07-31 23:59:59.999999999,1938-06-30 23:59:59.999999999,12,0.004111542415605739,3,5,0.00214958215340038,257.94985840804566
SMALL HiBM,1937-06-30 23:59:59.999999999,1937-07-31 23:59:59.999999999,1938-06-30 23:59:59.999999999,12,0.003931669975319043,4,5,-0.0015713006797373255,-188.55608156847904
ME3 BM2,1937-06-30 23:59:59.999999999,1937-07-31 23:59:59.999999999,1938-06-30 23:59:59.999999999,12,0.0035305034920098607,5,5,-2.925896393182921e-05,-3.5110756718195053
ME5 BM2,1937-06-30 23:59:59.999999999,1937-07-31 23:59:59.999999999,1938-06-30 23:59:59.999999999,12,0.0033569669914988443,6,4,0.00030764757075641926,36.917708490770316
ME2 BM5,1937-06-30 23:59:59.999999999,1937-07-31 23:59:59.999999999,1938-06-30 23:59:59.999999999,12,0.003082090515951216,7,4,0.0029151062624647142,349.8127514957657
ME2 BM3,1937-06-30 23:59:59.999999999,1937-07-31 23:59:59.999999999,1938-06-30 23:59:59.999999999,12,0.0025829188876362696,8,4,0.002886243755284642,346.349250634157
BIG HiBM,1937-06-30 23:59:59.999999999,1937-07-31 23:59:59.999999999,1938-06-30 23:59:59.999999999,12,0.002507405759282899,9,4,-0.005308957792267609,-637.074935072113
ME4 BM4,1937-06-30 23:59:59.999999999,1937-07-31 23:59:59.999999999,1938-06-30 23:59:59.999999999,12,0.0025008388635580497,10,4,-0.0029872814170713996,-358.4737700485679
ME4 BM2,1937-06-30 23:59:59.999999999,1937-07-31 23:59:59.999999999,1938-06-30 23:59:59.999999999,12,0.002475502291750545,11,3,0.0005035630079553991,60.42756095464789
ME4 BM3,1937-06-30 23:59:59.999999999,1937-07-31 23:59:59.999999999,1938-06-30 23:59:59.999999999,12,0.0023357795570569397,12,3,0.00457764565798497,549.3174789581965
ME1 BM3,1937-06-30 23:59:59.999999999,1937-07-31 23:59:59.999999999,1938-06-30 23:59:59.999999999,12,0.002115750435129251,13,3,0.004668421746362744,560.2106095635293
ME2 BM4,1937-06-30 23:59:59.999999999,1937-07-31 23:59:59.999999999,1938-06-30 23:59:59.999999999,12,0.0018845769011426308,14,3,0.003671256770274615,440.5508124329538
ME4 BM1,1937-06-30 23:59:59.999999999,1937-07-31 23:59:59.999999999,1938-06-30 23:59:59.999999999,12,0.0014448628033138543,15,3,0.0029211320060255432,350.53584072306523
ME3 BM5,1937-06-30 23:59:59.999999999,1937-07-31 23:59:59.999999999,1938-06-30 23:59:59.999999999,12,0.0013756928530334043,16,2,-0.003817503325762388,-458.10039909148657
ME2 BM2,1937-06-30 23:59:59.999999999,1937-07-31 23:59:59.999999999,1938-06-30 23:59:59.999999999,12,0.0013654451452328308,17,2,-0.0015101992442792308,-181.2239093135077
ME5 BM3,1937-06-30 23:59:59.999999999,1937-07-31 23:59:59.999999999,1938-06-30 23:59:59.999999999,12,0.0013333278539535078,18,2,0.006194541952090025,743.345034250803
ME4 BM5,1937-06-30 23:59:59.999999999,1937-07-31 23:59:59.999999999,1938-06-30 23:59:59.999999999,12,0.0012221950861360876,19,2,-0.006304121922848463,-756.4946307418155
BIG LoBM,1937-06-30 23:59:59.999999999,1937-07-31 23:59:59.999999999,1938-06-30 23:59:59.999999999,12,0.0002245855511006714,20,2,0.0021715330699948027,260.5839683993763
SMALL LoBM,1937-06-30 23:59:59.999999999,1937-07-31 23:59:59.999999999,1938-06-30 23:59:59.999999999,12,0.0001715990244709857,21,1,0.020821175737948255,2498.541088553791
ME5 BM4,1937-06-30 23:59:59.999999999,1937-07-31 23:59:59.999999999,1938-06-30 23:59:59.999999999,12,0.00012382530466349922,22,1,0.005612650099247537,673.5180119097043
ME3 BM4,1937-06-30 23:59:59.999999999,1937-07-31 23:59:59.999999999,1938-06-30 23:59:59.999999999,12,-6.552788185155718e-05,23,1,0.0034416935119139375,413.0032214296725
ME1 BM2,1937-06-30 23:59:59.999999999,1937-07-31 23:59:59.999999999,1938-06-30 23:59:59.999999999,12,-0.0007822859514186151,24,1,-0.000764011287683068,-91.68135452196816
ME2 BM1,1937-06-30 23:59:59.999999999,1937-07-31 23:59:59.999999999,1938-06-30 23:59:59.999999999,12,-0.002498533349827665,25,1,-0.003015971800227632,-361.91661602731585
ME1 BM4,1938-06-30 23:59:59.999999999,1938-07-31 23:59:59.999999999,1939-06-30 23:59:59.999999999,12,0.006509965752742396,1,5,-0.007322673340049341,-878.7208008059209
ME3 BM3,1938-06-30 23:59:59.999999999,1938-07-31 23:59:59.999999999,1939-06-30 23:59:59.999999999,12,0.00489283245753649,2,5,-0.002175595539931047,-261.0714647917257
ME3 BM1,1938-06-30 23:59:59.999999999,1938-07-31 23:59:59.999999999,1939-06-30 23:59:59.999999999,12,0.0038266371097286046,3,5,-0.0007879397662525949,-94.55277195031138
ME5 BM2,1938-06-30 23:59:59.999999999,1938-07-31 23:59:59.999999999,1939-06-30 23:59:59.999999999,12,0.0032911206289332625,4,5,-0.00038294592270408397,-45.95351072449008
ME2 BM3,1938-06-30 23:59:59.999999999,1938-07-31 23:59:59.999999999,1939-06-30 23:59:59.999999999,12,0.002808819583197594,5,5,0.0035881751715023517,430.5810205802822
ME3 BM2,1938-06-30 23:59:59.999999999,1938-07-31 23:59:59.999999999,1939-06-30 23:59:59.999999999,12,0.0026611830260039665,6,4,0.012538428640112462,1504.6114368134956
ME4 BM3,1938-06-30 23:59:59.999999999,1938-07-31 23:59:59.999999999,1939-06-30 23:59:59.999999999,12,0.0020077655525422454,7,4,-0.0040237442854336525,-482.8493142520383
ME4 BM2,1938-06-30 23:59:59.999999999,1938-07-31 23:59:59.999999999,1939-06-30 23:59:59.999999999,12,0.0017847501212713546,8,4,0.0004041562176873923,48.49874612248707
ME3 BM4,1938-06-30 23:59:59.999999999,1938-07-31 23:59:59.999999999,1939-06-30 23:59:59.999999999,12,0.0017196033628639855,9,4,0.00040642991825164555,48.771590190197465
BIG HiBM,1938-06-30 23:59:59.999999999,1938-07-31 23:59:59.999999999,1939-06-30 23:59:59.999999999,12,0.0016744237792463226,10,4,0.006002797495242718,720.3356994291262
ME2 BM4,1938-06-30 23:59:59.999999999,1938-07-31 23:59:59.999999999,1939-06-30 23:59:59.999999999,12,0.0016464807257514037,11,3,0.003409273652667242,409.112838320069
ME4 BM1,1938-06-30 23:59:59.999999999,1938-07-31 23:59:59.999999999,1939-06-30 23:59:59.999999999,12,0.0016071009224969777,12,3,0.004881470607654395,585.7764729185275
SMALL HiBM,1938-06-30 23:59:59.999999999,1938-07-31 23:59:59.999999999,1939-06-30 23:59:59.999999999,12,0.0015874246181970897,13,3,-0.008037008077504681,-964.4409693005617
ME5 BM3,1938-06-30 23:59:59.999999999,1938-07-31 23:59:59.999999999,1939-06-30 23:59:59.999999999,12,0.0014994473220304616,14,3,-0.0019536629733379377,-234.4395568005525
ME2 BM5,1938-06-30 23:59:59.999999999,1938-07-31 23:59:59.999999999,1939-06-30 23:59:59.999999999,12,0.0011143906549026482,15,3,0.0026781368876957674,321.3764265234921
ME4 BM4,1938-06-30 23:59:59.999999999,1938-07-31 23:59:59.999999999,1939-06-30 23:59:59.999999999,12,0.0010525538968202217,16,2,0.009754378290517484,1170.525394862098
ME1 BM3,1938-06-30 23:59:59.999999999,1938-07-31 23:59:59.999999999,1939-06-30 23:59:59.999999999,12,0.0008230612991881106,17,2,-0.001027012078189872,-123.24144938278464
ME4 BM5,1938-06-30 23:59:59.999999999,1938-07-31 23:59:59.999999999,1939-06-30 23:59:59.999999999,12,0.0007182404317517509,18,2,0.006572652820889595,788.7183385067515
ME3 BM5,1938-06-30 23:59:59.999999999,1938-07-31 23:59:59.999999999,1939-06-30 23:59:59.999999999,12,0.0006150115601823017,19,2,0.004918334254837431,590.2001105804917
SMALL LoBM,1938-06-30 23:59:59.999999999,1938-07-31 23:59:59.999999999,1939-06-30 23:59:59.999999999,12,-0.00012381194644056517,20,2,-0.008347721631835258,-1001.726595820231
BIG LoBM,1938-06-30 23:59:59.999999999,1938-07-31 23:59:59.999999999,1939-06-30 23:59:59.999999999,12,-0.00017474715307874266,21,1,0.0001894137573481096,22.729650881773154
ME5 BM4,1938-06-30 23:59:59.999999999,1938-07-31 23:59:59.999999999,1939-06-30 23:59:59.999999999,12,-0.00020630433966646817,22,1,-0.0020618624575196066,-247.4234949023528
ME1 BM2,1938-06-30 23:59:59.999999999,1938-07-31 23:59:59.999999999,1939-06-30 23:59:59.999999999,12,-0.0015655432433910414,23,1,-0.042682403263970374,-5121.888391676444
ME2 BM2,1938-06-30 23:59:59.999999999,1938-07-31 23:59:59.999999999,1939-06-30 23:59:59.999999999,12,-0.0016186764584203036,24,1,0.0008392483505161794,100.70980206194152
ME2 BM1,1938-06-30 23:59:59.999999999,1938-07-31 23:59:59.999999999,1939-06-30 23:59:59.999999999,12,-0.002611156176050792,25,1,-0.00428776638551344,-514.5319662616129
ME1 BM4,1939-06-30 23:59:59.999999999,1939-07-31 23:59:59.999999999,1940-06-30 23:59:59.999999999,12,0.005655202360767929,1,5,-0.015795535022678685,-1895.4642027214422
ME3 BM3,1939-06-30 23:59:59.999999999,1939-07-31 23:59:59.999999999,1940-06-30 23:59:59.999999999,12,0.004013619103394105,2,5,0.008065762489868572,967.8914987842286
ME3 BM2,1939-06-30 23:59:59.999999999,1939-07-31 23:59:59.999999999,1940-06-30 23:59:59.999999999,12,0.0037940823954277147,3,5,0.004804217375816751,576.5060850980101
ME3 BM1,1939-06-30 23:59:59.999999999,1939-07-31 23:59:59.999999999,1940-06-30 23:59:59.999999999,12,0.0036482636308370273,4,5,0.0042808543367722435,513.7025204126693
ME5 BM2,1939-06-30 23:59:59.999999999,1939-07-31 23:59:59.999999999,1940-06-30 23:59:59.999999999,12,0.0030002628742977575,5,5,0.0002719111531700108,32.62933838040129
ME4 BM2,1939-06-30 23:59:59.999999999,1939-07-31 23:59:59.999999999,1940-06-30 23:59:59.999999999,12,0.0025792808944291173,6,4,-0.005078602899529458,-609.4323479435349
ME2 BM4,1939-06-30 23:59:59.999999999,1939-07-31 23:59:59.999999999,1940-06-30 23:59:59.999999999,12,0.002422592025087142,7,4,0.0004587066853725732,55.044802244708784
ME2 BM3,1939-06-30 23:59:59.999999999,1939-07-31 23:59:59.999999999,1940-06-30 23:59:59.999999999,12,0.0021791821051126985,8,4,-0.009512063377240138,-1141.4476052688167
ME5 BM3,1939-06-30 23:59:59.999999999,1939-07-31 23:59:59.999999999,1940-06-30 23:59:59.999999999,12,0.002158888349078866,9,4,0.004466830714131616,536.0196856957938
ME3 BM5,1939-06-30 23:59:59.999999999,1939-07-31 23:59:59.999999999,1940-06-30 23:59:59.999999999,12,0.0019113900199672412,10,4,0.02080717637461744,2496.8611649540926
BIG HiBM,1939-06-30 23:59:59.999999999,1939-07-31 23:59:59.999999999,1940-06-30 23:59:59.999999999,12,0.0018823675394107494,11,3,0.022417232448769243,2690.067893852309
ME1 BM3,1939-06-30 23:59:59.999999999,1939-07-31 23:59:59.999999999,1940-06-30 23:59:59.999999999,12,0.0017420639920327934,12,3,0.0008342044563000665,100.10453475600798
ME4 BM1,1939-06-30 23:59:59.999999999,1939-07-31 23:59:59.999999999,1940-06-30 23:59:59.999999999,12,0.0016904682462176106,13,3,-0.001523441924749152,-182.81303096989825
ME5 BM4,1939-06-30 23:59:59.999999999,1939-07-31 23:59:59.999999999,1940-06-30 23:59:59.999999999,12,0.0015353199036822367,14,3,0.0017438458180837953,209.26149817005543
ME4 BM5,1939-06-30 23:59:59.999999999,1939-07-31 23:59:59.999999999,1940-06-30 23:59:59.999999999,12,0.0015259906111976017,15,3,-0.00992298190789459,-1190.7578289473508
ME4 BM3,1939-06-30 23:59:59.999999999,1939-07-31 23:59:59.999999999,1940-06-30 23:59:59.999999999,12,0.0014193843750503117,16,2,-0.01010912939117637,-1213.0955269411645
ME4 BM4,1939-06-30 23:59:59.999999999,1939-07-31 23:59:59.999999999,1940-06-30 23:59:59.999999999,12,0.0012669041896499786,17,2,0.0023957604153810844,287.4912498457301
ME3 BM4,1939-06-30 23:59:59.999999999,1939-07-31 23:59:59.999999999,1940-06-30 23:59:59.999999999,12,0.001059541909491387,18,2,-0.0076116205806040565,-913.3944696724867
ME2 BM5,1939-06-30 23:59:59.999999999,1939-07-31 23:59:59.999999999,1940-06-30 23:59:59.999999999,12,0.0009102571902949654,19,2,-0.006231307493481761,-747.7568992178113
SMALL LoBM,1939-06-30 23:59:59.999999999,1939-07-31 23:59:59.999999999,1940-06-30 23:59:59.999999999,12,0.0003213862357502428,20,2,0.05406957255023536,6488.348706028243
SMALL HiBM,1939-06-30 23:59:59.999999999,1939-07-31 23:59:59.999999999,1940-06-30 23:59:59.999999999,12,0.0001948906576247297,21,1,0.015561089386080163,1867.3307263296197
ME2 BM2,1939-06-30 23:59:59.999999999,1939-07-31 23:59:59.999999999,1940-06-30 23:59:59.999999999,12,-0.0006980813104914007,22,1,0.005672106817525814,680.6528181030977
BIG LoBM,1939-06-30 23:59:59.999999999,1939-07-31 23:59:59.999999999,1940-06-30 23:59:59.999999999,12,-0.0010197563504799974,23,1,-0.0007589056420041654,-91.06867704049985
ME2 BM1,1939-06-30 23:59:59.999999999,1939-07-31 23:59:59.999999999,1940-06-30 23:59:59.999999999,12,-0.0015677830275948855,24,1,-0.002889540083263002,-346.7448099915602
ME1 BM2,1939-06-30 23:59:59.999999999,1939-07-31 23:59:59.999999999,1940-06-30 23:59:59.999999999,12,-0.002859561134690448,25,1,-0.038706485825913205,-4644.778299109585
ME1 BM4,1940-06-30 23:59:59.999999999,1940-07-31 23:59:59.999999999,1941-06-30 23:59:59.999999999,12,0.005571918287384731,1,5,-0.0030455746213938345,-365.46895456726014
ME3 BM1,1940-06-30 23:59:59.999999999,1940-07-31 23:59:59.999999999,1941-06-30 23:59:59.999999999,12,0.005307982625200435,2,5,-0.0023579472120584186,-282.9536654470102
ME3 BM2,1940-06-30 23:59:59.999999999,1940-07-31 23:59:59.999999999,1941-06-30 23:59:59.999999999,12,0.0034335174429653784,3,5,0.006478363115857244,777.4035739028692
ME5 BM3,1940-06-30 23:59:59.999999999,1940-07-31 23:59:59.999999999,1941-06-30 23:59:59.999999999,12,0.0031170796909127593,4,5,0.0011139320481717127,133.6718457806055
ME3 BM3,1940-06-30 23:59:59.999999999,1940-07-31 23:59:59.999999999,1941-06-30 23:59:59.999999999,12,0.0030788738504229575,5,5,0.00606241477007395,727.489772408874
ME4 BM2,1940-06-30 23:59:59.999999999,1940-07-31 23:59:59.999999999,1941-06-30 23:59:59.999999999,12,0.0029391188838776344,6,4,0.0026420663095330214,317.0479571439626
ME4 BM1,1940-06-30 23:59:59.999999999,1940-07-31 23:59:59.999999999,1941-06-30 23:59:59.999999999,12,0.0029054589065650887,7,4,-0.00012357579114535255,-14.829094937442305
BIG HiBM,1940-06-30 23:59:59.999999999,1940-07-31 23:59:59.999999999,1941-06-30 23:59:59.999999999,12,0.0028381285816493906,8,4,-0.004488310310454707,-538.5972372545649
ME3 BM5,1940-06-30 23:59:59.999999999,1940-07-31 23:59:59.999999999,1941-06-30 23:59:59.999999999,12,0.0024465922829857456,9,4,-0.0031143447901871685,-373.72137482246023
SMALL HiBM,1940-06-30 23:59:59.999999999,1940-07-31 23:59:59.999999999,1941-06-30 23:59:59.999999999,12,0.0023045234808441875,10,4,-0.006081905904309188,-729.8287085171025
ME2 BM4,1940-06-30 23:59:59.999999999,1940-07-31 23:59:59.999999999,1941-06-30 23:59:59.999999999,12,0.002192568211140845,11,3,0.00343795970266735,412.555164320082
ME1 BM3,1940-06-30 23:59:59.999999999,1940-07-31 23:59:59.999999999,1941-06-30 23:59:59.999999999,12,0.0021355289937851287,12,3,-0.0034865618704122583,-418.387424449471
ME2 BM3,1940-06-30 23:59:59.999999999,1940-07-31 23:59:59.999999999,1941-06-30 23:59:59.999999999,12,0.0020583641913288295,13,3,0.0026887258998830976,322.6471079859717
ME5 BM2,1940-06-30 23:59:59.999999999,1940-07-31 23:59:59.999999999,1941-06-30 23:59:59.999999999,12,0.001960927009833179,14,3,-0.0016573759115653052,-198.88510938783662
ME5 BM4,1940-06-30 23:59:59.999999999,1940-07-31 23:59:59.999999999,1941-06-30 23:59:59.999999999,12,0.0019423169037938413,15,3,0.0009546430438408174,114.55716526089809
ME4 BM5,1940-06-30 23:59:59.999999999,1940-07-31 23:59:59.999999999,1941-06-30 23:59:59.999999999,12,0.0017590905284052421,16,2,-0.002684694552911612,-322.1633463493934
ME4 BM3,1940-06-30 23:59:59.999999999,1940-07-31 23:59:59.999999999,1941-06-30 23:59:59.999999999,12,0.0013012104068773084,17,2,0.001022961502793045,122.7553803351654
ME3 BM4,1940-06-30 23:59:59.999999999,1940-07-31 23:59:59.999999999,1941-06-30 23:59:59.999999999,12,0.0011908953705091804,18,2,0.0030146131215261925,361.75357458314306
ME4 BM4,1940-06-30 23:59:59.999999999,1940-07-31 23:59:59.999999999,1941-06-30 23:59:59.999999999,12,0.0010265503140932963,19,2,0.0015291470436350444,183.49764523620533
SMALL LoBM,1940-06-30 23:59:59.999999999,1940-07-31 23:59:59.999999999,1941-06-30 23:59:59.999999999,12,0.0003729752784483991,20,2,-0.03319868863634257,-3983.842636361109
ME2 BM5,1940-06-30 23:59:59.999999999,1940-07-31 23:59:59.999999999,1941-06-30 23:59:59.999999999,12,0.0001978217991442971,21,1,-0.0008627247976142673,-103.52697571371208
BIG LoBM,1940-06-30 23:59:59.999999999,1940-07-31 23:59:59.999999999,1941-06-30 23:59:59.999999999,12,-0.0006739854228948348,22,1,-0.0007348481664019817,-88.18177996823779
ME2 BM2,1940-06-30 23:59:59.999999999,1940-07-31 23:59:59.999999999,1941-06-30 23:59:59.999999999,12,-0.0009245676807646151,23,1,0.0006714573429565706,80.57488115478847
ME2 BM1,1940-06-30 23:59:59.999999999,1940-07-31 23:59:59.999999999,1941-06-30 23:59:59.999999999,12,-0.0010225449275646512,24,1,0.0048105641511748945,577.2676981409872
ME1 BM2,1940-06-30 23:59:59.999999999,1940-07-31 23:59:59.999999999,1941-06-30 23:59:59.999999999,12,-0.004851082417931271,25,1,-0.027466229237397013,-3295.9475084876417
ME3 BM1,1941-06-30 23:59:59.999999999,1941-07-31 23:59:59.999999999,1942-06-30 23:59:59.999999999,12,0.005322087102673928,1,5,-0.002677008754756504,-321.2410505707805
ME1 BM4,1941-06-30 23:59:59.999999999,1941-07-31 23:59:59.999999999,1942-06-30 23:59:59.999999999,12,0.004970328325378126,2,5,0.0010414320224231622,124.97184269077945
ME3 BM2,1941-06-30 23:59:59.999999999,1941-07-31 23:59:59.999999999,1942-06-30 23:59:59.999999999,12,0.004196234987752488,3,5,0.0020034100611250804,240.40920733500965
ME5 BM3,1941-06-30 23:59:59.999999999,1941-07-31 23:59:59.999999999,1942-06-30 23:59:59.999999999,12,0.0037533306671312964,4,5,-0.0008306725037905358,-99.6807004548643
ME3 BM3,1941-06-30 23:59:59.999999999,1941-07-31 23:59:59.999999999,1942-06-30 23:59:59.999999999,12,0.0032440560104798222,5,5,-0.0011714008498101278,-140.56810197721532
ME4 BM1,1941-06-30 23:59:59.999999999,1941-07-31 23:59:59.999999999,1942-06-30 23:59:59.999999999,12,0.0028599126539996444,6,4,0.0024720678591079507,296.64814309295406
ME4 BM2,1941-06-30 23:59:59.999999999,1941-07-31 23:59:59.999999999,1942-06-30 23:59:59.999999999,12,0.0028395011797328444,7,4,0.0004906708119386674,58.880497432640084
ME5 BM4,1941-06-30 23:59:59.999999999,1941-07-31 23:59:59.999999999,1942-06-30 23:59:59.999999999,12,0.002444713140276211,8,4,0.0008065477893483261,96.78573472179913
ME2 BM3,1941-06-30 23:59:59.999999999,1941-07-31 23:59:59.999999999,1942-06-30 23:59:59.999999999,12,0.0024072712241514737,9,4,-0.007839240408804385,-940.7088490565263
ME2 BM4,1941-06-30 23:59:59.999999999,1941-07-31 23:59:59.999999999,1942-06-30 23:59:59.999999999,12,0.0023134603082572125,10,4,0.004892610838315034,587.1133005978041
BIG HiBM,1941-06-30 23:59:59.999999999,1941-07-31 23:59:59.999999999,1942-06-30 23:59:59.999999999,12,0.0023028675763782534,11,3,0.0018447588833219893,221.3710659986387
ME4 BM5,1941-06-30 23:59:59.999999999,1941-07-31 23:59:59.999999999,1942-06-30 23:59:59.999999999,12,0.0021767812063151004,12,3,0.011984085314035373,1438.0902376842448
SMALL HiBM,1941-06-30 23:59:59.999999999,1941-07-31 23:59:59.999999999,1942-06-30 23:59:59.999999999,12,0.0020261977668095013,13,3,0.001459194944014524,175.10339328174285
ME1 BM3,1941-06-30 23:59:59.999999999,1941-07-31 23:59:59.999999999,1942-06-30 23:59:59.999999999,12,0.0018510002041227022,14,3,-0.0021654225734995592,-259.8507088199471
ME5 BM2,1941-06-30 23:59:59.999999999,1941-07-31 23:59:59.999999999,1942-06-30 23:59:59.999999999,12,0.0018458885542279005,15,3,-0.00498812559479173,-598.5750713750076
ME4 BM4,1941-06-30 23:59:59.999999999,1941-07-31 23:59:59.999999999,1942-06-30 23:59:59.999999999,12,0.0017083861861030463,16,2,0.004818960821573789,578.2752985888546
ME4 BM3,1941-06-30 23:59:59.999999999,1941-07-31 23:59:59.999999999,1942-06-30 23:59:59.999999999,12,0.0016667082368262843,17,2,0.001524902501097788,182.98830013173455
ME3 BM4,1941-06-30 23:59:59.999999999,1941-07-31 23:59:59.999999999,1942-06-30 23:59:59.999999999,12,0.0014809839544218445,18,2,0.0018347138383761142,220.1656606051337
ME3 BM5,1941-06-30 23:59:59.999999999,1941-07-31 23:59:59.999999999,1942-06-30 23:59:59.999999999,12,0.0014406429517297222,19,2,-0.0036382018046063475,-436.5842165527617
ME2 BM5,1941-06-30 23:59:59.999999999,1941-07-31 23:59:59.999999999,1942-06-30 23:59:59.999999999,12,0.00048770717842582943,20,2,-0.006128369783115459,-735.404373973855
SMALL LoBM,1941-06-30 23:59:59.999999999,1941-07-31 23:59:59.999999999,1942-06-30 23:59:59.999999999,12,0.00017855241154251579,21,1,-0.019652153888183567,-2358.258466582028
ME2 BM1,1941-06-30 23:59:59.999999999,1941-07-31 23:59:59.999999999,1942-06-30 23:59:59.999999999,12,-0.00010797755482209342,22,1,-0.0013888098317987648,-166.65717981585178
ME2 BM2,1941-06-30 23:59:59.999999999,1941-07-31 23:59:59.999999999,1942-06-30 23:59:59.999999999,12,-0.0009741201163041932,23,1,0.005947428261795416,713.69139141545
BIG LoBM,1941-06-30 23:59:59.999999999,1941-07-31 23:59:59.999999999,1942-06-30 23:59:59.999999999,12,-0.0010047334270722583,24,1,0.003965652960028872,475.87835520346454
ME1 BM2,1941-06-30 23:59:59.999999999,1941-07-31 23:59:59.999999999,1942-06-30 23:59:59.999999999,12,-0.005371036126045296,25,1,-0.005313217563499436,-637.5861076199322
ME1 BM4,1942-06-30 23:59:59.999999999,1942-07-31 23:59:59.999999999,1943-06-30 23:59:59.999999999,12,0.0054751068949975635,1,5,-0.006894330987993959,-827.3197185592751
ME3 BM2,1942-06-30 23:59:59.999999999,1942-07-31 23:59:59.999999999,1943-06-30 23:59:59.999999999,12,0.00395664298339969,2,5,-0.01197643973167814,-1437.1727678013767
ME4 BM1,1942-06-30 23:59:59.999999999,1942-07-31 23:59:59.999999999,1943-06-30 23:59:59.999999999,12,0.003935625241414245,3,5,0.002805544677018048,336.6653612421658
ME5 BM3,1942-06-30 23:59:59.999999999,1942-07-31 23:59:59.999999999,1943-06-30 23:59:59.999999999,12,0.0038911842279464853,4,5,0.000558915724290608,67.06988691487295
ME3 BM1,1942-06-30 23:59:59.999999999,1942-07-31 23:59:59.999999999,1943-06-30 23:59:59.999999999,12,0.00387020676979949,5,5,-0.012583376046101767,-1510.0051255322119
ME4 BM5,1942-06-30 23:59:59.999999999,1942-07-31 23:59:59.999999999,1943-06-30 23:59:59.999999999,12,0.0034802029888163534,6,4,-0.006427813454578824,-771.337614549459
ME4 BM4,1942-06-30 23:59:59.999999999,1942-07-31 23:59:59.999999999,1943-06-30 23:59:59.999999999,12,0.0033464848113700717,7,4,-0.004806567340144297,-576.7880808173156
ME2 BM4,1942-06-30 23:59:59.999999999,1942-07-31 23:59:59.999999999,1943-06-30 23:59:59.999999999,12,0.003269617121290208,8,4,-0.00944843459813397,-1133.8121517760762
ME4 BM2,1942-06-30 23:59:59.999999999,1942-07-31 23:59:59.999999999,1943-06-30 23:59:59.999999999,12,0.0027856021226829817,9,4,-0.0060761009497102315,-729.1321139652277
SMALL HiBM,1942-06-30 23:59:59.999999999,1942-07-31 23:59:59.999999999,1943-06-30 23:59:59.999999999,12,0.0027503624860735426,10,4,0.005309346298519817,637.121555822378
BIG HiBM,1942-06-30 23:59:59.999999999,1942-07-31 23:59:59.999999999,1943-06-30 23:59:59.999999999,12,0.0027266897655241432,11,3,-0.014497877155326822,-1739.7452586392187
ME3 BM3,1942-06-30 23:59:59.999999999,1942-07-31 23:59:59.999999999,1943-06-30 23:59:59.999999999,12,0.002703965469600178,12,3,-0.0067783558559932336,-813.402702719188
ME5 BM4,1942-06-30 23:59:59.999999999,1942-07-31 23:59:59.999999999,1943-06-30 23:59:59.999999999,12,0.002303870740435406,13,3,-0.011428285338769462,-1371.3942406523356
ME3 BM4,1942-06-30 23:59:59.999999999,1942-07-31 23:59:59.999999999,1943-06-30 23:59:59.999999999,12,0.0018943257394409977,14,3,-0.006052656337314323,-726.3187604777188
ME4 BM3,1942-06-30 23:59:59.999999999,1942-07-31 23:59:59.999999999,1943-06-30 23:59:59.999999999,12,0.0018160745449549726,15,3,-0.01210764187092376,-1452.9170245108514
ME2 BM3,1942-06-30 23:59:59.999999999,1942-07-31 23:59:59.999999999,1943-06-30 23:59:59.999999999,12,0.0017610639069496814,16,2,-0.01350934377030079,-1621.121252436095
ME5 BM2,1942-06-30 23:59:59.999999999,1942-07-31 23:59:59.999999999,1943-06-30 23:59:59.999999999,12,0.0014194688268370681,17,2,0.0014478070091615274,173.7368410993833
SMALL LoBM,1942-06-30 23:59:59.999999999,1942-07-31 23:59:59.999999999,1943-06-30 23:59:59.999999999,12,0.0011630524941860566,18,2,-0.017910890811984027,-2149.306897438083
ME1 BM3,1942-06-30 23:59:59.999999999,1942-07-31 23:59:59.999999999,1943-06-30 23:59:59.999999999,12,0.0008778397172132277,19,2,-0.016580887464614055,-1989.7064957536863
ME2 BM1,1942-06-30 23:59:59.999999999,1942-07-31 23:59:59.999999999,1943-06-30 23:59:59.999999999,12,0.0007739289461824112,20,2,0.009946504767616172,1193.5805721139407
ME2 BM5,1942-06-30 23:59:59.999999999,1942-07-31 23:59:59.999999999,1943-06-30 23:59:59.999999999,12,0.0006912287239111323,21,1,0.007924756592706153,950.9707911247384
ME3 BM5,1942-06-30 23:59:59.999999999,1942-07-31 23:59:59.999999999,1943-06-30 23:59:59.999999999,12,0.00017777629947392823,22,1,0.0011383913943406189,136.60696732087425
BIG LoBM,1942-06-30 23:59:59.999999999,1942-07-31 23:59:59.999999999,1943-06-30 23:59:59.999999999,12,-0.000317774071535474,23,1,-0.0018084168093596192,-217.0100171231543
ME2 BM2,1942-06-30 23:59:59.999999999,1942-07-31 23:59:59.999999999,1943-06-30 23:59:59.999999999,12,-0.0008389820950408982,24,1,-0.011114299330683962,-1333.7159196820755
ME1 BM2,1942-06-30 23:59:59.999999999,1942-07-31 23:59:59.999999999,1943-06-30 23:59:59.999999999,12,-0.004187018507991847,25,1,-0.020611366628152876,-2473.363995378345
ME1 BM4,1943-06-30 23:59:59.999999999,1943-07-31 23:59:59.999999999,1944-06-30 23:59:59.999999999,12,0.0032974780072871452,1,5,0.004440662341502941,532.8794809803529
ME3 BM2,1943-06-30 23:59:59.999999999,1943-07-31 23:59:59.999999999,1944-06-30 23:59:59.999999999,12,0.002477387267733531,2,5,0.0013165270695161772,157.98324834194125
ME2 BM1,1943-06-30 23:59:59.999999999,1943-07-31 23:59:59.999999999,1944-06-30 23:59:59.999999999,12,0.0023054097084441454,3,5,-0.00024803371495601213,-29.764045794721458
ME4 BM1,1943-06-30 23:59:59.999999999,1943-07-31 23:59:59.999999999,1944-06-30 23:59:59.999999999,12,0.0021177184559971573,4,5,-0.0029580045389593266,-354.9605446751192
ME5 BM3,1943-06-30 23:59:59.999999999,1943-07-31 23:59:59.999999999,1944-06-30 23:59:59.999999999,12,0.001987729908503197,5,5,0.0007189277216384388,86.27132659661265
SMALL HiBM,1943-06-30 23:59:59.999999999,1943-07-31 23:59:59.999999999,1944-06-30 23:59:59.999999999,12,0.001962921162420136,6,4,0.002291049397056996,274.9259276468395
ME3 BM1,1943-06-30 23:59:59.999999999,1943-07-31 23:59:59.999999999,1944-06-30 23:59:59.999999999,12,0.0017649419621309224,7,4,-0.0017290769346355185,-207.4892321562622
ME2 BM2,1943-06-30 23:59:59.999999999,1943-07-31 23:59:59.999999999,1944-06-30 23:59:59.999999999,12,0.0011614683124216117,8,4,0.00033667814297812037,40.40137715737444
ME4 BM5,1943-06-30 23:59:59.999999999,1943-07-31 23:59:59.999999999,1944-06-30 23:59:59.999999999,12,0.0009453505044154833,9,4,-0.00476009340324277,-571.2112083891324
ME2 BM4,1943-06-30 23:59:59.999999999,1943-07-31 23:59:59.999999999,1944-06-30 23:59:59.999999999,12,0.0008774690869613489,10,4,-0.0006986938639142268,-83.84326366970723
ME4 BM2,1943-06-30 23:59:59.999999999,1943-07-31 23:59:59.999999999,1944-06-30 23:59:59.999999999,12,0.0008739870344245553,11,3,0.0038952501900354794,467.43002280425753
ME3 BM4,1943-06-30 23:59:59.999999999,1943-07-31 23:59:59.999999999,1944-06-30 23:59:59.999999999,12,0.0006488193941616428,12,3,0.002373270430222337,284.7924516266805
BIG LoBM,1943-06-30 23:59:59.999999999,1943-07-31 23:59:59.999999999,1944-06-30 23:59:59.999999999,12,0.0005569567373058108,13,3,-0.0008378675863363047,-100.54411036035657
BIG HiBM,1943-06-30 23:59:59.999999999,1943-07-31 23:59:59.999999999,1944-06-30 23:59:59.999999999,12,0.00046995090011430325,14,3,0.001205728361364869,144.68740336378426
ME3 BM3,1943-06-30 23:59:59.999999999,1943-07-31 23:59:59.999999999,1944-06-30 23:59:59.999999999,12,0.00042796936136869354,15,3,-0.0007984271479909913,-95.81125775891896
ME2 BM5,1943-06-30 23:59:59.999999999,1943-07-31 23:59:59.999999999,1944-06-30 23:59:59.999999999,12,0.00023904807324789647,16,2,0.0009463881587847752,113.56657905417303
ME4 BM4,1943-06-30 23:59:59.999999999,1943-07-31 23:59:59.999999999,1944-06-30 23:59:59.999999999,12,-5.4637169172555886e-05,17,2,0.004980505412638934,597.6606495166722
ME5 BM2,1943-06-30 23:59:59.999999999,1943-07-31 23:59:59.999999999,1944-06-30 23:59:59.999999999,12,-0.00023303253993660518,18,2,-0.0004591613769197478,-55.099365230369735
ME5 BM4,1943-06-30 23:59:59.999999999,1943-07-31 23:59:59.999999999,1944-06-30 23:59:59.999999999,12,-0.0005268288333655313,19,2,-0.0020308554897630225,-243.7026587715627
ME4 BM3,1943-06-30 23:59:59.999999999,1943-07-31 23:59:59.999999999,1944-06-30 23:59:59.999999999,12,-0.0011728830178685916,20,2,-0.0008589065731341878,-103.06878877610254
ME3 BM5,1943-06-30 23:59:59.999999999,1943-07-31 23:59:59.999999999,1944-06-30 23:59:59.999999999,12,-0.0012027146546500708,21,1,0.002983460678318891,358.0152813982669
ME2 BM3,1943-06-30 23:59:59.999999999,1943-07-31 23:59:59.999999999,1944-06-30 23:59:59.999999999,12,-0.00177972696460839,22,1,-0.00014910088903386716,-17.89210668406406
SMALL LoBM,1943-06-30 23:59:59.999999999,1943-07-31 23:59:59.999999999,1944-06-30 23:59:59.999999999,12,-0.00198491390397822,23,1,-0.0111881977333171,-1342.5837279980522
ME1 BM3,1943-06-30 23:59:59.999999999,1943-07-31 23:59:59.999999999,1944-06-30 23:59:59.999999999,12,-0.0031413262937393144,24,1,-0.0003939098521891111,-47.269182262693334
ME1 BM2,1943-06-30 23:59:59.999999999,1943-07-31 23:59:59.999999999,1944-06-30 23:59:59.999999999,12,-0.011374507481350528,25,1,0.006627997860738835,795.3597432886603
ME3 BM4,1944-06-30 23:59:59.999999999,1944-07-31 23:59:59.999999999,1945-06-30 23:59:59.999999999,12,0.0017298344233158103,1,5,0.0023092251961472033,277.1070235376644
ME1 BM4,1944-06-30 23:59:59.999999999,1944-07-31 23:59:59.999999999,1945-06-30 23:59:59.999999999,12,0.0014717700977596015,2,5,-0.005296718896163874,-635.6062675396648
ME4 BM2,1944-06-30 23:59:59.999999999,1944-07-31 23:59:59.999999999,1945-06-30 23:59:59.999999999,12,0.0009910883980773198,3,5,-0.0010003074505874302,-120.03689407049163
ME5 BM3,1944-06-30 23:59:59.999999999,1944-07-31 23:59:59.999999999,1945-06-30 23:59:59.999999999,12,0.0009733662518124463,4,5,0.0030345503560464345,364.14604272557216
ME2 BM1,1944-06-30 23:59:59.999999999,1944-07-31 23:59:59.999999999,1945-06-30 23:59:59.999999999,12,0.0009406358187152925,5,5,0.00470711275591289,564.8535307095467
ME3 BM2,1944-06-30 23:59:59.999999999,1944-07-31 23:59:59.999999999,1945-06-30 23:59:59.999999999,12,0.0009111858834937253,6,4,0.004579854545842982,549.5825455011578
ME4 BM4,1944-06-30 23:59:59.999999999,1944-07-31 23:59:59.999999999,1945-06-30 23:59:59.999999999,12,0.0007779486265029639,7,4,0.0018994041037471477,227.92849244965774
BIG LoBM,1944-06-30 23:59:59.999999999,1944-07-31 23:59:59.999999999,1945-06-30 23:59:59.999999999,12,0.0006964964553428728,8,4,-0.003223926706831396,-386.87120481976757
ME2 BM5,1944-06-30 23:59:59.999999999,1944-07-31 23:59:59.999999999,1945-06-30 23:59:59.999999999,12,0.0006296851329278718,9,4,0.007817329307737098,938.0795169284517
ME2 BM4,1944-06-30 23:59:59.999999999,1944-07-31 23:59:59.999999999,1945-06-30 23:59:59.999999999,12,0.0006128541953279766,10,4,-0.0014178807541802014,-170.14569050162416
SMALL HiBM,1944-06-30 23:59:59.999999999,1944-07-31 23:59:59.999999999,1945-06-30 23:59:59.999999999,12,0.0005914848039924686,11,3,-0.007740015787446282,-928.8018944935538
ME4 BM1,1944-06-30 23:59:59.999999999,1944-07-31 23:59:59.999999999,1945-06-30 23:59:59.999999999,12,0.0004993710761084857,12,3,-0.0008824943261828426,-105.89931914194112
BIG HiBM,1944-06-30 23:59:59.999999999,1944-07-31 23:59:59.999999999,1945-06-30 23:59:59.999999999,12,0.0003055682471542154,13,3,-0.003988112997444414,-478.5735596933296
ME2 BM2,1944-06-30 23:59:59.999999999,1944-07-31 23:59:59.999999999,1945-06-30 23:59:59.999999999,12,0.00011612261305196634,14,3,-0.0066165695788467606,-793.9883494616113
ME3 BM5,1944-06-30 23:59:59.999999999,1944-07-31 23:59:59.999999999,1945-06-30 23:59:59.999999999,12,6.887686146989208e-05,15,3,-0.006264757779135432,-751.7709334962518
ME4 BM5,1944-06-30 23:59:59.999999999,1944-07-31 23:59:59.999999999,1945-06-30 23:59:59.999999999,12,-0.00010515410501705648,16,2,0.007589931079230959,910.791729507715
ME5 BM4,1944-06-30 23:59:59.999999999,1944-07-31 23:59:59.999999999,1945-06-30 23:59:59.999999999,12,-0.0003057246677584948,17,2,-0.004279425181261394,-513.5310217513672
ME3 BM1,1944-06-30 23:59:59.999999999,1944-07-31 23:59:59.999999999,1945-06-30 23:59:59.999999999,12,-0.0003219021956455477,18,2,-0.0026436511847753945,-317.2381421730473
SMALL LoBM,1944-06-30 23:59:59.999999999,1944-07-31 23:59:59.999999999,1945-06-30 23:59:59.999999999,12,-0.0005111910441611764,19,2,-0.01835226747795753,-2202.2720973549035
ME2 BM3,1944-06-30 23:59:59.999999999,1944-07-31 23:59:59.999999999,1945-06-30 23:59:59.999999999,12,-0.0006589028977841046,20,2,-0.001580216634328401,-189.62599611940811
ME5 BM2,1944-06-30 23:59:59.999999999,1944-07-31 23:59:59.999999999,1945-06-30 23:59:59.999999999,12,-0.000889562662733476,21,1,-0.0014692413020165826,-176.3089562419899
ME4 BM3,1944-06-30 23:59:59.999999999,1944-07-31 23:59:59.999999999,1945-06-30 23:59:59.999999999,12,-0.0009909269307546886,22,1,0.0009152189257902854,109.82627109483425
ME3 BM3,1944-06-30 23:59:59.999999999,1944-07-31 23:59:59.999999999,1945-06-30 23:59:59.999999999,12,-0.001464149191095144,23,1,-0.0026617865808683592,-319.4143897042031
ME1 BM3,1944-06-30 23:59:59.999999999,1944-07-31 23:59:59.999999999,1945-06-30 23:59:59.999999999,12,-0.0016376447957711464,24,1,-0.010837360041846295,-1300.4832050215552
ME1 BM2,1944-06-30 23:59:59.999999999,1944-07-31 23:59:59.999999999,1945-06-30 23:59:59.999999999,12,-0.003412405582333484,25,1,-0.011332808656264766,-1359.937038751772
ME1 BM4,1945-06-30 23:59:59.999999999,1945-07-31 23:59:59.999999999,1946-06-30 23:59:59.999999999,12,0.0014463795882529663,1,5,0.002381797913491849,285.81574961902186
ME5 BM3,1945-06-30 23:59:59.999999999,1945-07-31 23:59:59.999999999,1946-06-30 23:59:59.999999999,12,0.0012928997775631375,2,5,0.006074050229690413,728.8860275628494
ME3 BM4,1945-06-30 23:59:59.999999999,1945-07-31 23:59:59.999999999,1946-06-30 23:59:59.999999999,12,0.0009846136322592463,3,5,0.003990209603144039,478.8251523772846
ME2 BM1,1945-06-30 23:59:59.999999999,1945-07-31 23:59:59.999999999,1946-06-30 23:59:59.999999999,12,0.0009681814312589643,4,5,-0.005357061854335939,-642.8474225203126
ME3 BM2,1945-06-30 23:59:59.999999999,1945-07-31 23:59:59.999999999,1946-06-30 23:59:59.999999999,12,0.0009589670551192445,5,5,0.0007709965076217606,92.51958091461128
ME2 BM5,1945-06-30 23:59:59.999999999,1945-07-31 23:59:59.999999999,1946-06-30 23:59:59.999999999,12,0.0007434403523111986,6,4,-0.0011525220974348029,-138.30265169217634
ME4 BM2,1945-06-30 23:59:59.999999999,1945-07-31 23:59:59.999999999,1946-06-30 23:59:59.999999999,12,0.0006865235199947069,7,4,0.0034609957916755326,415.3194950010639
ME2 BM4,1945-06-30 23:59:59.999999999,1945-07-31 23:59:59.999999999,1946-06-30 23:59:59.999999999,12,0.0002881058818301502,8,4,0.003682563930943051,441.9076717131661
BIG LoBM,1945-06-30 23:59:59.999999999,1945-07-31 23:59:59.999999999,1946-06-30 23:59:59.999999999,12,0.00023508440641382942,9,4,-0.005039371402879717,-604.7245683455661
ME4 BM1,1945-06-30 23:59:59.999999999,1945-07-31 23:59:59.999999999,1946-06-30 23:59:59.999999999,12,0.00019570929032451258,10,4,0.004940727613330265,592.8873135996319
BIG HiBM,1945-06-30 23:59:59.999999999,1945-07-31 23:59:59.999999999,1946-06-30 23:59:59.999999999,12,9.799860904479571e-05,11,3,-0.005964590246595185,-715.7508295914222
ME4 BM4,1945-06-30 23:59:59.999999999,1945-07-31 23:59:59.999999999,1946-06-30 23:59:59.999999999,12,6.154106591389961e-05,12,3,-0.0016878641841194086,-202.54370209432903
SMALL HiBM,1945-06-30 23:59:59.999999999,1945-07-31 23:59:59.999999999,1946-06-30 23:59:59.999999999,12,4.104302545989509e-06,13,3,0.00588097549583757,705.7170595005084
ME2 BM3,1945-06-30 23:59:59.999999999,1945-07-31 23:59:59.999999999,1946-06-30 23:59:59.999999999,12,-0.0005389911633553384,14,3,-0.002088370208528366,-250.60442502340393
ME3 BM1,1945-06-30 23:59:59.999999999,1945-07-31 23:59:59.999999999,1946-06-30 23:59:59.999999999,12,-0.0005408563155211434,15,3,-0.006618997052807253,-794.2796463368703
ME5 BM4,1945-06-30 23:59:59.999999999,1945-07-31 23:59:59.999999999,1946-06-30 23:59:59.999999999,12,-0.0005441433895959267,16,2,0.0008860845732233304,106.33014878679965
ME4 BM5,1945-06-30 23:59:59.999999999,1945-07-31 23:59:59.999999999,1946-06-30 23:59:59.999999999,12,-0.000579031096268385,17,2,0.00057856277775656,69.4275333307872
ME3 BM5,1945-06-30 23:59:59.999999999,1945-07-31 23:59:59.999999999,1946-06-30 23:59:59.999999999,12,-0.0006051629673851605,18,2,-0.016139952121398363,-1936.7942545678036
ME4 BM3,1945-06-30 23:59:59.999999999,1945-07-31 23:59:59.999999999,1946-06-30 23:59:59.999999999,12,-0.000684904462873635,19,2,0.011982952430437446,1437.9542916524933
ME2 BM2,1945-06-30 23:59:59.999999999,1945-07-31 23:59:59.999999999,1946-06-30 23:59:59.999999999,12,-0.0007788986685935968,20,2,-5.703230780423838e-05,-6.843876936508606
SMALL LoBM,1945-06-30 23:59:59.999999999,1945-07-31 23:59:59.999999999,1946-06-30 23:59:59.999999999,12,-0.0009626756292676508,21,1,0.006218739563451034,746.2487476141241
ME5 BM2,1945-06-30 23:59:59.999999999,1945-07-31 23:59:59.999999999,1946-06-30 23:59:59.999999999,12,-0.0010054633460644896,22,1,-0.0031858014584936934,-382.2961750192432
ME1 BM3,1945-06-30 23:59:59.999999999,1945-07-31 23:59:59.999999999,1946-06-30 23:59:59.999999999,12,-0.001282698768952804,23,1,0.004396619320744979,527.5943184893974
ME3 BM3,1945-06-30 23:59:59.999999999,1945-07-31 23:59:59.999999999,1946-06-30 23:59:59.999999999,12,-0.001807571495797216,24,1,0.0014788724442651089,177.46469331181305
ME1 BM2,1945-06-30 23:59:59.999999999,1945-07-31 23:59:59.999999999,1946-06-30 23:59:59.999999999,12,-0.003078509055527971,25,1,-0.0019827349356204746,-237.92819227445693
ME1 BM4,1946-06-30 23:59:59.999999999,1946-07-31 23:59:59.999999999,1947-06-30 23:59:59.999999999,12,0.001812885123209172,1,5,-0.0030599805421203685,-367.19766505444426
ME3 BM4,1946-06-30 23:59:59.999999999,1946-07-31 23:59:59.999999999,1947-06-30 23:59:59.999999999,12,0.0018070647220543741,2,5,0.0023933543560512287,287.20252272614744
ME5 BM3,1946-06-30 23:59:59.999999999,1946-07-31 23:59:59.999999999,1947-06-30 23:59:59.999999999,12,0.0015901256167698376,3,5,-0.005869727748807005,-704.3673298568407
ME3 BM2,1946-06-30 23:59:59.999999999,1946-07-31 23:59:59.999999999,1947-06-30 23:59:59.999999999,12,0.001174992074591068,4,5,0.0018083336433503275,217.0000372020393
ME2 BM5,1946-06-30 23:59:59.999999999,1946-07-31 23:59:59.999999999,1947-06-30 23:59:59.999999999,12,0.0007535030674237764,5,5,0.001988523053275856,238.6227663931027
ME2 BM1,1946-06-30 23:59:59.999999999,1946-07-31 23:59:59.999999999,1947-06-30 23:59:59.999999999,12,0.0007486665275958299,6,4,-0.006235140955304436,-748.2169146365324
ME4 BM1,1946-06-30 23:59:59.999999999,1946-07-31 23:59:59.999999999,1947-06-30 23:59:59.999999999,12,0.000492631450481695,7,4,-0.0021826579017365927,-261.9189482083911
SMALL HiBM,1946-06-30 23:59:59.999999999,1946-07-31 23:59:59.999999999,1947-06-30 23:59:59.999999999,12,0.0004436893046507406,8,4,-0.00084106794568925,-100.92815348271
ME4 BM4,1946-06-30 23:59:59.999999999,1946-07-31 23:59:59.999999999,1947-06-30 23:59:59.999999999,12,0.00026751451949576786,9,4,0.0006804629199142048,81.65555038970457
ME2 BM4,1946-06-30 23:59:59.999999999,1946-07-31 23:59:59.999999999,1947-06-30 23:59:59.999999999,12,0.0001736305675561764,10,4,-0.001650472768858137,-198.05673226297642
ME4 BM2,1946-06-30 23:59:59.999999999,1946-07-31 23:59:59.999999999,1947-06-30 23:59:59.999999999,12,0.00013182088864979144,11,3,0.0025050928554399966,300.6111426527996
BIG HiBM,1946-06-30 23:59:59.999999999,1946-07-31 23:59:59.999999999,1947-06-30 23:59:59.999999999,12,9.783358843661435e-05,12,3,-0.006871416401200778,-824.5699681440933
ME4 BM3,1946-06-30 23:59:59.999999999,1946-07-31 23:59:59.999999999,1947-06-30 23:59:59.999999999,12,-4.704761791106936e-06,13,3,-0.0015171704668569582,-182.06045602283498
BIG LoBM,1946-06-30 23:59:59.999999999,1946-07-31 23:59:59.999999999,1947-06-30 23:59:59.999999999,12,-0.00029234862972801865,14,3,0.004432735555000545,531.9282666000653
ME2 BM3,1946-06-30 23:59:59.999999999,1946-07-31 23:59:59.999999999,1947-06-30 23:59:59.999999999,12,-0.0004280619399215642,15,3,-0.0005751221381327387,-69.01465657592864
ME2 BM2,1946-06-30 23:59:59.999999999,1946-07-31 23:59:59.999999999,1947-06-30 23:59:59.999999999,12,-0.0005515278407154174,16,2,0.0035378148359703782,424.5377803164454
ME4 BM5,1946-06-30 23:59:59.999999999,1946-07-31 23:59:59.999999999,1947-06-30 23:59:59.999999999,12,-0.0005932578541539804,17,2,-0.005651500377732987,-678.1800453279584
ME5 BM4,1946-06-30 23:59:59.999999999,1946-07-31 23:59:59.999999999,1947-06-30 23:59:59.999999999,12,-0.0006342337831084922,18,2,0.007861178833092002,943.3414599710402
ME5 BM2,1946-06-30 23:59:59.999999999,1946-07-31 23:59:59.999999999,1947-06-30 23:59:59.999999999,12,-0.0010109093290930338,19,2,-0.00039674376500233494,-47.60925180028019
SMALL LoBM,1946-06-30 23:59:59.999999999,1946-07-31 23:59:59.999999999,1947-06-30 23:59:59.999999999,12,-0.0010924820071742285,20,2,0.0021441794252756046,257.3015310330726
ME3 BM1,1946-06-30 23:59:59.999999999,1946-07-31 23:59:59.999999999,1947-06-30 23:59:59.999999999,12,-0.0012424591519089663,21,1,-0.0053352126788271,-640.225521459252
ME1 BM3,1946-06-30 23:59:59.999999999,1946-07-31 23:59:59.999999999,1947-06-30 23:59:59.999999999,12,-0.0012830345722190917,22,1,0.004744488051514277,569.3385661817132
ME3 BM3,1946-06-30 23:59:59.999999999,1946-07-31 23:59:59.999999999,1947-06-30 23:59:59.999999999,12,-0.0013247906084490532,23,1,-0.0006779264900816456,-81.35117880979749
ME3 BM5,1946-06-30 23:59:59.999999999,1946-07-31 23:59:59.999999999,1947-06-30 23:59:59.999999999,12,-0.0018501166297360172,24,1,0.006548563808201904,785.8276569842285
ME1 BM2,1946-06-30 23:59:59.999999999,1946-07-31 23:59:59.999999999,1947-06-30 23:59:59.999999999,12,-0.003600801902244758,25,1,-0.004397094309233085,-527.6513171079703
ME3 BM4,1947-06-30 23:59:59.999999999,1947-07-31 23:59:59.999999999,1948-06-30 23:59:59.999999999,12,0.0018141570867578477,1,5,0.0020741101257471402,248.89321508965682
ME3 BM2,1947-06-30 23:59:59.999999999,1947-07-31 23:59:59.999999999,1948-06-30 23:59:59.999999999,12,0.0014037115724442923,2,5,-0.0028440475558784268,-341.2857067054112
ME2 BM5,1947-06-30 23:59:59.999999999,1947-07-31 23:59:59.999999999,1948-06-30 23:59:59.999999999,12,0.0011733920867458302,3,5,0.0020296773217924283,243.5612786150914
ME1 BM4,1947-06-30 23:59:59.999999999,1947-07-31 23:59:59.999999999,1948-06-30 23:59:59.999999999,12,0.0007153661028334787,4,5,-0.0038690146391310866,-464.2817566957304
ME5 BM4,1947-06-30 23:59:59.999999999,1947-07-31 23:59:59.999999999,1948-06-30 23:59:59.999999999,12,0.0006775916379592621,5,5,-0.008572674910053733,-1028.720989206448
ME2 BM2,1947-06-30 23:59:59.999999999,1947-07-31 23:59:59.999999999,1948-06-30 23:59:59.999999999,12,0.0005482377914453968,6,4,0.002634987705732502,316.19852468790026
ME4 BM4,1947-06-30 23:59:59.999999999,1947-07-31 23:59:59.999999999,1948-06-30 23:59:59.999999999,12,0.0005474460988003472,7,4,-0.0035903685782778124,-430.84422939333746
ME4 BM2,1947-06-30 23:59:59.999999999,1947-07-31 23:59:59.999999999,1948-06-30 23:59:59.999999999,12,0.00042466715414561185,8,4,-0.0006712213566455542,-80.54656279746649
BIG LoBM,1947-06-30 23:59:59.999999999,1947-07-31 23:59:59.999999999,1948-06-30 23:59:59.999999999,12,0.00039966008448531266,9,4,-0.00048238645035315544,-57.886374042378655
SMALL HiBM,1947-06-30 23:59:59.999999999,1947-07-31 23:59:59.999999999,1948-06-30 23:59:59.999999999,12,0.00023578944952807034,10,4,0.0001315801060269229,15.78961272323075
ME5 BM3,1947-06-30 23:59:59.999999999,1947-07-31 23:59:59.999999999,1948-06-30 23:59:59.999999999,12,0.00021865695667347082,11,3,-0.004281605280842041,-513.792633701045
ME2 BM1,1947-06-30 23:59:59.999999999,1947-07-31 23:59:59.999999999,1948-06-30 23:59:59.999999999,12,0.00012832306392518932,12,3,-0.01184287610015846,-1421.1451320190151
ME2 BM4,1947-06-30 23:59:59.999999999,1947-07-31 23:59:59.999999999,1948-06-30 23:59:59.999999999,12,-0.00012962479411650818,13,3,0.0005115740497280444,61.38888596736532
ME4 BM3,1947-06-30 23:59:59.999999999,1947-07-31 23:59:59.999999999,1948-06-30 23:59:59.999999999,12,-0.0001821201799133736,14,3,0.006587840530354051,790.5408636424861
ME4 BM1,1947-06-30 23:59:59.999999999,1947-07-31 23:59:59.999999999,1948-06-30 23:59:59.999999999,12,-0.0003167753341269017,15,3,0.001287868929028629,154.54427148343547
ME1 BM3,1947-06-30 23:59:59.999999999,1947-07-31 23:59:59.999999999,1948-06-30 23:59:59.999999999,12,-0.00045286776259032544,16,2,-0.0025119985783971436,-301.4398294076572
ME2 BM3,1947-06-30 23:59:59.999999999,1947-07-31 23:59:59.999999999,1948-06-30 23:59:59.999999999,12,-0.0004867037628395815,17,2,-0.003064258808111281,-367.71105697335366
SMALL LoBM,1947-06-30 23:59:59.999999999,1947-07-31 23:59:59.999999999,1948-06-30 23:59:59.999999999,12,-0.0006179815892797464,18,2,-0.0032205330966595517,-386.46397159914625
ME5 BM2,1947-06-30 23:59:59.999999999,1947-07-31 23:59:59.999999999,1948-06-30 23:59:59.999999999,12,-0.0007410803533640416,19,2,0.004748833156762212,569.8599788114655
BIG HiBM,1947-06-30 23:59:59.999999999,1947-07-31 23:59:59.999999999,1948-06-30 23:59:59.999999999,12,-0.0007758598767381033,20,2,-0.008544018203130202,-1025.2821843756244
ME3 BM5,1947-06-30 23:59:59.999999999,1947-07-31 23:59:59.999999999,1948-06-30 23:59:59.999999999,12,-0.0009264454022235258,21,1,-0.005827757958908182,-699.3309550689819
ME4 BM5,1947-06-30 23:59:59.999999999,1947-07-31 23:59:59.999999999,1948-06-30 23:59:59.999999999,12,-0.0011650599116490765,22,1,-0.008502373431487065,-1020.2848117784479
ME3 BM3,1947-06-30 23:59:59.999999999,1947-07-31 23:59:59.999999999,1948-06-30 23:59:59.999999999,12,-0.0012891758050042478,23,1,0.001258464766029604,151.01577192355248
ME3 BM1,1947-06-30 23:59:59.999999999,1947-07-31 23:59:59.999999999,1948-06-30 23:59:59.999999999,12,-0.0015389594471071845,24,1,0.005185707347343394,622.2848816812073
ME1 BM2,1947-06-30 23:59:59.999999999,1947-07-31 23:59:59.999999999,1948-06-30 23:59:59.999999999,12,-0.002562533196963127,25,1,0.004786793447070726,574.4152136484871
ME3 BM4,1948-06-30 23:59:59.999999999,1948-07-31 23:59:59.999999999,1949-06-30 23:59:59.999999999,12,0.0011591335226242793,1,5,-0.003514554113784263,-421.74649365411153
ME2 BM2,1948-06-30 23:59:59.999999999,1948-07-31 23:59:59.999999999,1949-06-30 23:59:59.999999999,12,0.0009748814109629862,2,5,0.0015664539845048162,187.97447814057796
ME2 BM5,1948-06-30 23:59:59.999999999,1948-07-31 23:59:59.999999999,1949-06-30 23:59:59.999999999,12,0.0009629755270280098,3,5,0.005181395389128552,621.7674466954263
ME4 BM4,1948-06-30 23:59:59.999999999,1948-07-31 23:59:59.999999999,1949-06-30 23:59:59.999999999,12,0.0008644179854555172,4,5,-0.003436188039242914,-412.3425647091497
ME3 BM2,1948-06-30 23:59:59.999999999,1948-07-31 23:59:59.999999999,1949-06-30 23:59:59.999999999,12,0.0008357193330679031,5,5,-0.0016579934812364818,-198.95921774837782
SMALL HiBM,1948-06-30 23:59:59.999999999,1948-07-31 23:59:59.999999999,1949-06-30 23:59:59.999999999,12,0.0004427616909344344,6,4,0.012981163179860864,1557.7395815833036
ME5 BM2,1948-06-30 23:59:59.999999999,1948-07-31 23:59:59.999999999,1949-06-30 23:59:59.999999999,12,0.00032876981403536496,7,4,-0.004554965225327793,-546.5958270393352
ME1 BM4,1948-06-30 23:59:59.999999999,1948-07-31 23:59:59.999999999,1949-06-30 23:59:59.999999999,12,0.0002671492554956926,8,4,-0.00516221300904175,-619.46556108501
BIG LoBM,1948-06-30 23:59:59.999999999,1948-07-31 23:59:59.999999999,1949-06-30 23:59:59.999999999,12,-0.00010022166785209568,9,4,0.0037081648240141706,444.97977888170044
ME4 BM2,1948-06-30 23:59:59.999999999,1948-07-31 23:59:59.999999999,1949-06-30 23:59:59.999999999,12,-0.00013552123308775975,10,4,0.002992365008352349,359.0838010022819
ME4 BM3,1948-06-30 23:59:59.999999999,1948-07-31 23:59:59.999999999,1949-06-30 23:59:59.999999999,12,-0.0001643118409716377,11,3,0.005395951116719652,647.5141340063583
ME2 BM4,1948-06-30 23:59:59.999999999,1948-07-31 23:59:59.999999999,1949-06-30 23:59:59.999999999,12,-0.00018541260064336342,12,3,-0.0003398101296937066,-40.77721556324479
ME1 BM3,1948-06-30 23:59:59.999999999,1948-07-31 23:59:59.999999999,1949-06-30 23:59:59.999999999,12,-0.00035118421489474587,13,3,0.004691695851744767,563.003502209372
ME5 BM4,1948-06-30 23:59:59.999999999,1948-07-31 23:59:59.999999999,1949-06-30 23:59:59.999999999,12,-0.0004739856539086396,14,3,0.001196878859406084,143.6254631287301
ME2 BM1,1948-06-30 23:59:59.999999999,1948-07-31 23:59:59.999999999,1949-06-30 23:59:59.999999999,12,-0.0004874784031419561,15,3,-0.004593499412789627,-551.2199295347552
ME4 BM1,1948-06-30 23:59:59.999999999,1948-07-31 23:59:59.999999999,1949-06-30 23:59:59.999999999,12,-0.0007368651851993836,16,2,0.0016522018936634862,198.26422723961835
SMALL LoBM,1948-06-30 23:59:59.999999999,1948-07-31 23:59:59.999999999,1949-06-30 23:59:59.999999999,12,-0.000754776267308149,17,2,0.0020424082564891683,245.0889907787002
ME5 BM3,1948-06-30 23:59:59.999999999,1948-07-31 23:59:59.999999999,1949-06-30 23:59:59.999999999,12,-0.000790807209724129,18,2,0.0019212607667293356,230.55129200752026
ME2 BM3,1948-06-30 23:59:59.999999999,1948-07-31 23:59:59.999999999,1949-06-30 23:59:59.999999999,12,-0.0007945351487835985,19,2,0.0016780579908101253,201.36695889721506
ME3 BM1,1948-06-30 23:59:59.999999999,1948-07-31 23:59:59.999999999,1949-06-30 23:59:59.999999999,12,-0.0009852714168098898,20,2,0.00306904640162063,368.2855681944756
BIG HiBM,1948-06-30 23:59:59.999999999,1948-07-31 23:59:59.999999999,1949-06-30 23:59:59.999999999,12,-0.0009855452469073288,21,1,0.0006111077953871785,73.33293544646142
ME3 BM5,1948-06-30 23:59:59.999999999,1948-07-31 23:59:59.999999999,1949-06-30 23:59:59.999999999,12,-0.0012233917045199657,22,1,-0.002063056683286854,-247.56680199442246
ME4 BM5,1948-06-30 23:59:59.999999999,1948-07-31 23:59:59.999999999,1949-06-30 23:59:59.999999999,12,-0.0013091206955969186,23,1,0.004575272044212685,549.0326453055222
ME1 BM2,1948-06-30 23:59:59.999999999,1948-07-31 23:59:59.999999999,1949-06-30 23:59:59.999999999,12,-0.001386675119647753,24,1,-0.005889343757163182,-706.7212508595819
ME3 BM3,1948-06-30 23:59:59.999999999,1948-07-31 23:59:59.999999999,1949-06-30 23:59:59.999999999,12,-0.001405923318206514,25,1,0.00233112613058237,279.7351356698844
ME2 BM2,1949-06-30 23:59:59.999999999,1949-07-31 23:59:59.999999999,1950-06-30 23:59:59.999999999,12,0.0017155403836345122,1,5,0.003718348891044377,446.20186692532525
ME3 BM4,1949-06-30 23:59:59.999999999,1949-07-31 23:59:59.999999999,1950-06-30 23:59:59.999999999,12,0.0013953041803757083,2,5,-0.0021925410178535026,-263.1049221424203
ME2 BM5,1949-06-30 23:59:59.999999999,1949-07-31 23:59:59.999999999,1950-06-30 23:59:59.999999999,12,0.0013628111513795023,3,5,-0.004486490533518618,-538.3788640222342
SMALL HiBM,1949-06-30 23:59:59.999999999,1949-07-31 23:59:59.999999999,1950-06-30 23:59:59.999999999,12,0.0012443685163414132,4,5,0.0016623371073524972,199.48045288229966
ME5 BM3,1949-06-30 23:59:59.999999999,1949-07-31 23:59:59.999999999,1950-06-30 23:59:59.999999999,12,0.000825762918381801,5,5,-0.00029038144673194585,-34.8457736078335
ME4 BM3,1949-06-30 23:59:59.999999999,1949-07-31 23:59:59.999999999,1950-06-30 23:59:59.999999999,12,0.0006138938479296669,6,4,-0.0008193180854042488,-98.31817024850986
ME4 BM2,1949-06-30 23:59:59.999999999,1949-07-31 23:59:59.999999999,1950-06-30 23:59:59.999999999,12,0.0005703750897631727,7,4,-0.008259307685274235,-991.1169222329083
ME3 BM2,1949-06-30 23:59:59.999999999,1949-07-31 23:59:59.999999999,1950-06-30 23:59:59.999999999,12,0.0004919131967295221,8,4,-0.0007966581404761502,-95.59897685713803
ME4 BM4,1949-06-30 23:59:59.999999999,1949-07-31 23:59:59.999999999,1950-06-30 23:59:59.999999999,12,0.00048043178947187125,9,4,-0.007439839945344665,-892.7807934413598
BIG LoBM,1949-06-30 23:59:59.999999999,1949-07-31 23:59:59.999999999,1950-06-30 23:59:59.999999999,12,0.00047042367155837394,10,4,0.002524320809423375,302.918497130805
ME3 BM1,1949-06-30 23:59:59.999999999,1949-07-31 23:59:59.999999999,1950-06-30 23:59:59.999999999,12,0.000133716984708903,11,3,0.00044516861647691104,53.42023397722932
ME2 BM4,1949-06-30 23:59:59.999999999,1949-07-31 23:59:59.999999999,1950-06-30 23:59:59.999999999,12,-7.841597080524212e-05,12,3,-0.0004126466467562286,-49.51759761074743
ME5 BM4,1949-06-30 23:59:59.999999999,1949-07-31 23:59:59.999999999,1950-06-30 23:59:59.999999999,12,-0.00011217546766196638,13,3,0.005069753341306746,608.3704009568095
ME1 BM3,1949-06-30 23:59:59.999999999,1949-07-31 23:59:59.999999999,1950-06-30 23:59:59.999999999,12,-0.00020334926498110148,14,3,-0.0006942714644466233,-83.3125757335948
ME1 BM4,1949-06-30 23:59:59.999999999,1949-07-31 23:59:59.999999999,1950-06-30 23:59:59.999999999,12,-0.00039836486399752593,15,3,0.004022378546246509,482.68542554958105
ME3 BM3,1949-06-30 23:59:59.999999999,1949-07-31 23:59:59.999999999,1950-06-30 23:59:59.999999999,12,-0.00040545197253444813,16,2,-0.0010271268662404229,-123.25522394885074
ME1 BM2,1949-06-30 23:59:59.999999999,1949-07-31 23:59:59.999999999,1950-06-30 23:59:59.999999999,12,-0.0004896832847921112,17,2,-0.003649160863285585,-437.8993035942702
SMALL LoBM,1949-06-30 23:59:59.999999999,1949-07-31 23:59:59.999999999,1950-06-30 23:59:59.999999999,12,-0.0005577153556083706,18,2,0.004141388237904486,496.9665885485383
ME5 BM2,1949-06-30 23:59:59.999999999,1949-07-31 23:59:59.999999999,1950-06-30 23:59:59.999999999,12,-0.000597622953551091,19,2,-0.004571932737602781,-548.6319285123336
ME2 BM1,1949-06-30 23:59:59.999999999,1949-07-31 23:59:59.999999999,1950-06-30 23:59:59.999999999,12,-0.0006390734893305454,20,2,0.0034378946192286015,412.5473543074322
BIG HiBM,1949-06-30 23:59:59.999999999,1949-07-31 23:59:59.999999999,1950-06-30 23:59:59.999999999,12,-0.0006408407927708682,21,1,0.003412573285473078,409.50879425676936
ME4 BM5,1949-06-30 23:59:59.999999999,1949-07-31 23:59:59.999999999,1950-06-30 23:59:59.999999999,12,-0.000761203998303458,22,1,0.0024274949417321025,291.2993930078523
ME2 BM3,1949-06-30 23:59:59.999999999,1949-07-31 23:59:59.999999999,1950-06-30 23:59:59.999999999,12,-0.0008381800292460608,23,1,0.0022833353756727833,274.000245080734
ME3 BM5,1949-06-30 23:59:59.999999999,1949-07-31 23:59:59.999999999,1950-06-30 23:59:59.999999999,12,-0.0010214657251936448,24,1,0.0074850998059242035,898.2119767109044
ME4 BM1,1949-06-30 23:59:59.999999999,1949-07-31 23:59:59.999999999,1950-06-30 23:59:59.999999999,12,-0.001104965507490021,25,1,-0.00490040569855878,-588.0486838270537
ME2 BM2,1950-06-30 23:59:59.999999999,1950-07-31 23:59:59.999999999,1951-06-30 23:59:59.999999999,12,0.0017029696934331856,1,5,0.0013823196932580576,165.87836319096692
ME5 BM3,1950-06-30 23:59:59.999999999,1950-07-31 23:59:59.999999999,1951-06-30 23:59:59.999999999,12,0.0011253546662053822,2,5,0.011815703705128357,1417.884444615403
ME4 BM3,1950-06-30 23:59:59.999999999,1950-07-31 23:59:59.999999999,1951-06-30 23:59:59.999999999,12,0.0011219209487573773,3,5,0.0016773390595698169,201.28068714837804
ME3 BM4,1950-06-30 23:59:59.999999999,1950-07-31 23:59:59.999999999,1951-06-30 23:59:59.999999999,12,0.001016417129210765,4,5,0.000979267546423044,117.51210557076529
ME5 BM4,1950-06-30 23:59:59.999999999,1950-07-31 23:59:59.999999999,1951-06-30 23:59:59.999999999,12,0.0009044342363246293,5,5,0.0013608710309184157,163.30452371020988
ME2 BM5,1950-06-30 23:59:59.999999999,1950-07-31 23:59:59.999999999,1951-06-30 23:59:59.999999999,12,0.0008722742544298235,6,4,-0.0005914831225975921,-70.97797471171106
SMALL HiBM,1950-06-30 23:59:59.999999999,1950-07-31 23:59:59.999999999,1951-06-30 23:59:59.999999999,12,0.0006429497417630087,7,4,-0.001024064030264783,-122.88768363177397
ME1 BM4,1950-06-30 23:59:59.999999999,1950-07-31 23:59:59.999999999,1951-06-30 23:59:59.999999999,12,0.0005170159707873897,8,4,-0.003005346781339431,-360.6416137607317
BIG LoBM,1950-06-30 23:59:59.999999999,1950-07-31 23:59:59.999999999,1951-06-30 23:59:59.999999999,12,0.000309295133380423,9,4,0.00015093444720045663,18.112133664054795
ME2 BM4,1950-06-30 23:59:59.999999999,1950-07-31 23:59:59.999999999,1951-06-30 23:59:59.999999999,12,0.00021318095890390955,10,4,-0.0017207531264524553,-206.49037517429463
ME3 BM2,1950-06-30 23:59:59.999999999,1950-07-31 23:59:59.999999999,1951-06-30 23:59:59.999999999,12,0.00014257826294151386,11,3,-0.004002409500044221,-480.28914000530654
ME1 BM3,1950-06-30 23:59:59.999999999,1950-07-31 23:59:59.999999999,1951-06-30 23:59:59.999999999,12,7.965573590210296e-05,12,3,-0.005187279878674844,-622.4735854409813
ME2 BM3,1950-06-30 23:59:59.999999999,1950-07-31 23:59:59.999999999,1951-06-30 23:59:59.999999999,12,5.5913795024411936e-05,13,3,0.0019830172162675613,237.96206595210734
ME2 BM1,1950-06-30 23:59:59.999999999,1950-07-31 23:59:59.999999999,1951-06-30 23:59:59.999999999,12,1.9503457870517765e-05,14,3,0.003819049805790413,458.2859766948495
ME4 BM5,1950-06-30 23:59:59.999999999,1950-07-31 23:59:59.999999999,1951-06-30 23:59:59.999999999,12,-8.112289771466458e-06,15,3,0.0008829747895381443,105.95697474457731
ME1 BM2,1950-06-30 23:59:59.999999999,1950-07-31 23:59:59.999999999,1951-06-30 23:59:59.999999999,12,-2.260963791550014e-05,16,2,-0.009733584700310056,-1168.0301640372068
BIG HiBM,1950-06-30 23:59:59.999999999,1950-07-31 23:59:59.999999999,1951-06-30 23:59:59.999999999,12,-4.605233045748737e-05,17,2,-0.005017347543611185,-602.0817052333422
ME4 BM2,1950-06-30 23:59:59.999999999,1950-07-31 23:59:59.999999999,1951-06-30 23:59:59.999999999,12,-5.733577679698556e-05,18,2,-0.0004868623951760394,-58.423487421124726
ME3 BM1,1950-06-30 23:59:59.999999999,1950-07-31 23:59:59.999999999,1951-06-30 23:59:59.999999999,12,-0.00015615862110696593,19,2,-0.007298337946032199,-875.8005535238639
ME3 BM5,1950-06-30 23:59:59.999999999,1950-07-31 23:59:59.999999999,1951-06-30 23:59:59.999999999,12,-0.0002103313428010656,20,2,0.007571347376136584,908.5616851363901
SMALL LoBM,1950-06-30 23:59:59.999999999,1950-07-31 23:59:59.999999999,1951-06-30 23:59:59.999999999,12,-0.0003161459305941927,21,1,-0.006776356038388845,-813.1627246066614
ME4 BM4,1950-06-30 23:59:59.999999999,1950-07-31 23:59:59.999999999,1951-06-30 23:59:59.999999999,12,-0.00040161778413472384,22,1,0.0015818715884331012,189.82459061197213
ME3 BM3,1950-06-30 23:59:59.999999999,1950-07-31 23:59:59.999999999,1951-06-30 23:59:59.999999999,12,-0.000416027827599489,23,1,-0.0007588225710622537,-91.05870852747046
ME5 BM2,1950-06-30 23:59:59.999999999,1950-07-31 23:59:59.999999999,1951-06-30 23:59:59.999999999,12,-0.0007761746811961734,24,1,-0.005759888250091649,-691.1865900109979
ME4 BM1,1950-06-30 23:59:59.999999999,1950-07-31 23:59:59.999999999,1951-06-30 23:59:59.999999999,12,-0.0011204389887313094,25,1,-0.0030501479344074603,-366.0177521288952
ME2 BM2,1951-06-30 23:59:59.999999999,1951-07-31 23:59:59.999999999,1952-06-30 23:59:59.999999999,12,0.0016402823292009365,1,5,0.0002748706065460995,32.98447278553194
ME5 BM3,1951-06-30 23:59:59.999999999,1951-07-31 23:59:59.999999999,1952-06-30 23:59:59.999999999,12,0.0011698188217913292,2,5,0.0016433826196438949,197.20591435726737
ME2 BM5,1951-06-30 23:59:59.999999999,1951-07-31 23:59:59.999999999,1952-06-30 23:59:59.999999999,12,0.001019335588735467,3,5,-0.0002811588466484219,-33.739061597810625
ME4 BM3,1951-06-30 23:59:59.999999999,1951-07-31 23:59:59.999999999,1952-06-30 23:59:59.999999999,12,0.0008196390454444154,4,5,-0.001774796075873138,-212.97552910477657
SMALL HiBM,1951-06-30 23:59:59.999999999,1951-07-31 23:59:59.999999999,1952-06-30 23:59:59.999999999,12,0.0007889746349837846,5,5,-0.002419357236040087,-290.3228683248104
ME5 BM4,1951-06-30 23:59:59.999999999,1951-07-31 23:59:59.999999999,1952-06-30 23:59:59.999999999,12,0.0007242461251906408,6,4,0.001741109915019201,208.93318980230413
ME3 BM4,1951-06-30 23:59:59.999999999,1951-07-31 23:59:59.999999999,1952-06-30 23:59:59.999999999,12,0.0007189373739605553,7,4,-0.003157938983517695,-378.9526780221234
ME1 BM4,1951-06-30 23:59:59.999999999,1951-07-31 23:59:59.999999999,1952-06-30 23:59:59.999999999,12,0.0004551442560304336,8,4,0.0012601716257081004,151.22059508497205
BIG LoBM,1951-06-30 23:59:59.999999999,1951-07-31 23:59:59.999999999,1952-06-30 23:59:59.999999999,12,0.00032185333510312026,9,4,-0.001239149799871276,-148.6979759845531
ME2 BM4,1951-06-30 23:59:59.999999999,1951-07-31 23:59:59.999999999,1952-06-30 23:59:59.999999999,12,0.00016087818584728565,10,4,0.0010347590670001844,124.17108804002211
ME3 BM2,1951-06-30 23:59:59.999999999,1951-07-31 23:59:59.999999999,1952-06-30 23:59:59.999999999,12,4.624234553197285e-05,11,3,0.002914310002187141,349.7172002624569
ME3 BM5,1951-06-30 23:59:59.999999999,1951-07-31 23:59:59.999999999,1952-06-30 23:59:59.999999999,12,-4.1011626671045356e-05,12,3,0.0005533028090663432,66.39633708796119
ME4 BM5,1951-06-30 23:59:59.999999999,1951-07-31 23:59:59.999999999,1952-06-30 23:59:59.999999999,12,-4.309788249480385e-05,13,3,0.003130111507342884,375.61338088114604
ME1 BM3,1951-06-30 23:59:59.999999999,1951-07-31 23:59:59.999999999,1952-06-30 23:59:59.999999999,12,-0.00014730801012651122,14,3,-0.0036026001741550962,-432.3120208986116
ME1 BM2,1951-06-30 23:59:59.999999999,1951-07-31 23:59:59.999999999,1952-06-30 23:59:59.999999999,12,-0.00015466068677242448,15,3,0.004530439555065972,543.6527466079166
ME4 BM2,1951-06-30 23:59:59.999999999,1951-07-31 23:59:59.999999999,1952-06-30 23:59:59.999999999,12,-0.0001884337794353488,16,2,0.0021887518323196998,262.65021987836394
ME2 BM1,1951-06-30 23:59:59.999999999,1951-07-31 23:59:59.999999999,1952-06-30 23:59:59.999999999,12,-0.00019479062712352894,17,2,0.004533343422476878,544.0012106972252
ME2 BM3,1951-06-30 23:59:59.999999999,1951-07-31 23:59:59.999999999,1952-06-30 23:59:59.999999999,12,-0.00032988292356057457,18,2,-0.001332036906560351,-159.84442878724212
BIG HiBM,1951-06-30 23:59:59.999999999,1951-07-31 23:59:59.999999999,1952-06-30 23:59:59.999999999,12,-0.00033215714148955567,19,2,0.0049393674180251345,592.7240901630161
ME4 BM4,1951-06-30 23:59:59.999999999,1951-07-31 23:59:59.999999999,1952-06-30 23:59:59.999999999,12,-0.0004119682214475792,20,2,0.003920013739188801,470.4016487026562
ME3 BM3,1951-06-30 23:59:59.999999999,1951-07-31 23:59:59.999999999,1952-06-30 23:59:59.999999999,12,-0.000562786971644704,21,1,-0.0013130388720507952,-157.56466464609542
SMALL LoBM,1951-06-30 23:59:59.999999999,1951-07-31 23:59:59.999999999,1952-06-30 23:59:59.999999999,12,-0.0005886158113420314,22,1,-0.00047309796201974844,-56.771755442369816
ME3 BM1,1951-06-30 23:59:59.999999999,1951-07-31 23:59:59.999999999,1952-06-30 23:59:59.999999999,12,-0.0006462805942309662,23,1,-0.0016961815199832495,-203.54178239798995
ME5 BM2,1951-06-30 23:59:59.999999999,1951-07-31 23:59:59.999999999,1952-06-30 23:59:59.999999999,12,-0.000779225578226172,24,1,0.0004309889755220295,51.71867706264354
ME4 BM1,1951-06-30 23:59:59.999999999,1951-07-31 23:59:59.999999999,1952-06-30 23:59:59.999999999,12,-0.0009431523907830752,25,1,-0.002630114204158627,-315.61370449903524
ME5 BM3,1952-06-30 23:59:59.999999999,1952-07-31 23:59:59.999999999,1953-06-30 23:59:59.999999999,12,0.0010450830195244316,1,5,0.0002629285437078556,31.55142524494267
ME2 BM2,1952-06-30 23:59:59.999999999,1952-07-31 23:59:59.999999999,1953-06-30 23:59:59.999999999,12,0.0009897689863842857,2,5,-0.0035451174764886194,-425.4140971786343
ME2 BM5,1952-06-30 23:59:59.999999999,1952-07-31 23:59:59.999999999,1953-06-30 23:59:59.999999999,12,0.0007835884646246382,3,5,-0.002776544143070918,-333.18529716851015
ME4 BM3,1952-06-30 23:59:59.999999999,1952-07-31 23:59:59.999999999,1953-06-30 23:59:59.999999999,12,0.0007056772641814537,4,5,0.000627294501245905,75.27534014950861
ME5 BM4,1952-06-30 23:59:59.999999999,1952-07-31 23:59:59.999999999,1953-06-30 23:59:59.999999999,12,0.0006451569435419139,5,5,-0.0006691593375440143,-80.29912050528172
ME3 BM4,1952-06-30 23:59:59.999999999,1952-07-31 23:59:59.999999999,1953-06-30 23:59:59.999999999,12,0.0006171635196769774,6,4,-0.0004319857830579147,-51.83829396694976
ME4 BM5,1952-06-30 23:59:59.999999999,1952-07-31 23:59:59.999999999,1953-06-30 23:59:59.999999999,12,0.00046160913952068985,7,4,0.007515073629613307,901.808835553597
ME3 BM5,1952-06-30 23:59:59.999999999,1952-07-31 23:59:59.999999999,1953-06-30 23:59:59.999999999,12,0.0004377907742163825,8,4,-0.0035741628950927314,-428.89954741112774
SMALL HiBM,1952-06-30 23:59:59.999999999,1952-07-31 23:59:59.999999999,1953-06-30 23:59:59.999999999,12,0.0003858689332367534,9,4,-0.0017926904456107137,-215.12285347328563
ME1 BM2,1952-06-30 23:59:59.999999999,1952-07-31 23:59:59.999999999,1953-06-30 23:59:59.999999999,12,0.0003807037586175025,10,4,-0.0033493886603285193,-401.92663923942234
ME1 BM4,1952-06-30 23:59:59.999999999,1952-07-31 23:59:59.999999999,1953-06-30 23:59:59.999999999,12,0.0003323906646077823,11,3,-0.0014098730129632633,-169.18476155559162
ME4 BM2,1952-06-30 23:59:59.999999999,1952-07-31 23:59:59.999999999,1953-06-30 23:59:59.999999999,12,0.00023936292865090343,12,3,-0.000480662794117822,-57.67953529413864
ME1 BM3,1952-06-30 23:59:59.999999999,1952-07-31 23:59:59.999999999,1953-06-30 23:59:59.999999999,12,0.0002093220914390097,13,3,0.0014636175872350117,175.63411046820138
ME3 BM2,1952-06-30 23:59:59.999999999,1952-07-31 23:59:59.999999999,1953-06-30 23:59:59.999999999,12,0.00017442444222454353,14,3,0.002689384064700354,322.72608776404246
ME2 BM4,1952-06-30 23:59:59.999999999,1952-07-31 23:59:59.999999999,1953-06-30 23:59:59.999999999,12,8.084811617767983e-05,15,3,0.0036053799582530586,432.64559499036704
BIG LoBM,1952-06-30 23:59:59.999999999,1952-07-31 23:59:59.999999999,1953-06-30 23:59:59.999999999,12,3.646514916976054e-06,16,2,0.0004369705336901039,52.43646404281247
ME2 BM1,1952-06-30 23:59:59.999999999,1952-07-31 23:59:59.999999999,1953-06-30 23:59:59.999999999,12,-1.5600653768237246e-05,17,2,-0.0013251291950816307,-159.01550340979568
ME5 BM2,1952-06-30 23:59:59.999999999,1952-07-31 23:59:59.999999999,1953-06-30 23:59:59.999999999,12,-3.813723939416507e-05,18,2,-0.001627589587718568,-195.3107505262282
ME4 BM4,1952-06-30 23:59:59.999999999,1952-07-31 23:59:59.999999999,1953-06-30 23:59:59.999999999,12,-0.00012967472799869792,19,2,-5.2059941336181303e-05,-6.247192960341756
SMALL LoBM,1952-06-30 23:59:59.999999999,1952-07-31 23:59:59.999999999,1953-06-30 23:59:59.999999999,12,-0.0001982972883559254,20,2,-0.013759290069825283,-1651.114808379034
ME2 BM3,1952-06-30 23:59:59.999999999,1952-07-31 23:59:59.999999999,1953-06-30 23:59:59.999999999,12,-0.00020027401200090685,21,1,0.00562553602737475,675.06432328497
ME3 BM1,1952-06-30 23:59:59.999999999,1952-07-31 23:59:59.999999999,1953-06-30 23:59:59.999999999,12,-0.0002975487255865963,22,1,0.003249968280460763,389.99619365529156
BIG HiBM,1952-06-30 23:59:59.999999999,1952-07-31 23:59:59.999999999,1953-06-30 23:59:59.999999999,12,-0.0003991418053863654,23,1,0.003887440446735824,466.49285360829884
ME3 BM3,1952-06-30 23:59:59.999999999,1952-07-31 23:59:59.999999999,1953-06-30 23:59:59.999999999,12,-0.0004977530662418767,24,1,0.002967747188755547,356.12966265066564
ME4 BM1,1952-06-30 23:59:59.999999999,1952-07-31 23:59:59.999999999,1953-06-30 23:59:59.999999999,12,-0.0006522991757876113,25,1,-0.0007665025537544472,-91.98030645053366
ME5 BM3,1953-06-30 23:59:59.999999999,1953-07-31 23:59:59.999999999,1954-06-30 23:59:59.999999999,12,0.0010828104925426725,1,5,-0.0003426412621088069,-41.11695145305683
ME5 BM4,1953-06-30 23:59:59.999999999,1953-07-31 23:59:59.999999999,1954-06-30 23:59:59.999999999,12,0.001020159776060324,2,5,0.002058882249982181,247.06586999786174
ME2 BM5,1953-06-30 23:59:59.999999999,1953-07-31 23:59:59.999999999,1954-06-30 23:59:59.999999999,12,0.0009528172963271525,3,5,-0.0035140228794774877,-421.6827455372985
ME4 BM3,1953-06-30 23:59:59.999999999,1953-07-31 23:59:59.999999999,1954-06-30 23:59:59.999999999,12,0.0007881272216647502,4,5,0.007612267872498983,913.472144699878
ME2 BM2,1953-06-30 23:59:59.999999999,1953-07-31 23:59:59.999999999,1954-06-30 23:59:59.999999999,12,0.0006779473344688254,5,5,-0.005347228310797026,-641.6673972956431
ME3 BM2,1953-06-30 23:59:59.999999999,1953-07-31 23:59:59.999999999,1954-06-30 23:59:59.999999999,12,0.00045997334666436114,6,4,-0.0009461242719457868,-113.53491263349441
SMALL HiBM,1953-06-30 23:59:59.999999999,1953-07-31 23:59:59.999999999,1954-06-30 23:59:59.999999999,12,0.00043366333974409867,7,4,0.0014744386753836273,176.9326410460353
ME4 BM5,1953-06-30 23:59:59.999999999,1953-07-31 23:59:59.999999999,1954-06-30 23:59:59.999999999,12,0.0003006785824484043,8,4,-0.006172617539537001,-740.7141047444402
ME1 BM3,1953-06-30 23:59:59.999999999,1953-07-31 23:59:59.999999999,1954-06-30 23:59:59.999999999,12,0.00024195951028167757,9,4,-0.0014086560963187684,-169.0387315582522
ME2 BM4,1953-06-30 23:59:59.999999999,1953-07-31 23:59:59.999999999,1954-06-30 23:59:59.999999999,12,0.00022110785526304318,10,4,-0.004017062939203446,-482.04755270441353
ME4 BM2,1953-06-30 23:59:59.999999999,1953-07-31 23:59:59.999999999,1954-06-30 23:59:59.999999999,12,0.00018359519748073385,11,3,0.0013507409837678454,162.08891805214145
ME3 BM4,1953-06-30 23:59:59.999999999,1953-07-31 23:59:59.999999999,1954-06-30 23:59:59.999999999,12,-3.1466812083770604e-05,12,3,0.0007489722124041621,89.87666548849944
ME3 BM5,1953-06-30 23:59:59.999999999,1953-07-31 23:59:59.999999999,1954-06-30 23:59:59.999999999,12,-7.499568660408329e-05,13,3,-0.0043865344643078666,-526.384135716944
BIG HiBM,1953-06-30 23:59:59.999999999,1953-07-31 23:59:59.999999999,1954-06-30 23:59:59.999999999,12,-0.00010325319116093381,14,3,-0.010457780644545056,-1254.9336773454067
ME3 BM3,1953-06-30 23:59:59.999999999,1953-07-31 23:59:59.999999999,1954-06-30 23:59:59.999999999,12,-0.00010747397927359763,15,3,-0.0018928681426802426,-227.14417712162913
BIG LoBM,1953-06-30 23:59:59.999999999,1953-07-31 23:59:59.999999999,1954-06-30 23:59:59.999999999,12,-0.00012448838117769083,16,2,0.0009379279748214644,112.55135697857573
ME4 BM4,1953-06-30 23:59:59.999999999,1953-07-31 23:59:59.999999999,1954-06-30 23:59:59.999999999,12,-0.00012742718634345304,17,2,-0.001999840302952024,-239.98083635424285
ME1 BM4,1953-06-30 23:59:59.999999999,1953-07-31 23:59:59.999999999,1954-06-30 23:59:59.999999999,12,-0.00015845854348434384,18,2,0.0001402387182960702,16.82864619552842
ME5 BM2,1953-06-30 23:59:59.999999999,1953-07-31 23:59:59.999999999,1954-06-30 23:59:59.999999999,12,-0.00025986124144270314,19,2,-0.0033901532084996493,-406.8183850199579
ME1 BM2,1953-06-30 23:59:59.999999999,1953-07-31 23:59:59.999999999,1954-06-30 23:59:59.999999999,12,-0.0003138493399374779,20,2,-0.0016190476882399568,-194.2857225887948
ME2 BM3,1953-06-30 23:59:59.999999999,1953-07-31 23:59:59.999999999,1954-06-30 23:59:59.999999999,12,-0.00032354681376822216,21,1,0.004010217631499796,481.2261157799755
ME3 BM1,1953-06-30 23:59:59.999999999,1953-07-31 23:59:59.999999999,1954-06-30 23:59:59.999999999,12,-0.0006043088654589035,22,1,0.002269112143949918,272.29345727399016
ME2 BM1,1953-06-30 23:59:59.999999999,1953-07-31 23:59:59.999999999,1954-06-30 23:59:59.999999999,12,-0.0006403483959156711,23,1,-0.0019257014935967723,-231.0841792316127
SMALL LoBM,1953-06-30 23:59:59.999999999,1953-07-31 23:59:59.999999999,1954-06-30 23:59:59.999999999,12,-0.0010251802721907817,24,1,-0.01467223030520485,-1760.6676366245822
ME4 BM1,1953-06-30 23:59:59.999999999,1953-07-31 23:59:59.999999999,1954-06-30 23:59:59.999999999,12,-0.0011886442656842083,25,1,-0.0035391770267681655,-424.70124321217986
ME4 BM3,1954-06-30 23:59:59.999999999,1954-07-31 23:59:59.999999999,1955-06-30 23:59:59.999999999,12,0.0015732974936639615,1,5,0.004591162458743524,550.9394950492228
ME2 BM5,1954-06-30 23:59:59.999999999,1954-07-31 23:59:59.999999999,1955-06-30 23:59:59.999999999,12,0.0013245728698004116,2,5,-0.008101103666746988,-972.1324400096385
ME5 BM3,1954-06-30 23:59:59.999999999,1954-07-31 23:59:59.999999999,1955-06-30 23:59:59.999999999,12,0.0011826026447677006,3,5,0.00552376464781124,662.8517577373489
ME4 BM5,1954-06-30 23:59:59.999999999,1954-07-31 23:59:59.999999999,1955-06-30 23:59:59.999999999,12,0.0008188360630082517,4,5,-0.009050258553784872,-1086.0310264541847
ME5 BM4,1954-06-30 23:59:59.999999999,1954-07-31 23:59:59.999999999,1955-06-30 23:59:59.999999999,12,0.0007562259934747679,5,5,0.006219595537326562,746.3514644791875
ME3 BM2,1954-06-30 23:59:59.999999999,1954-07-31 23:59:59.999999999,1955-06-30 23:59:59.999999999,12,0.00048169313040464,6,4,0.0004783973228919356,57.40767874703227
ME3 BM3,1954-06-30 23:59:59.999999999,1954-07-31 23:59:59.999999999,1955-06-30 23:59:59.999999999,12,0.00023280358856842773,7,4,0.006690327249392791,802.839269927135
ME2 BM2,1954-06-30 23:59:59.999999999,1954-07-31 23:59:59.999999999,1955-06-30 23:59:59.999999999,12,0.00019722488257761355,8,4,0.005907561414487288,708.9073697384746
ME4 BM2,1954-06-30 23:59:59.999999999,1954-07-31 23:59:59.999999999,1955-06-30 23:59:59.999999999,12,0.0001361488758407189,9,4,-0.001436606080734695,-172.3927296881634
SMALL HiBM,1954-06-30 23:59:59.999999999,1954-07-31 23:59:59.999999999,1955-06-30 23:59:59.999999999,12,5.105879092985561e-05,10,4,0.006738111946084866,808.5734335301839
BIG LoBM,1954-06-30 23:59:59.999999999,1954-07-31 23:59:59.999999999,1955-06-30 23:59:59.999999999,12,-7.989639944179158e-07,11,3,0.0031202240437282294,374.42688524738753
ME1 BM3,1954-06-30 23:59:59.999999999,1954-07-31 23:59:59.999999999,1955-06-30 23:59:59.999999999,12,-8.87458188321842e-05,12,3,-0.003029839469122252,-363.58073629467026
ME2 BM4,1954-06-30 23:59:59.999999999,1954-07-31 23:59:59.999999999,1955-06-30 23:59:59.999999999,12,-0.00019447856002725617,13,3,0.0013416024106633854,160.99228927960624
ME4 BM4,1954-06-30 23:59:59.999999999,1954-07-31 23:59:59.999999999,1955-06-30 23:59:59.999999999,12,-0.00027549178487072337,14,3,-0.00032498635998727397,-38.99836319847288
ME3 BM4,1954-06-30 23:59:59.999999999,1954-07-31 23:59:59.999999999,1955-06-30 23:59:59.999999999,12,-0.00046823235534243263,15,3,0.00431937068173335,518.324481808002
ME2 BM3,1954-06-30 23:59:59.999999999,1954-07-31 23:59:59.999999999,1955-06-30 23:59:59.999999999,12,-0.0004824296444710146,16,2,0.00016629351427865,19.955221713438
ME3 BM5,1954-06-30 23:59:59.999999999,1954-07-31 23:59:59.999999999,1955-06-30 23:59:59.999999999,12,-0.0005856724242325325,17,2,-0.006928817737984786,-831.4581285581743
ME5 BM2,1954-06-30 23:59:59.999999999,1954-07-31 23:59:59.999999999,1955-06-30 23:59:59.999999999,12,-0.0006233198264696187,18,2,-0.0035213102540090605,-422.5572304810873
ME2 BM1,1954-06-30 23:59:59.999999999,1954-07-31 23:59:59.999999999,1955-06-30 23:59:59.999999999,12,-0.0008017392768971817,19,2,-0.0051026963529963295,-612.3235623595596
ME3 BM1,1954-06-30 23:59:59.999999999,1954-07-31 23:59:59.999999999,1955-06-30 23:59:59.999999999,12,-0.0009408068377378509,20,2,0.0025053896688166416,300.646760257997
ME1 BM4,1954-06-30 23:59:59.999999999,1954-07-31 23:59:59.999999999,1955-06-30 23:59:59.999999999,12,-0.00110766256005695,21,1,0.0092646789340366,1111.761472084392
ME4 BM1,1954-06-30 23:59:59.999999999,1954-07-31 23:59:59.999999999,1955-06-30 23:59:59.999999999,12,-0.001168537574813952,22,1,-0.0049012167209572625,-588.1460065148715
SMALL LoBM,1954-06-30 23:59:59.999999999,1954-07-31 23:59:59.999999999,1955-06-30 23:59:59.999999999,12,-0.001262054162196118,23,1,-0.003998482159822477,-479.81785917869723
BIG HiBM,1954-06-30 23:59:59.999999999,1954-07-31 23:59:59.999999999,1955-06-30 23:59:59.999999999,12,-0.0012940290828793281,24,1,0.0005796030870800784,69.55237044960941
ME1 BM2,1954-06-30 23:59:59.999999999,1954-07-31 23:59:59.999999999,1955-06-30 23:59:59.999999999,12,-0.0017663761455494961,25,1,0.0031857692388981337,382.292308667776
ME4 BM3,1955-06-30 23:59:59.999999999,1955-07-31 23:59:59.999999999,1956-06-30 23:59:59.999999999,12,0.0012542651137491603,1,5,-0.0032347122890272217,-388.1654746832666
ME5 BM3,1955-06-30 23:59:59.999999999,1955-07-31 23:59:59.999999999,1956-06-30 23:59:59.999999999,12,0.0012328385800065343,2,5,0.00038381912746552477,46.05829529586297
ME2 BM5,1955-06-30 23:59:59.999999999,1955-07-31 23:59:59.999999999,1956-06-30 23:59:59.999999999,12,0.0008007664801057635,3,5,0.0035175134243234413,422.101610918813
ME2 BM2,1955-06-30 23:59:59.999999999,1955-07-31 23:59:59.999999999,1956-06-30 23:59:59.999999999,12,0.0007465356015239138,4,5,-0.0010409556246305759,-124.9146749556691
ME5 BM4,1955-06-30 23:59:59.999999999,1955-07-31 23:59:59.999999999,1956-06-30 23:59:59.999999999,12,0.0006216831285905229,5,5,-0.0010133456496433932,-121.60147795720718
ME4 BM5,1955-06-30 23:59:59.999999999,1955-07-31 23:59:59.999999999,1956-06-30 23:59:59.999999999,12,0.0006208339136539322,6,4,-0.008725937281469425,-1047.112473776331
ME3 BM2,1955-06-30 23:59:59.999999999,1955-07-31 23:59:59.999999999,1956-06-30 23:59:59.999999999,12,0.0005029197515927476,7,4,-0.004926700020790642,-591.2040024948769
ME3 BM3,1955-06-30 23:59:59.999999999,1955-07-31 23:59:59.999999999,1956-06-30 23:59:59.999999999,12,0.0004761173557297869,8,4,0.0020415304169797226,244.9836500375667
ME4 BM2,1955-06-30 23:59:59.999999999,1955-07-31 23:59:59.999999999,1956-06-30 23:59:59.999999999,12,0.00037575684840316867,9,4,-0.0001547253180283403,-18.567038163400834
SMALL HiBM,1955-06-30 23:59:59.999999999,1955-07-31 23:59:59.999999999,1956-06-30 23:59:59.999999999,12,0.00019688490134813435,10,4,0.0017728218244758868,212.73861893710642
ME1 BM3,1955-06-30 23:59:59.999999999,1955-07-31 23:59:59.999999999,1956-06-30 23:59:59.999999999,12,0.00018546858191749248,11,3,-0.0057359861467059904,-688.3183376047189
BIG LoBM,1955-06-30 23:59:59.999999999,1955-07-31 23:59:59.999999999,1956-06-30 23:59:59.999999999,12,9.798938623839242e-05,12,3,-0.0013910702270306166,-166.92842724367398
ME4 BM4,1955-06-30 23:59:59.999999999,1955-07-31 23:59:59.999999999,1956-06-30 23:59:59.999999999,12,-0.00011672721416569732,13,3,-0.004487369644018039,-538.4843572821648
ME3 BM5,1955-06-30 23:59:59.999999999,1955-07-31 23:59:59.999999999,1956-06-30 23:59:59.999999999,12,-0.0002287214346380465,14,3,-0.0019632838086146493,-235.59405703375793
ME2 BM4,1955-06-30 23:59:59.999999999,1955-07-31 23:59:59.999999999,1956-06-30 23:59:59.999999999,12,-0.0003390515245562117,15,3,-0.0073322112454288525,-879.8653494514623
ME1 BM4,1955-06-30 23:59:59.999999999,1955-07-31 23:59:59.999999999,1956-06-30 23:59:59.999999999,12,-0.0004973866341508465,16,2,0.0038471138359558975,461.6536603147077
ME2 BM3,1955-06-30 23:59:59.999999999,1955-07-31 23:59:59.999999999,1956-06-30 23:59:59.999999999,12,-0.0004976793890842934,17,2,0.0006896833330052391,82.76199996062869
ME3 BM4,1955-06-30 23:59:59.999999999,1955-07-31 23:59:59.999999999,1956-06-30 23:59:59.999999999,12,-0.0006420247326875333,18,2,0.004172362708284682,500.68352499416187
ME3 BM1,1955-06-30 23:59:59.999999999,1955-07-31 23:59:59.999999999,1956-06-30 23:59:59.999999999,12,-0.0007577919811150238,19,2,0.0054158109772507596,649.8973172700911
ME5 BM2,1955-06-30 23:59:59.999999999,1955-07-31 23:59:59.999999999,1956-06-30 23:59:59.999999999,12,-0.0007797497748615468,20,2,0.004023944481595332,482.8733377914399
BIG HiBM,1955-06-30 23:59:59.999999999,1955-07-31 23:59:59.999999999,1956-06-30 23:59:59.999999999,12,-0.0009095731173186601,21,1,-0.003787101267707545,-454.4521521249054
ME4 BM1,1955-06-30 23:59:59.999999999,1955-07-31 23:59:59.999999999,1956-06-30 23:59:59.999999999,12,-0.0010860850038064123,22,1,-0.0005741916751245109,-68.90300101494131
SMALL LoBM,1955-06-30 23:59:59.999999999,1955-07-31 23:59:59.999999999,1956-06-30 23:59:59.999999999,12,-0.0011616263247509247,23,1,0.003349484434559359,401.9381321471231
ME2 BM1,1955-06-30 23:59:59.999999999,1955-07-31 23:59:59.999999999,1956-06-30 23:59:59.999999999,12,-0.0013351716964314078,24,1,-0.014262199451840138,-1711.4639342208166
ME1 BM2,1955-06-30 23:59:59.999999999,1955-07-31 23:59:59.999999999,1956-06-30 23:59:59.999999999,12,-0.0014680570832333257,25,1,-0.007224573693251105,-866.9488431901326
ME5 BM3,1956-06-30 23:59:59.999999999,1956-07-31 23:59:59.999999999,1957-06-30 23:59:59.999999999,12,0.0013063989278594684,1,5,0.0052521026988441,630.252323861292
ME2 BM5,1956-06-30 23:59:59.999999999,1956-07-31 23:59:59.999999999,1957-06-30 23:59:59.999999999,12,0.0009209634327493169,2,5,0.009849563849360112,1181.9476619232134
ME3 BM3,1956-06-30 23:59:59.999999999,1956-07-31 23:59:59.999999999,1957-06-30 23:59:59.999999999,12,0.0005735890792500721,3,5,0.00028255967123269176,33.90716054792301
ME4 BM3,1956-06-30 23:59:59.999999999,1956-07-31 23:59:59.999999999,1957-06-30 23:59:59.999999999,12,0.0004936577726631358,4,5,-0.0044315012926979995,-531.78015512376
ME3 BM5,1956-06-30 23:59:59.999999999,1956-07-31 23:59:59.999999999,1957-06-30 23:59:59.999999999,12,0.0004496245076974695,5,5,-0.0034239445549029634,-410.87334658835556
BIG LoBM,1956-06-30 23:59:59.999999999,1956-07-31 23:59:59.999999999,1957-06-30 23:59:59.999999999,12,0.0004294751328172947,6,4,-0.0009634829022232657,-115.61794826679188
ME3 BM2,1956-06-30 23:59:59.999999999,1956-07-31 23:59:59.999999999,1957-06-30 23:59:59.999999999,12,0.00037756065944828817,7,4,-0.003101191974513554,-372.14303694162646
ME4 BM2,1956-06-30 23:59:59.999999999,1956-07-31 23:59:59.999999999,1957-06-30 23:59:59.999999999,12,0.000357431526296525,8,4,-0.003120795414234412,-374.49544970812946
ME4 BM5,1956-06-30 23:59:59.999999999,1956-07-31 23:59:59.999999999,1957-06-30 23:59:59.999999999,12,0.0002614065275353066,9,4,-0.0037729669031899248,-452.756028382791
ME2 BM3,1956-06-30 23:59:59.999999999,1956-07-31 23:59:59.999999999,1957-06-30 23:59:59.999999999,12,3.5393831033711076e-05,10,4,-0.0030851927240305587,-370.2231268836671
ME5 BM4,1956-06-30 23:59:59.999999999,1956-07-31 23:59:59.999999999,1957-06-30 23:59:59.999999999,12,-1.78488971681379e-05,11,3,-0.002105211150848919,-252.62533810187026
ME3 BM1,1956-06-30 23:59:59.999999999,1956-07-31 23:59:59.999999999,1957-06-30 23:59:59.999999999,12,-6.584644242980437e-05,12,3,0.0008635858623446928,103.63030348136314
ME2 BM2,1956-06-30 23:59:59.999999999,1956-07-31 23:59:59.999999999,1957-06-30 23:59:59.999999999,12,-8.775104114951956e-05,13,3,-9.916018975394127e-05,-11.899222770472951
ME3 BM4,1956-06-30 23:59:59.999999999,1956-07-31 23:59:59.999999999,1957-06-30 23:59:59.999999999,12,-0.00025575823713428473,14,3,-0.002142238899767355,-257.0686679720826
SMALL HiBM,1956-06-30 23:59:59.999999999,1956-07-31 23:59:59.999999999,1957-06-30 23:59:59.999999999,12,-0.000355655825407367,15,3,0.0019552717520864697,234.6326102503764
ME1 BM3,1956-06-30 23:59:59.999999999,1956-07-31 23:59:59.999999999,1957-06-30 23:59:59.999999999,12,-0.0005767100842889685,16,2,-0.005268821716999053,-632.2586060398863
ME5 BM2,1956-06-30 23:59:59.999999999,1956-07-31 23:59:59.999999999,1957-06-30 23:59:59.999999999,12,-0.0007877852832765869,17,2,0.0006787521596120083,81.450259153441
BIG HiBM,1956-06-30 23:59:59.999999999,1956-07-31 23:59:59.999999999,1957-06-30 23:59:59.999999999,12,-0.0010205396381235102,18,2,-0.005690478238523915,-682.8573886228697
ME2 BM4,1956-06-30 23:59:59.999999999,1956-07-31 23:59:59.999999999,1957-06-30 23:59:59.999999999,12,-0.0010303686826260326,19,2,-0.0027074074536656673,-324.88889443988006
ME4 BM4,1956-06-30 23:59:59.999999999,1956-07-31 23:59:59.999999999,1957-06-30 23:59:59.999999999,12,-0.0010527099232309507,20,2,-6.984856134253e-05,-8.3818273611036
ME4 BM1,1956-06-30 23:59:59.999999999,1956-07-31 23:59:59.999999999,1957-06-30 23:59:59.999999999,12,-0.0014104325270660818,21,1,0.00026621489592670486,31.945787511204582
SMALL LoBM,1956-06-30 23:59:59.999999999,1956-07-31 23:59:59.999999999,1957-06-30 23:59:59.999999999,12,-0.0015646525979665926,22,1,-0.01466166342318973,-1759.3996107827675
ME1 BM4,1956-06-30 23:59:59.999999999,1956-07-31 23:59:59.999999999,1957-06-30 23:59:59.999999999,12,-0.0015963302901893968,23,1,-0.0002950952624083981,-35.411431489007775
ME1 BM2,1956-06-30 23:59:59.999999999,1956-07-31 23:59:59.999999999,1957-06-30 23:59:59.999999999,12,-0.0018055779025580618,24,1,-0.01285934846079046,-1543.121815294855
ME2 BM1,1956-06-30 23:59:59.999999999,1956-07-31 23:59:59.999999999,1957-06-30 23:59:59.999999999,12,-0.0022817026119755675,25,1,-0.004948453386477502,-593.8144063773003
ME5 BM3,1957-06-30 23:59:59.999999999,1957-07-31 23:59:59.999999999,1958-06-30 23:59:59.999999999,12,0.0027445225987111537,1,5,0.005916171532737237,709.9405839284684
ME3 BM1,1957-06-30 23:59:59.999999999,1957-07-31 23:59:59.999999999,1958-06-30 23:59:59.999999999,12,0.0012117080485703334,2,5,0.0019629664514467246,235.55597417360696
ME2 BM5,1957-06-30 23:59:59.999999999,1957-07-31 23:59:59.999999999,1958-06-30 23:59:59.999999999,12,0.0011847473547984056,3,5,0.00021426395926230744,25.711675111476893
ME4 BM3,1957-06-30 23:59:59.999999999,1957-07-31 23:59:59.999999999,1958-06-30 23:59:59.999999999,12,0.0006986479903197697,4,5,0.006648655563610162,797.8386676332194
ME4 BM5,1957-06-30 23:59:59.999999999,1957-07-31 23:59:59.999999999,1958-06-30 23:59:59.999999999,12,0.0006520858511676214,5,5,-0.003650448075531752,-438.05376906381025
SMALL HiBM,1957-06-30 23:59:59.999999999,1957-07-31 23:59:59.999999999,1958-06-30 23:59:59.999999999,12,0.000632140488924965,6,4,0.0013929527176389216,167.1543261166706
ME3 BM3,1957-06-30 23:59:59.999999999,1957-07-31 23:59:59.999999999,1958-06-30 23:59:59.999999999,12,0.0003407205949137879,7,4,0.0011754520025125247,141.05424030150297
ME2 BM3,1957-06-30 23:59:59.999999999,1957-07-31 23:59:59.999999999,1958-06-30 23:59:59.999999999,12,0.00027328889081718705,8,4,0.0038207579961159603,458.49095953391526
ME3 BM5,1957-06-30 23:59:59.999999999,1957-07-31 23:59:59.999999999,1958-06-30 23:59:59.999999999,12,1.7939434959250982e-05,9,4,0.006344535706560653,761.3442847872784
ME4 BM2,1957-06-30 23:59:59.999999999,1957-07-31 23:59:59.999999999,1958-06-30 23:59:59.999999999,12,-4.187157571350017e-06,10,4,0.004245674069303126,509.4808883163751
ME2 BM2,1957-06-30 23:59:59.999999999,1957-07-31 23:59:59.999999999,1958-06-30 23:59:59.999999999,12,-0.00013461597436869314,11,3,0.006820079667125868,818.4095600551042
BIG LoBM,1957-06-30 23:59:59.999999999,1957-07-31 23:59:59.999999999,1958-06-30 23:59:59.999999999,12,-0.00026535778730789734,12,3,-0.0029074795820535596,-348.8975498464272
ME5 BM4,1957-06-30 23:59:59.999999999,1957-07-31 23:59:59.999999999,1958-06-30 23:59:59.999999999,12,-0.00030061658570972873,13,3,-0.0029684154502813372,-356.2098540337605
ME3 BM2,1957-06-30 23:59:59.999999999,1957-07-31 23:59:59.999999999,1958-06-30 23:59:59.999999999,12,-0.0003055010478898527,14,3,0.001195048884861998,143.40586618343977
ME5 BM2,1957-06-30 23:59:59.999999999,1957-07-31 23:59:59.999999999,1958-06-30 23:59:59.999999999,12,-0.0007013325876373485,15,3,0.001549980251833653,185.99763022003833
BIG HiBM,1957-06-30 23:59:59.999999999,1957-07-31 23:59:59.999999999,1958-06-30 23:59:59.999999999,12,-0.0007703427608691006,16,2,-0.006486452996769286,-778.3743596123144
ME3 BM4,1957-06-30 23:59:59.999999999,1957-07-31 23:59:59.999999999,1958-06-30 23:59:59.999999999,12,-0.0008997346697748371,17,2,0.0005051446574254071,60.61735889104886
ME4 BM1,1957-06-30 23:59:59.999999999,1957-07-31 23:59:59.999999999,1958-06-30 23:59:59.999999999,12,-0.0010606824741638634,18,2,0.0014442592403432505,173.31110884119008
ME1 BM4,1957-06-30 23:59:59.999999999,1957-07-31 23:59:59.999999999,1958-06-30 23:59:59.999999999,12,-0.0013735889817926223,19,2,0.0017543950566538766,210.5274067984652
ME2 BM4,1957-06-30 23:59:59.999999999,1957-07-31 23:59:59.999999999,1958-06-30 23:59:59.999999999,12,-0.0016262556955309268,20,2,-0.002645482440518426,-317.4578928622111
ME1 BM3,1957-06-30 23:59:59.999999999,1957-07-31 23:59:59.999999999,1958-06-30 23:59:59.999999999,12,-0.0017201440559356078,21,1,-0.0023294912390027203,-279.5389486803265
ME1 BM2,1957-06-30 23:59:59.999999999,1957-07-31 23:59:59.999999999,1958-06-30 23:59:59.999999999,12,-0.00172525301723099,22,1,-0.00010699399291584152,-12.839279149900982
ME4 BM4,1957-06-30 23:59:59.999999999,1957-07-31 23:59:59.999999999,1958-06-30 23:59:59.999999999,12,-0.0021400429297451194,23,1,-0.002198607824350195,-263.8329389220234
ME2 BM1,1957-06-30 23:59:59.999999999,1957-07-31 23:59:59.999999999,1958-06-30 23:59:59.999999999,12,-0.00234724179438924,24,1,0.002860039094382241,343.2046913258689
SMALL LoBM,1957-06-30 23:59:59.999999999,1957-07-31 23:59:59.999999999,1958-06-30 23:59:59.999999999,12,-0.0025932919933882004,25,1,0.005294249942805254,635.3099931366304
ME5 BM3,1958-06-30 23:59:59.999999999,1958-07-31 23:59:59.999999999,1959-06-30 23:59:59.999999999,12,0.0034858350561041292,1,5,0.003562430244751023,427.4916293701227
ME2 BM3,1958-06-30 23:59:59.999999999,1958-07-31 23:59:59.999999999,1959-06-30 23:59:59.999999999,12,0.0012661537857619467,2,5,-0.0016632335068942682,-199.5880208273122
ME2 BM5,1958-06-30 23:59:59.999999999,1958-07-31 23:59:59.999999999,1959-06-30 23:59:59.999999999,12,0.0010204185551446272,3,5,0.0028387013955450693,340.6441674654083
ME3 BM1,1958-06-30 23:59:59.999999999,1958-07-31 23:59:59.999999999,1959-06-30 23:59:59.999999999,12,0.0008605766840829691,4,5,-0.00316277766865904,-379.5333202390848
ME4 BM3,1958-06-30 23:59:59.999999999,1958-07-31 23:59:59.999999999,1959-06-30 23:59:59.999999999,12,0.0008506246607756698,5,5,0.008883426761843134,1066.011211421176
ME3 BM3,1958-06-30 23:59:59.999999999,1958-07-31 23:59:59.999999999,1959-06-30 23:59:59.999999999,12,0.0006302104317477276,6,4,0.0006581099159880703,78.97318991856844
ME4 BM2,1958-06-30 23:59:59.999999999,1958-07-31 23:59:59.999999999,1959-06-30 23:59:59.999999999,12,0.0005712771255825622,7,4,0.0008982016276822467,107.7841953218696
SMALL HiBM,1958-06-30 23:59:59.999999999,1958-07-31 23:59:59.999999999,1959-06-30 23:59:59.999999999,12,0.0005050103937816845,8,4,0.0020581247374517535,246.9749684942104
ME4 BM5,1958-06-30 23:59:59.999999999,1958-07-31 23:59:59.999999999,1959-06-30 23:59:59.999999999,12,0.00048225983080950216,9,4,0.00021018336045468497,25.222003254562196
ME2 BM2,1958-06-30 23:59:59.999999999,1958-07-31 23:59:59.999999999,1959-06-30 23:59:59.999999999,12,0.00026066383273930775,10,4,0.0063100850253034226,757.2102030364107
ME3 BM5,1958-06-30 23:59:59.999999999,1958-07-31 23:59:59.999999999,1959-06-30 23:59:59.999999999,12,0.00023578449966219888,11,3,0.0019555183016098125,234.6621961931775
ME3 BM2,1958-06-30 23:59:59.999999999,1958-07-31 23:59:59.999999999,1959-06-30 23:59:59.999999999,12,0.0001476888039220487,12,3,0.00010799399002359648,12.959278802831577
ME3 BM4,1958-06-30 23:59:59.999999999,1958-07-31 23:59:59.999999999,1959-06-30 23:59:59.999999999,12,-0.00014124445811762102,13,3,0.0054011341603910105,648.1360992469213
ME5 BM4,1958-06-30 23:59:59.999999999,1958-07-31 23:59:59.999999999,1959-06-30 23:59:59.999999999,12,-0.0002790832646220793,14,3,-0.006786063343140635,-814.3276011768762
BIG LoBM,1958-06-30 23:59:59.999999999,1958-07-31 23:59:59.999999999,1959-06-30 23:59:59.999999999,12,-0.0003045082054507929,15,3,0.0019268908644671102,231.2269037360532
ME1 BM4,1958-06-30 23:59:59.999999999,1958-07-31 23:59:59.999999999,1959-06-30 23:59:59.999999999,12,-0.0005181305765443354,16,2,-0.0016592663703057433,-199.1119644366892
ME1 BM3,1958-06-30 23:59:59.999999999,1958-07-31 23:59:59.999999999,1959-06-30 23:59:59.999999999,12,-0.0008256585964478648,17,2,0.007819035889859938,938.2843067831925
ME5 BM2,1958-06-30 23:59:59.999999999,1958-07-31 23:59:59.999999999,1959-06-30 23:59:59.999999999,12,-0.0008758417541351819,18,2,-0.00608911181549516,-730.6934178594192
ME4 BM1,1958-06-30 23:59:59.999999999,1958-07-31 23:59:59.999999999,1959-06-30 23:59:59.999999999,12,-0.000998509099975964,19,2,-5.494105008567769e-05,-6.592926010281324
BIG HiBM,1958-06-30 23:59:59.999999999,1958-07-31 23:59:59.999999999,1959-06-30 23:59:59.999999999,12,-0.0010404712567893043,20,2,0.0030129974038288054,361.55968845945665
ME2 BM4,1958-06-30 23:59:59.999999999,1958-07-31 23:59:59.999999999,1959-06-30 23:59:59.999999999,12,-0.0013921208602832387,21,1,0.001577698121906223,189.32377462874678
ME2 BM1,1958-06-30 23:59:59.999999999,1958-07-31 23:59:59.999999999,1959-06-30 23:59:59.999999999,12,-0.0016202525718596369,22,1,0.0066425571998810174,797.106863985722
ME1 BM2,1958-06-30 23:59:59.999999999,1958-07-31 23:59:59.999999999,1959-06-30 23:59:59.999999999,12,-0.001630189874848202,23,1,0.0015611294760391268,187.3355371246952
SMALL LoBM,1958-06-30 23:59:59.999999999,1958-07-31 23:59:59.999999999,1959-06-30 23:59:59.999999999,12,-0.0021539701395153453,24,1,-0.007884568815230782,-946.1482578276939
ME4 BM4,1958-06-30 23:59:59.999999999,1958-07-31 23:59:59.999999999,1959-06-30 23:59:59.999999999,12,-0.002305419592788963,25,1,0.000341180714250244,40.941685710029276
ME5 BM3,1959-06-30 23:59:59.999999999,1959-07-31 23:59:59.999999999,1960-06-30 23:59:59.999999999,12,0.002852360776464299,1,5,0.007826820468614706,939.2184562337646
ME3 BM1,1959-06-30 23:59:59.999999999,1959-07-31 23:59:59.999999999,1960-06-30 23:59:59.999999999,12,0.000956320183430155,2,5,0.003632690009733789,435.92280116805466
ME2 BM5,1959-06-30 23:59:59.999999999,1959-07-31 23:59:59.999999999,1960-06-30 23:59:59.999999999,12,0.0009447840986738259,3,5,0.00251424874206718,301.7098490480616
ME2 BM3,1959-06-30 23:59:59.999999999,1959-07-31 23:59:59.999999999,1960-06-30 23:59:59.999999999,12,0.0008400703004630911,4,5,0.0018604724289276117,223.25669147131342
ME4 BM3,1959-06-30 23:59:59.999999999,1959-07-31 23:59:59.999999999,1960-06-30 23:59:59.999999999,12,0.0006413017598196214,5,5,-0.006464286575030307,-775.7143890036368
ME3 BM3,1959-06-30 23:59:59.999999999,1959-07-31 23:59:59.999999999,1960-06-30 23:59:59.999999999,12,0.0005372383686181357,6,4,-0.004417132099320163,-530.0558519184195
ME3 BM2,1959-06-30 23:59:59.999999999,1959-07-31 23:59:59.999999999,1960-06-30 23:59:59.999999999,12,0.0003802581712353354,7,4,-0.002504875557309735,-300.5850668771682
ME2 BM2,1959-06-30 23:59:59.999999999,1959-07-31 23:59:59.999999999,1960-06-30 23:59:59.999999999,12,0.0003549150436871172,8,4,-0.005874376326254776,-704.9251591505731
ME4 BM2,1959-06-30 23:59:59.999999999,1959-07-31 23:59:59.999999999,1960-06-30 23:59:59.999999999,12,0.00035027042928374475,9,4,0.0011455184155546346,137.46220986655615
ME1 BM3,1959-06-30 23:59:59.999999999,1959-07-31 23:59:59.999999999,1960-06-30 23:59:59.999999999,12,0.00031079235755611883,10,4,-0.005199280200392291,-623.9136240470749
ME3 BM5,1959-06-30 23:59:59.999999999,1959-07-31 23:59:59.999999999,1960-06-30 23:59:59.999999999,12,0.00025311346913798775,11,3,-0.00887998555190911,-1065.5982662290933
ME1 BM4,1959-06-30 23:59:59.999999999,1959-07-31 23:59:59.999999999,1960-06-30 23:59:59.999999999,12,0.0001767259806834187,12,3,0.003810097331548884,457.21167978586607
SMALL HiBM,1959-06-30 23:59:59.999999999,1959-07-31 23:59:59.999999999,1960-06-30 23:59:59.999999999,12,0.0001367786973354126,13,3,0.0013389043978382306,160.66852774058768
ME5 BM4,1959-06-30 23:59:59.999999999,1959-07-31 23:59:59.999999999,1960-06-30 23:59:59.999999999,12,9.405795250613719e-06,14,3,-0.00741747145324903,-890.0965743898835
ME4 BM5,1959-06-30 23:59:59.999999999,1959-07-31 23:59:59.999999999,1960-06-30 23:59:59.999999999,12,-9.231068868222845e-05,15,3,-0.0005362220253013818,-64.34664303616582
ME3 BM4,1959-06-30 23:59:59.999999999,1959-07-31 23:59:59.999999999,1960-06-30 23:59:59.999999999,12,-9.733884668268128e-05,16,2,0.0015742022483684847,188.90426980421816
BIG HiBM,1959-06-30 23:59:59.999999999,1959-07-31 23:59:59.999999999,1960-06-30 23:59:59.999999999,12,-0.00010894871117340385,17,2,-0.006821428533222515,-818.5714239867017
BIG LoBM,1959-06-30 23:59:59.999999999,1959-07-31 23:59:59.999999999,1960-06-30 23:59:59.999999999,12,-0.00032762286180805793,18,2,0.001036379000976509,124.36548011718108
ME5 BM2,1959-06-30 23:59:59.999999999,1959-07-31 23:59:59.999999999,1960-06-30 23:59:59.999999999,12,-0.00034049826421988697,19,2,-0.007480250778504102,-897.6300934204922
ME2 BM1,1959-06-30 23:59:59.999999999,1959-07-31 23:59:59.999999999,1960-06-30 23:59:59.999999999,12,-0.0005747592480452037,20,2,0.001511380367954279,181.3656441545135
ME4 BM1,1959-06-30 23:59:59.999999999,1959-07-31 23:59:59.999999999,1960-06-30 23:59:59.999999999,12,-0.001153561841389109,21,1,-0.00026375872977259414,-31.651047572711295
SMALL LoBM,1959-06-30 23:59:59.999999999,1959-07-31 23:59:59.999999999,1960-06-30 23:59:59.999999999,12,-0.0013062746465569452,22,1,-0.0201655005081143,-2419.860060973716
ME4 BM4,1959-06-30 23:59:59.999999999,1959-07-31 23:59:59.999999999,1960-06-30 23:59:59.999999999,12,-0.0014467571444121302,23,1,-0.0031084816234708892,-373.0177948165067
ME2 BM4,1959-06-30 23:59:59.999999999,1959-07-31 23:59:59.999999999,1960-06-30 23:59:59.999999999,12,-0.001474802108075075,24,1,0.0040713686255402235,488.56423506482685
ME1 BM2,1959-06-30 23:59:59.999999999,1959-07-31 23:59:59.999999999,1960-06-30 23:59:59.999999999,12,-0.0016647604375343125,25,1,0.001999991316744204,239.99895800930446
ME5 BM3,1960-06-30 23:59:59.999999999,1960-07-31 23:59:59.999999999,1961-06-30 23:59:59.999999999,12,0.0031767997215596928,1,5,0.007406432811935444,888.7719374322534
ME2 BM5,1960-06-30 23:59:59.999999999,1960-07-31 23:59:59.999999999,1961-06-30 23:59:59.999999999,12,0.001325765375880433,2,5,0.0011053245398054093,132.63894477664914
ME2 BM3,1960-06-30 23:59:59.999999999,1960-07-31 23:59:59.999999999,1961-06-30 23:59:59.999999999,12,0.0010204471270232449,3,5,0.001351723153157106,162.2067783788527
ME3 BM2,1960-06-30 23:59:59.999999999,1960-07-31 23:59:59.999999999,1961-06-30 23:59:59.999999999,12,0.0009976216578263108,4,5,0.0060682851485236175,728.1942178228342
ME3 BM1,1960-06-30 23:59:59.999999999,1960-07-31 23:59:59.999999999,1961-06-30 23:59:59.999999999,12,0.0008402340689906502,5,5,0.0016149749568808308,193.7969948256997
ME4 BM2,1960-06-30 23:59:59.999999999,1960-07-31 23:59:59.999999999,1961-06-30 23:59:59.999999999,12,0.0007500844405663381,6,4,0.005367752813284159,644.130337594099
ME4 BM3,1960-06-30 23:59:59.999999999,1960-07-31 23:59:59.999999999,1961-06-30 23:59:59.999999999,12,0.0007077089755006911,7,4,0.005260717809254681,631.2861371105618
ME3 BM3,1960-06-30 23:59:59.999999999,1960-07-31 23:59:59.999999999,1961-06-30 23:59:59.999999999,12,0.0004502307802812477,8,4,0.0011213722805120223,134.56467366144267
ME1 BM4,1960-06-30 23:59:59.999999999,1960-07-31 23:59:59.999999999,1961-06-30 23:59:59.999999999,12,0.00019283618921251135,9,4,0.0007500527035970286,90.00632443164343
ME3 BM4,1960-06-30 23:59:59.999999999,1960-07-31 23:59:59.999999999,1961-06-30 23:59:59.999999999,12,0.00017949473375558685,10,4,0.0023174299711569714,278.09159653883654
ME1 BM3,1960-06-30 23:59:59.999999999,1960-07-31 23:59:59.999999999,1961-06-30 23:59:59.999999999,12,7.560566509989111e-05,11,3,-0.0001568427446326045,-18.82112935591254
SMALL HiBM,1960-06-30 23:59:59.999999999,1960-07-31 23:59:59.999999999,1961-06-30 23:59:59.999999999,12,3.164446649457102e-05,12,3,-0.006823082407909815,-818.7698889491778
ME2 BM2,1960-06-30 23:59:59.999999999,1960-07-31 23:59:59.999999999,1961-06-30 23:59:59.999999999,12,3.116685541012492e-05,13,3,0.004973492024676328,596.8190429611594
BIG HiBM,1960-06-30 23:59:59.999999999,1960-07-31 23:59:59.999999999,1961-06-30 23:59:59.999999999,12,-0.0001754413456809363,14,3,-0.0017762050810144613,-213.14460972173538
ME5 BM2,1960-06-30 23:59:59.999999999,1960-07-31 23:59:59.999999999,1961-06-30 23:59:59.999999999,12,-0.0002052542054807339,15,3,0.002232407445261393,267.8888934313672
ME3 BM5,1960-06-30 23:59:59.999999999,1960-07-31 23:59:59.999999999,1961-06-30 23:59:59.999999999,12,-0.0003322443539418971,16,2,-0.005496455461667822,-659.5746554001386
BIG LoBM,1960-06-30 23:59:59.999999999,1960-07-31 23:59:59.999999999,1961-06-30 23:59:59.999999999,12,-0.00042513437579133774,17,2,-0.005031951133914733,-603.834136069768
ME4 BM5,1960-06-30 23:59:59.999999999,1960-07-31 23:59:59.999999999,1961-06-30 23:59:59.999999999,12,-0.0006076496720026291,18,2,-0.016709397676270644,-2005.1277211524773
ME2 BM1,1960-06-30 23:59:59.999999999,1960-07-31 23:59:59.999999999,1961-06-30 23:59:59.999999999,12,-0.0009554493840510599,19,2,0.00011111191661896588,13.333429994275905
ME4 BM1,1960-06-30 23:59:59.999999999,1960-07-31 23:59:59.999999999,1961-06-30 23:59:59.999999999,12,-0.0009770885307495056,20,2,0.0037209219310530817,446.5106317263698
ME5 BM4,1960-06-30 23:59:59.999999999,1960-07-31 23:59:59.999999999,1961-06-30 23:59:59.999999999,12,-0.001035939803066882,21,1,-0.005897745131052077,-707.7294157262493
ME2 BM4,1960-06-30 23:59:59.999999999,1960-07-31 23:59:59.999999999,1961-06-30 23:59:59.999999999,12,-0.0011556890600729797,22,1,0.0037301293170379046,447.61551804454854
ME4 BM4,1960-06-30 23:59:59.999999999,1960-07-31 23:59:59.999999999,1961-06-30 23:59:59.999999999,12,-0.001197410195944932,23,1,0.007739421879858449,928.7306255830139
ME1 BM2,1960-06-30 23:59:59.999999999,1960-07-31 23:59:59.999999999,1961-06-30 23:59:59.999999999,12,-0.0013695790889356007,24,1,-0.001337686418583,-160.52237022996
SMALL LoBM,1960-06-30 23:59:59.999999999,1960-07-31 23:59:59.999999999,1961-06-30 23:59:59.999999999,12,-0.001485044222278699,25,1,-0.001182314897428086,-141.8777876913703
ME5 BM3,1961-06-30 23:59:59.999999999,1961-07-31 23:59:59.999999999,1962-06-30 23:59:59.999999999,12,0.0019913070626965657,1,5,0.002589431013391629,310.73172160699545
ME2 BM5,1961-06-30 23:59:59.999999999,1961-07-31 23:59:59.999999999,1962-06-30 23:59:59.999999999,12,0.0017348246915777309,2,5,0.005371246278046196,644.5495533655435
ME2 BM3,1961-06-30 23:59:59.999999999,1961-07-31 23:59:59.999999999,1962-06-30 23:59:59.999999999,12,0.0013296567106656754,3,5,-0.0024983399128397656,-299.80078954077186
ME3 BM1,1961-06-30 23:59:59.999999999,1961-07-31 23:59:59.999999999,1962-06-30 23:59:59.999999999,12,0.000904067124508336,4,5,0.0016402545836210404,196.83055003452486
ME3 BM2,1961-06-30 23:59:59.999999999,1961-07-31 23:59:59.999999999,1962-06-30 23:59:59.999999999,12,0.0007303699226752907,5,5,0.004918309352615993,590.1971223139192
ME4 BM3,1961-06-30 23:59:59.999999999,1961-07-31 23:59:59.999999999,1962-06-30 23:59:59.999999999,12,0.0006919507761238982,6,4,0.0053916945535661355,647.0033464279362
ME4 BM2,1961-06-30 23:59:59.999999999,1961-07-31 23:59:59.999999999,1962-06-30 23:59:59.999999999,12,0.0005303028266011021,7,4,-0.0017329488395068824,-207.9538607408259
ME3 BM4,1961-06-30 23:59:59.999999999,1961-07-31 23:59:59.999999999,1962-06-30 23:59:59.999999999,12,0.0004245245175357828,8,4,0.0014232130402178174,170.78556482613808
ME3 BM3,1961-06-30 23:59:59.999999999,1961-07-31 23:59:59.999999999,1962-06-30 23:59:59.999999999,12,0.000395387968661041,9,4,-0.004783349684218498,-574.0019621062198
ME2 BM2,1961-06-30 23:59:59.999999999,1961-07-31 23:59:59.999999999,1962-06-30 23:59:59.999999999,12,8.55618731099888e-05,10,4,0.0012299515392457487,147.59418470948984
SMALL HiBM,1961-06-30 23:59:59.999999999,1961-07-31 23:59:59.999999999,1962-06-30 23:59:59.999999999,12,6.90134257781229e-05,11,3,-0.0005729544165523891,-68.7545299862867
ME1 BM3,1961-06-30 23:59:59.999999999,1961-07-31 23:59:59.999999999,1962-06-30 23:59:59.999999999,12,4.602607315140831e-05,12,3,-0.003808876598183473,-457.06519178201677
ME5 BM2,1961-06-30 23:59:59.999999999,1961-07-31 23:59:59.999999999,1962-06-30 23:59:59.999999999,12,-2.6587282893042414e-05,13,3,0.004832118248497261,579.8541898196713
ME1 BM4,1961-06-30 23:59:59.999999999,1961-07-31 23:59:59.999999999,1962-06-30 23:59:59.999999999,12,-8.09906889049389e-05,14,3,0.0044797653700097756,537.571844401173
BIG LoBM,1961-06-30 23:59:59.999999999,1961-07-31 23:59:59.999999999,1962-06-30 23:59:59.999999999,12,-0.00026636570652086727,15,3,-0.0046761201412720225,-561.1344169526427
ME3 BM5,1961-06-30 23:59:59.999999999,1961-07-31 23:59:59.999999999,1962-06-30 23:59:59.999999999,12,-0.00041485990265292274,16,2,-0.00679488761144949,-815.3865133739388
ME4 BM5,1961-06-30 23:59:59.999999999,1961-07-31 23:59:59.999999999,1962-06-30 23:59:59.999999999,12,-0.0006976412344584015,17,2,0.0009104321274390938,109.25185529269126
BIG HiBM,1961-06-30 23:59:59.999999999,1961-07-31 23:59:59.999999999,1962-06-30 23:59:59.999999999,12,-0.0007708840555926308,18,2,-0.0022624900815589443,-271.4988097870733
ME2 BM4,1961-06-30 23:59:59.999999999,1961-07-31 23:59:59.999999999,1962-06-30 23:59:59.999999999,12,-0.0009423266044552757,19,2,0.0045187844503917695,542.2541340470123
ME4 BM4,1961-06-30 23:59:59.999999999,1961-07-31 23:59:59.999999999,1962-06-30 23:59:59.999999999,12,-0.001125475060855674,20,2,-0.0013040228022110818,-156.48273626532983
ME1 BM2,1961-06-30 23:59:59.999999999,1961-07-31 23:59:59.999999999,1962-06-30 23:59:59.999999999,12,-0.0011417310063318276,21,1,0.002393830787744247,287.2596945293096
ME4 BM1,1961-06-30 23:59:59.999999999,1961-07-31 23:59:59.999999999,1962-06-30 23:59:59.999999999,12,-0.0011577918045540564,22,1,-0.0064274685302195865,-771.2962236263504
ME2 BM1,1961-06-30 23:59:59.999999999,1961-07-31 23:59:59.999999999,1962-06-30 23:59:59.999999999,12,-0.0013040904496831784,23,1,-0.010189872937468347,-1222.7847524962015
SMALL LoBM,1961-06-30 23:59:59.999999999,1961-07-31 23:59:59.999999999,1962-06-30 23:59:59.999999999,12,-0.002009108633178234,24,1,0.01774185601005671,2129.0227212068053
ME5 BM4,1961-06-30 23:59:59.999999999,1961-07-31 23:59:59.999999999,1962-06-30 23:59:59.999999999,12,-0.002099819490379312,25,1,0.001652824553727641,198.33894644731694
ME5 BM3,1962-06-30 23:59:59.999999999,1962-07-31 23:59:59.999999999,1963-06-30 23:59:59.999999999,12,0.0026457644218458544,1,5,0.0016394066962420574,196.7288035490469
ME4 BM3,1962-06-30 23:59:59.999999999,1962-07-31 23:59:59.999999999,1963-06-30 23:59:59.999999999,12,0.002460334633585244,2,5,-0.0005515207042406275,-66.1824845088753
ME2 BM5,1962-06-30 23:59:59.999999999,1962-07-31 23:59:59.999999999,1963-06-30 23:59:59.999999999,12,0.0019318389550512414,3,5,0.0040187654165303715,482.2518499836446
ME3 BM2,1962-06-30 23:59:59.999999999,1962-07-31 23:59:59.999999999,1963-06-30 23:59:59.999999999,12,0.0017929262916138897,4,5,0.00029369894386062286,35.24387326327474
ME3 BM4,1962-06-30 23:59:59.999999999,1962-07-31 23:59:59.999999999,1963-06-30 23:59:59.999999999,12,0.0013016160369765913,5,5,-0.004663728334105165,-559.6474000926198
ME3 BM1,1962-06-30 23:59:59.999999999,1962-07-31 23:59:59.999999999,1963-06-30 23:59:59.999999999,12,0.0012825562427917815,6,4,-0.0018236693382153672,-218.84032058584407
ME2 BM3,1962-06-30 23:59:59.999999999,1962-07-31 23:59:59.999999999,1963-06-30 23:59:59.999999999,12,0.0012308051392488162,7,4,-0.007129191871110857,-855.5030245333029
ME1 BM4,1962-06-30 23:59:59.999999999,1962-07-31 23:59:59.999999999,1963-06-30 23:59:59.999999999,12,0.0012103115003997372,8,4,-0.0025619049772469984,-307.4285972696398
ME2 BM2,1962-06-30 23:59:59.999999999,1962-07-31 23:59:59.999999999,1963-06-30 23:59:59.999999999,12,0.001095313644877806,9,4,-0.00027900212346046075,-33.480254815255286
SMALL HiBM,1962-06-30 23:59:59.999999999,1962-07-31 23:59:59.999999999,1963-06-30 23:59:59.999999999,12,0.0006395317684453744,10,4,0.007482008577427815,897.8410292913377
ME1 BM3,1962-06-30 23:59:59.999999999,1962-07-31 23:59:59.999999999,1963-06-30 23:59:59.999999999,12,0.00041734157418319464,11,3,-0.001108815772700231,-133.0578927240277
ME2 BM4,1962-06-30 23:59:59.999999999,1962-07-31 23:59:59.999999999,1963-06-30 23:59:59.999999999,12,0.0002603596546578854,12,3,0.0016535444610497486,198.42533532596983
ME5 BM2,1962-06-30 23:59:59.999999999,1962-07-31 23:59:59.999999999,1963-06-30 23:59:59.999999999,12,-0.0002485263781917192,13,3,-0.0016870184065350654,-202.44220878420785
ME4 BM2,1962-06-30 23:59:59.999999999,1962-07-31 23:59:59.999999999,1963-06-30 23:59:59.999999999,12,-0.0002633943187611692,14,3,0.0010360469309715727,124.32563171658872
ME3 BM3,1962-06-30 23:59:59.999999999,1962-07-31 23:59:59.999999999,1963-06-30 23:59:59.999999999,12,-0.00030622358750587056,15,3,-0.003760319179619026,-451.2383015542831
BIG LoBM,1962-06-30 23:59:59.999999999,1962-07-31 23:59:59.999999999,1963-06-30 23:59:59.999999999,12,-0.0006525299907749315,16,2,0.0020510094901788276,246.1211388214593
ME1 BM2,1962-06-30 23:59:59.999999999,1962-07-31 23:59:59.999999999,1963-06-30 23:59:59.999999999,12,-0.0008689795676816877,17,2,-0.011837425185561183,-1420.491022267342
ME4 BM5,1962-06-30 23:59:59.999999999,1962-07-31 23:59:59.999999999,1963-06-30 23:59:59.999999999,12,-0.0009097014416691598,18,2,0.002198234181714164,263.7881018056997
ME4 BM4,1962-06-30 23:59:59.999999999,1962-07-31 23:59:59.999999999,1963-06-30 23:59:59.999999999,12,-0.0011391413418131368,19,2,0.00033014307242794187,39.61716869135302
SMALL LoBM,1962-06-30 23:59:59.999999999,1962-07-31 23:59:59.999999999,1963-06-30 23:59:59.999999999,12,-0.0012569872564976558,20,2,0.008923702632758683,1070.8443159310418
BIG HiBM,1962-06-30 23:59:59.999999999,1962-07-31 23:59:59.999999999,1963-06-30 23:59:59.999999999,12,-0.0013284110740470554,21,1,6.772604845584872e-05,8.127125814701847
ME3 BM5,1962-06-30 23:59:59.999999999,1962-07-31 23:59:59.999999999,1963-06-30 23:59:59.999999999,12,-0.0014996947810345235,22,1,0.0007655356989823229,91.86428387787875
ME2 BM1,1962-06-30 23:59:59.999999999,1962-07-31 23:59:59.999999999,1963-06-30 23:59:59.999999999,12,-0.0019610026020901944,23,1,-0.0021817671380066008,-261.8120565607921
ME4 BM1,1962-06-30 23:59:59.999999999,1962-07-31 23:59:59.999999999,1963-06-30 23:59:59.999999999,12,-0.0020055697574961626,24,1,0.0003351252152143282,40.21502582571938
ME5 BM4,1962-06-30 23:59:59.999999999,1962-07-31 23:59:59.999999999,1963-06-30 23:59:59.999999999,12,-0.002217779660865115,25,1,-0.010346877700859965,-1241.6253241031957
ME5 BM3,1963-06-30 23:59:59.999999999,1963-07-31 23:59:59.999999999,1964-06-30 23:59:59.999999999,12,0.002794724238473947,1,5,-0.0052789541633058235,-633.4744995966988
ME4 BM3,1963-06-30 23:59:59.999999999,1963-07-31 23:59:59.999999999,1964-06-30 23:59:59.999999999,12,0.0027777698325121294,2,5,0.0017484880442074824,209.81856530489787
ME2 BM5,1963-06-30 23:59:59.999999999,1963-07-31 23:59:59.999999999,1964-06-30 23:59:59.999999999,12,0.0022730939575561675,3,5,0.008913346336808998,1069.6015604170798
SMALL HiBM,1963-06-30 23:59:59.999999999,1963-07-31 23:59:59.999999999,1964-06-30 23:59:59.999999999,12,0.0020491968837848666,4,5,-0.0015956041631190198,-191.47249957428238
ME3 BM2,1963-06-30 23:59:59.999999999,1963-07-31 23:59:59.999999999,1964-06-30 23:59:59.999999999,12,0.0018877346377578288,5,5,-0.0011834916676523625,-142.01900011828351
ME2 BM2,1963-06-30 23:59:59.999999999,1963-07-31 23:59:59.999999999,1964-06-30 23:59:59.999999999,12,0.0012758847835355094,6,4,-0.0036923918390372955,-443.0870206844754
ME1 BM4,1963-06-30 23:59:59.999999999,1963-07-31 23:59:59.999999999,1964-06-30 23:59:59.999999999,12,0.0011208775378312497,7,4,-0.009042073485631125,-1085.0488182757351
ME3 BM1,1963-06-30 23:59:59.999999999,1963-07-31 23:59:59.999999999,1964-06-30 23:59:59.999999999,12,0.0008209175964590156,8,4,-0.010374994869946249,-1244.99938439355
ME3 BM4,1963-06-30 23:59:59.999999999,1963-07-31 23:59:59.999999999,1964-06-30 23:59:59.999999999,12,0.0007653027713698617,9,4,0.001832553761798729,219.90645141584747
ME4 BM2,1963-06-30 23:59:59.999999999,1963-07-31 23:59:59.999999999,1964-06-30 23:59:59.999999999,12,0.0005582408358744538,10,4,-0.002361847020680352,-283.42164248164227
ME2 BM4,1963-06-30 23:59:59.999999999,1963-07-31 23:59:59.999999999,1964-06-30 23:59:59.999999999,12,0.0003122508395524486,11,3,-0.0020299125788584,-243.589509463008
SMALL LoBM,1963-06-30 23:59:59.999999999,1963-07-31 23:59:59.999999999,1964-06-30 23:59:59.999999999,12,-0.00012566101962209274,12,3,-0.007883496907485908,-946.0196288983088
ME2 BM3,1963-06-30 23:59:59.999999999,1963-07-31 23:59:59.999999999,1964-06-30 23:59:59.999999999,12,-0.00019894430658867724,13,3,0.005436848560799636,652.4218272959563
ME1 BM3,1963-06-30 23:59:59.999999999,1963-07-31 23:59:59.999999999,1964-06-30 23:59:59.999999999,12,-0.0003688006018091828,14,3,-0.0046714247759847595,-560.5709731181712
ME5 BM2,1963-06-30 23:59:59.999999999,1963-07-31 23:59:59.999999999,1964-06-30 23:59:59.999999999,12,-0.0004574260817504382,15,3,0.0005594223656350878,67.13068387621054
BIG LoBM,1963-06-30 23:59:59.999999999,1963-07-31 23:59:59.999999999,1964-06-30 23:59:59.999999999,12,-0.0004761572390690287,16,2,0.0028267341469850322,339.20809763820387
ME3 BM3,1963-06-30 23:59:59.999999999,1963-07-31 23:59:59.999999999,1964-06-30 23:59:59.999999999,12,-0.0009660684948718738,17,2,0.0016352682209259531,196.23218651111438
ME4 BM4,1963-06-30 23:59:59.999999999,1963-07-31 23:59:59.999999999,1964-06-30 23:59:59.999999999,12,-0.0011238824523937708,18,2,0.007675762562273086,921.0915074727703
ME1 BM2,1963-06-30 23:59:59.999999999,1963-07-31 23:59:59.999999999,1964-06-30 23:59:59.999999999,12,-0.0012437556332172972,19,2,-0.010071619758788933,-1208.5943710546721
ME3 BM5,1963-06-30 23:59:59.999999999,1963-07-31 23:59:59.999999999,1964-06-30 23:59:59.999999999,12,-0.0013949787705583767,20,2,-0.004051149184777898,-486.1379021733478
ME4 BM1,1963-06-30 23:59:59.999999999,1963-07-31 23:59:59.999999999,1964-06-30 23:59:59.999999999,12,-0.0016805454079558291,21,1,-0.006735096847213846,-808.2116216656615
ME2 BM1,1963-06-30 23:59:59.999999999,1963-07-31 23:59:59.999999999,1964-06-30 23:59:59.999999999,12,-0.002158118622147483,22,1,-0.007153872991520683,-858.4647589824818
ME4 BM5,1963-06-30 23:59:59.999999999,1963-07-31 23:59:59.999999999,1964-06-30 23:59:59.999999999,12,-0.002333676047087038,23,1,-0.00026450061701777913,-31.740074042133497
BIG HiBM,1963-06-30 23:59:59.999999999,1963-07-31 23:59:59.999999999,1964-06-30 23:59:59.999999999,12,-0.002449707787630277,24,1,-0.011165319618361298,-1339.8383542033557
ME5 BM4,1963-06-30 23:59:59.999999999,1963-07-31 23:59:59.999999999,1964-06-30 23:59:59.999999999,12,-0.0034946084069506977,25,1,-0.002593114476771375,-311.173737212565
ME2 BM5,1964-06-30 23:59:59.999999999,1964-07-31 23:59:59.999999999,1965-06-30 23:59:59.999999999,12,0.0029143251414849303,1,5,-0.003278874573607491,-393.4649488328989
ME5 BM3,1964-06-30 23:59:59.999999999,1964-07-31 23:59:59.999999999,1965-06-30 23:59:59.999999999,12,0.002638038740095962,2,5,0.0014213726562772686,170.56471875327225
ME4 BM3,1964-06-30 23:59:59.999999999,1964-07-31 23:59:59.999999999,1965-06-30 23:59:59.999999999,12,0.0020237091850336788,3,5,0.0013291850627503963,159.50220753004757
SMALL HiBM,1964-06-30 23:59:59.999999999,1964-07-31 23:59:59.999999999,1965-06-30 23:59:59.999999999,12,0.0017473788361782724,4,5,0.005504515493623977,660.5418592348773
ME3 BM2,1964-06-30 23:59:59.999999999,1964-07-31 23:59:59.999999999,1965-06-30 23:59:59.999999999,12,0.0013835234802243056,5,5,0.0032897262294760885,394.7671475371306
ME2 BM2,1964-06-30 23:59:59.999999999,1964-07-31 23:59:59.999999999,1965-06-30 23:59:59.999999999,12,0.00111465915449072,6,4,-0.003750401547002359,-450.0481856402831
ME3 BM4,1964-06-30 23:59:59.999999999,1964-07-31 23:59:59.999999999,1965-06-30 23:59:59.999999999,12,0.0006621359532292463,7,4,-0.00011720186373109151,-14.06422364773098
ME1 BM4,1964-06-30 23:59:59.999999999,1964-07-31 23:59:59.999999999,1965-06-30 23:59:59.999999999,12,0.0005132618874119362,8,4,0.0007994138198103236,95.92965837723884
ME4 BM2,1964-06-30 23:59:59.999999999,1964-07-31 23:59:59.999999999,1965-06-30 23:59:59.999999999,12,0.00018043306142942508,9,4,0.0044031025947829025,528.3723113739483
ME2 BM4,1964-06-30 23:59:59.999999999,1964-07-31 23:59:59.999999999,1965-06-30 23:59:59.999999999,12,0.00017043504473448711,10,4,-0.0006432533402325477,-77.19040082790573
ME2 BM3,1964-06-30 23:59:59.999999999,1964-07-31 23:59:59.999999999,1965-06-30 23:59:59.999999999,12,3.9413212318348555e-05,11,3,0.00235750789607671,282.9009475292052
SMALL LoBM,1964-06-30 23:59:59.999999999,1964-07-31 23:59:59.999999999,1965-06-30 23:59:59.999999999,12,-0.0001201720551939222,12,3,-0.0029295887874288425,-351.5506544914611
BIG LoBM,1964-06-30 23:59:59.999999999,1964-07-31 23:59:59.999999999,1965-06-30 23:59:59.999999999,12,-0.00035751244678446635,13,3,0.002990985636244617,358.918276349354
ME5 BM2,1964-06-30 23:59:59.999999999,1964-07-31 23:59:59.999999999,1965-06-30 23:59:59.999999999,12,-0.00043873403628226547,14,3,-0.0038511231699451813,-462.13478039342175
ME3 BM3,1964-06-30 23:59:59.999999999,1964-07-31 23:59:59.999999999,1965-06-30 23:59:59.999999999,12,-0.00044325708598102033,15,3,0.0020890080949613325,250.6809713953599
ME3 BM1,1964-06-30 23:59:59.999999999,1964-07-31 23:59:59.999999999,1965-06-30 23:59:59.999999999,12,-0.0004580968349942172,16,2,-0.0005677647891159937,-68.13177469391925
ME1 BM3,1964-06-30 23:59:59.999999999,1964-07-31 23:59:59.999999999,1965-06-30 23:59:59.999999999,12,-0.00048459565474143695,17,2,0.0033979148803671686,407.74978564406024
ME4 BM4,1964-06-30 23:59:59.999999999,1964-07-31 23:59:59.999999999,1965-06-30 23:59:59.999999999,12,-0.0005874780363535291,18,2,0.001845455354046073,221.45464248552875
ME1 BM2,1964-06-30 23:59:59.999999999,1964-07-31 23:59:59.999999999,1965-06-30 23:59:59.999999999,12,-0.0009846432065463522,19,2,-0.007957196077657437,-954.8635293188926
ME3 BM5,1964-06-30 23:59:59.999999999,1964-07-31 23:59:59.999999999,1965-06-30 23:59:59.999999999,12,-0.0016457715086338855,20,2,0.0017819935239612322,213.83922287534787
ME4 BM5,1964-06-30 23:59:59.999999999,1964-07-31 23:59:59.999999999,1965-06-30 23:59:59.999999999,12,-0.0018928376771563894,21,1,-0.0046267125730108894,-555.2055087613066
ME4 BM1,1964-06-30 23:59:59.999999999,1964-07-31 23:59:59.999999999,1965-06-30 23:59:59.999999999,12,-0.0021124172405047573,22,1,-0.001354151563699271,-162.4981876439125
ME2 BM1,1964-06-30 23:59:59.999999999,1964-07-31 23:59:59.999999999,1965-06-30 23:59:59.999999999,12,-0.002455425718566326,23,1,-0.006425966618169457,-771.1159941803348
BIG HiBM,1964-06-30 23:59:59.999999999,1964-07-31 23:59:59.999999999,1965-06-30 23:59:59.999999999,12,-0.0025184295839560554,24,1,-0.006167786957279588,-740.1344348735506
ME5 BM4,1964-06-30 23:59:59.999999999,1964-07-31 23:59:59.999999999,1965-06-30 23:59:59.999999999,12,-0.003958298609375582,25,1,-0.0020755229209232576,-249.06275051079092
ME5 BM3,1965-06-30 23:59:59.999999999,1965-07-31 23:59:59.999999999,1966-06-30 23:59:59.999999999,12,0.0023627037900149765,1,5,0.0017170122260404574,206.04146712485488
ME2 BM5,1965-06-30 23:59:59.999999999,1965-07-31 23:59:59.999999999,1966-06-30 23:59:59.999999999,12,0.0023229504402723644,2,5,0.001133076271642649,135.96915259711787
SMALL HiBM,1965-06-30 23:59:59.999999999,1965-07-31 23:59:59.999999999,1966-06-30 23:59:59.999999999,12,0.0019284526523148634,3,5,0.0022446851631953537,269.3622195834424
ME3 BM2,1965-06-30 23:59:59.999999999,1965-07-31 23:59:59.999999999,1966-06-30 23:59:59.999999999,12,0.0018314055360948325,4,5,-0.004371199872143009,-524.543984657161
ME4 BM3,1965-06-30 23:59:59.999999999,1965-07-31 23:59:59.999999999,1966-06-30 23:59:59.999999999,12,0.0017058868244772497,5,5,0.0008886255126692068,106.63506152030482
ME1 BM4,1965-06-30 23:59:59.999999999,1965-07-31 23:59:59.999999999,1966-06-30 23:59:59.999999999,12,0.0006284302158474967,6,4,0.006174086333223263,740.8903599867915
ME3 BM4,1965-06-30 23:59:59.999999999,1965-07-31 23:59:59.999999999,1966-06-30 23:59:59.999999999,12,0.0006127993283427838,7,4,-0.005906897131724059,-708.827655806887
ME4 BM2,1965-06-30 23:59:59.999999999,1965-07-31 23:59:59.999999999,1966-06-30 23:59:59.999999999,12,0.0005474712307321065,8,4,0.0008258896287087372,99.10675544504846
ME2 BM2,1965-06-30 23:59:59.999999999,1965-07-31 23:59:59.999999999,1966-06-30 23:59:59.999999999,12,0.0005272904245212531,9,4,0.002917212143769823,350.0654572523788
ME2 BM4,1965-06-30 23:59:59.999999999,1965-07-31 23:59:59.999999999,1966-06-30 23:59:59.999999999,12,0.0003346581283978621,10,4,-0.00491047578300543,-589.2570939606516
ME2 BM3,1965-06-30 23:59:59.999999999,1965-07-31 23:59:59.999999999,1966-06-30 23:59:59.999999999,12,7.258786714392003e-05,11,3,-0.0035823788163329684,-429.88545795995617
BIG LoBM,1965-06-30 23:59:59.999999999,1965-07-31 23:59:59.999999999,1966-06-30 23:59:59.999999999,12,-3.862971058160168e-05,12,3,0.002980389067957325,357.646688154879
SMALL LoBM,1965-06-30 23:59:59.999999999,1965-07-31 23:59:59.999999999,1966-06-30 23:59:59.999999999,12,-8.382786932712843e-05,13,3,-0.00485603611440179,-582.7243337282148
ME4 BM4,1965-06-30 23:59:59.999999999,1965-07-31 23:59:59.999999999,1966-06-30 23:59:59.999999999,12,-0.00033210720681180265,14,3,-0.0019744099847874754,-236.92919817449706
ME1 BM3,1965-06-30 23:59:59.999999999,1965-07-31 23:59:59.999999999,1966-06-30 23:59:59.999999999,12,-0.00035246952980651463,15,3,-0.009247440105850465,-1109.6928127020558
ME3 BM1,1965-06-30 23:59:59.999999999,1965-07-31 23:59:59.999999999,1966-06-30 23:59:59.999999999,12,-0.0005298244829335863,16,2,-0.0030877691403091104,-370.53229683709327
ME5 BM2,1965-06-30 23:59:59.999999999,1965-07-31 23:59:59.999999999,1966-06-30 23:59:59.999999999,12,-0.0005774225354168354,17,2,-0.008143469468685856,-977.2163362423028
ME3 BM3,1965-06-30 23:59:59.999999999,1965-07-31 23:59:59.999999999,1966-06-30 23:59:59.999999999,12,-0.0006059092041658355,18,2,0.00830874036159208,997.0488433910496
ME3 BM5,1965-06-30 23:59:59.999999999,1965-07-31 23:59:59.999999999,1966-06-30 23:59:59.999999999,12,-0.0009782110948934033,19,2,-0.0010222886176915727,-122.67463412298872
ME1 BM2,1965-06-30 23:59:59.999999999,1965-07-31 23:59:59.999999999,1966-06-30 23:59:59.999999999,12,-0.0015470388464583049,20,2,0.004681841590612009,561.820990873441
ME2 BM1,1965-06-30 23:59:59.999999999,1965-07-31 23:59:59.999999999,1966-06-30 23:59:59.999999999,12,-0.001841908515186101,21,1,-0.0029844346736431888,-358.13216083718265
ME4 BM1,1965-06-30 23:59:59.999999999,1965-07-31 23:59:59.999999999,1966-06-30 23:59:59.999999999,12,-0.0020594164371107036,22,1,0.0015007920658935273,180.09504790722326
ME4 BM5,1965-06-30 23:59:59.999999999,1965-07-31 23:59:59.999999999,1966-06-30 23:59:59.999999999,12,-0.0020828933544451774,23,1,0.005744954642702818,689.3945571243381
BIG HiBM,1965-06-30 23:59:59.999999999,1965-07-31 23:59:59.999999999,1966-06-30 23:59:59.999999999,12,-0.0027168083803241995,24,1,-0.0026697208930568615,-320.3665071668234
ME5 BM4,1965-06-30 23:59:59.999999999,1965-07-31 23:59:59.999999999,1966-06-30 23:59:59.999999999,12,-0.0035600298759959634,25,1,0.0023871800365328102,286.4616043839372
ME2 BM5,1966-06-30 23:59:59.999999999,1966-07-31 23:59:59.999999999,1967-06-30 23:59:59.999999999,12,0.00242441197305026,1,5,-0.005585034041031017,-670.204084923722
ME5 BM3,1966-06-30 23:59:59.999999999,1966-07-31 23:59:59.999999999,1967-06-30 23:59:59.999999999,12,0.0018676023159497806,2,5,-0.002737637283556114,-328.5164740267337
ME4 BM3,1966-06-30 23:59:59.999999999,1966-07-31 23:59:59.999999999,1967-06-30 23:59:59.999999999,12,0.0016531210989460506,3,5,-0.004763327187092578,-571.5992624511093
SMALL HiBM,1966-06-30 23:59:59.999999999,1966-07-31 23:59:59.999999999,1967-06-30 23:59:59.999999999,12,0.0016419022138207948,4,5,-0.001583072512794101,-189.96870153529213
ME3 BM2,1966-06-30 23:59:59.999999999,1966-07-31 23:59:59.999999999,1967-06-30 23:59:59.999999999,12,0.0013289793634221685,5,5,0.004309784475929721,517.1741371115666
ME1 BM4,1966-06-30 23:59:59.999999999,1966-07-31 23:59:59.999999999,1967-06-30 23:59:59.999999999,12,0.001110507069082925,6,4,0.007709706051500683,925.164726180082
ME4 BM2,1966-06-30 23:59:59.999999999,1966-07-31 23:59:59.999999999,1967-06-30 23:59:59.999999999,12,0.0008609054463875874,7,4,-0.0028040080523567775,-336.4809662828133
ME2 BM2,1966-06-30 23:59:59.999999999,1966-07-31 23:59:59.999999999,1967-06-30 23:59:59.999999999,12,0.0007138849884127878,8,4,0.0015708317903816715,188.49981484580059
ME3 BM3,1966-06-30 23:59:59.999999999,1966-07-31 23:59:59.999999999,1967-06-30 23:59:59.999999999,12,0.0005999301241835881,9,4,-0.0026419588456658813,-317.0350614799058
BIG LoBM,1966-06-30 23:59:59.999999999,1966-07-31 23:59:59.999999999,1967-06-30 23:59:59.999999999,12,0.00043099940122606837,10,4,-0.0004786954712017744,-57.44345654421293
ME4 BM4,1966-06-30 23:59:59.999999999,1966-07-31 23:59:59.999999999,1967-06-30 23:59:59.999999999,12,0.00017382326904903138,11,3,0.004130895353358186,495.7074424029824
ME2 BM4,1966-06-30 23:59:59.999999999,1966-07-31 23:59:59.999999999,1967-06-30 23:59:59.999999999,12,0.00010786560838675013,12,3,0.00016150944666582724,19.381133599899268
SMALL LoBM,1966-06-30 23:59:59.999999999,1966-07-31 23:59:59.999999999,1967-06-30 23:59:59.999999999,12,5.324383108949679e-05,13,3,0.006035655678260953,724.2786813913143
ME3 BM5,1966-06-30 23:59:59.999999999,1966-07-31 23:59:59.999999999,1967-06-30 23:59:59.999999999,12,-0.00036987515254097543,14,3,-0.009175895100461438,-1101.1074120553726
ME3 BM4,1966-06-30 23:59:59.999999999,1966-07-31 23:59:59.999999999,1967-06-30 23:59:59.999999999,12,-0.0004558655499788406,15,3,0.006806749667122798,816.8099600547357
ME2 BM3,1966-06-30 23:59:59.999999999,1966-07-31 23:59:59.999999999,1967-06-30 23:59:59.999999999,12,-0.0004894589972367228,16,2,0.005535210030707505,664.2252036849005
ME3 BM1,1966-06-30 23:59:59.999999999,1966-07-31 23:59:59.999999999,1967-06-30 23:59:59.999999999,12,-0.0006705037705501824,17,2,-4.7502088789798336e-05,-5.7002506547758
ME4 BM5,1966-06-30 23:59:59.999999999,1966-07-31 23:59:59.999999999,1967-06-30 23:59:59.999999999,12,-0.000804488233825134,18,2,-0.0024362019032892826,-292.3442283947139
ME1 BM2,1966-06-30 23:59:59.999999999,1966-07-31 23:59:59.999999999,1967-06-30 23:59:59.999999999,12,-0.0008610178241668503,19,2,0.00078627099923958,94.3525199087496
ME2 BM1,1966-06-30 23:59:59.999999999,1966-07-31 23:59:59.999999999,1967-06-30 23:59:59.999999999,12,-0.001042166274571653,20,2,-0.004984223068822083,-598.1067682586499
ME4 BM1,1966-06-30 23:59:59.999999999,1966-07-31 23:59:59.999999999,1967-06-30 23:59:59.999999999,12,-0.001117422624782319,21,1,0.003978189302758411,477.3827163310093
ME1 BM3,1966-06-30 23:59:59.999999999,1966-07-31 23:59:59.999999999,1967-06-30 23:59:59.999999999,12,-0.0012610228768607133,22,1,0.0035861629911304867,430.3395589356584
ME5 BM2,1966-06-30 23:59:59.999999999,1966-07-31 23:59:59.999999999,1967-06-30 23:59:59.999999999,12,-0.0015196701814704447,23,1,-0.0012370071422535996,-148.44085707043195
BIG HiBM,1966-06-30 23:59:59.999999999,1966-07-31 23:59:59.999999999,1967-06-30 23:59:59.999999999,12,-0.0019583400843734273,24,1,0.0006369757684544035,76.43709221452842
ME5 BM4,1966-06-30 23:59:59.999999999,1966-07-31 23:59:59.999999999,1967-06-30 23:59:59.999999999,12,-0.00211888002013209,25,1,0.0013947309618044083,167.367715416529
SMALL HiBM,1967-06-30 23:59:59.999999999,1967-07-31 23:59:59.999999999,1968-06-30 23:59:59.999999999,12,0.0015416629229345336,1,5,0.00576664612282837,691.9975347394045
ME3 BM2,1967-06-30 23:59:59.999999999,1967-07-31 23:59:59.999999999,1968-06-30 23:59:59.999999999,12,0.0014336650046430552,2,5,-0.005523215836411179,-662.7859003693414
ME2 BM5,1967-06-30 23:59:59.999999999,1967-07-31 23:59:59.999999999,1968-06-30 23:59:59.999999999,12,0.0014159396140541423,3,5,-0.006955116219007642,-834.6139462809169
ME4 BM3,1967-06-30 23:59:59.999999999,1967-07-31 23:59:59.999999999,1968-06-30 23:59:59.999999999,12,0.0012544784047277876,4,5,-0.008171908910904161,-980.6290693084993
ME5 BM3,1967-06-30 23:59:59.999999999,1967-07-31 23:59:59.999999999,1968-06-30 23:59:59.999999999,12,0.0011909387270939893,5,5,-0.000702253948671999,-84.2704738406399
ME3 BM4,1967-06-30 23:59:59.999999999,1967-07-31 23:59:59.999999999,1968-06-30 23:59:59.999999999,12,0.0010445263430199445,6,4,-0.002443452095575768,-293.2142514690921
SMALL LoBM,1967-06-30 23:59:59.999999999,1967-07-31 23:59:59.999999999,1968-06-30 23:59:59.999999999,12,0.0010092351656760964,7,4,-0.001127116105765863,-135.25393269190354
ME1 BM4,1967-06-30 23:59:59.999999999,1967-07-31 23:59:59.999999999,1968-06-30 23:59:59.999999999,12,0.0009991508884419523,8,4,0.0007917770034237811,95.01324041085373
ME2 BM2,1967-06-30 23:59:59.999999999,1967-07-31 23:59:59.999999999,1968-06-30 23:59:59.999999999,12,0.0009725990312951805,9,4,-0.008751207326718795,-1050.1448792062554
ME4 BM4,1967-06-30 23:59:59.999999999,1967-07-31 23:59:59.999999999,1968-06-30 23:59:59.999999999,12,0.0009252429486078608,10,4,-0.0026856522287484596,-322.27826744981513
ME4 BM2,1967-06-30 23:59:59.999999999,1967-07-31 23:59:59.999999999,1968-06-30 23:59:59.999999999,12,0.0008227624102664556,11,3,-0.004931708967266851,-591.8050760720221
ME3 BM3,1967-06-30 23:59:59.999999999,1967-07-31 23:59:59.999999999,1968-06-30 23:59:59.999999999,12,0.0005148121057191128,12,3,-0.005104150652042206,-612.4980782450647
ME4 BM1,1967-06-30 23:59:59.999999999,1967-07-31 23:59:59.999999999,1968-06-30 23:59:59.999999999,12,0.0004474328372558174,13,3,-0.012042597202024302,-1445.1116642429163
BIG LoBM,1967-06-30 23:59:59.999999999,1967-07-31 23:59:59.999999999,1968-06-30 23:59:59.999999999,12,0.00040230720059823146,14,3,0.003510947968988789,421.3137562786547
ME2 BM4,1967-06-30 23:59:59.999999999,1967-07-31 23:59:59.999999999,1968-06-30 23:59:59.999999999,12,-3.096036405315916e-05,15,3,-0.0028036865897361203,-336.4423907683344
ME2 BM3,1967-06-30 23:59:59.999999999,1967-07-31 23:59:59.999999999,1968-06-30 23:59:59.999999999,12,-3.1234661860232954e-05,16,2,0.007578340927478056,909.4009112973669
ME4 BM5,1967-06-30 23:59:59.999999999,1967-07-31 23:59:59.999999999,1968-06-30 23:59:59.999999999,12,-0.00012701475366306154,17,2,-0.010245826428343634,-1229.499171401236
ME3 BM5,1967-06-30 23:59:59.999999999,1967-07-31 23:59:59.999999999,1968-06-30 23:59:59.999999999,12,-0.00022781325520141902,18,2,0.005254547741770806,630.5457290124967
ME1 BM2,1967-06-30 23:59:59.999999999,1967-07-31 23:59:59.999999999,1968-06-30 23:59:59.999999999,12,-0.00024393006242959237,19,2,0.0054027148853107,648.3257862372841
ME3 BM1,1967-06-30 23:59:59.999999999,1967-07-31 23:59:59.999999999,1968-06-30 23:59:59.999999999,12,-0.00045471386055722686,20,2,-0.008763162790765477,-1051.5795348918573
ME1 BM3,1967-06-30 23:59:59.999999999,1967-07-31 23:59:59.999999999,1968-06-30 23:59:59.999999999,12,-0.0005979916427004578,21,1,0.004391777370690947,527.0132844829137
ME2 BM1,1967-06-30 23:59:59.999999999,1967-07-31 23:59:59.999999999,1968-06-30 23:59:59.999999999,12,-0.0007862008669476107,22,1,-0.005555281252560772,-666.6337503072926
ME5 BM4,1967-06-30 23:59:59.999999999,1967-07-31 23:59:59.999999999,1968-06-30 23:59:59.999999999,12,-0.0013073596400622603,23,1,-0.0035563332855472404,-426.75999426566887
BIG HiBM,1967-06-30 23:59:59.999999999,1967-07-31 23:59:59.999999999,1968-06-30 23:59:59.999999999,12,-0.001494480404851244,24,1,-0.00357991965733098,-429.5903588797176
ME5 BM2,1967-06-30 23:59:59.999999999,1967-07-31 23:59:59.999999999,1968-06-30 23:59:59.999999999,12,-0.0015109686399665612,25,1,-0.0028198857420603397,-338.3862890472408
SMALL HiBM,1968-06-30 23:59:59.999999999,1968-07-31 23:59:59.999999999,1969-06-30 23:59:59.999999999,12,0.001633470611617311,1,5,-0.002947820810636974,-353.7384972764369
SMALL LoBM,1968-06-30 23:59:59.999999999,1968-07-31 23:59:59.999999999,1969-06-30 23:59:59.999999999,12,0.0012861260424620272,2,5,-0.0029772369053171995,-357.26842863806394
ME2 BM5,1968-06-30 23:59:59.999999999,1968-07-31 23:59:59.999999999,1969-06-30 23:59:59.999999999,12,0.0012339175205871025,3,5,0.0037177460858814283,446.1295303057714
ME3 BM4,1968-06-30 23:59:59.999999999,1968-07-31 23:59:59.999999999,1969-06-30 23:59:59.999999999,12,0.0011740899144375141,4,5,0.002689833636811903,322.7800364174284
ME4 BM4,1968-06-30 23:59:59.999999999,1968-07-31 23:59:59.999999999,1969-06-30 23:59:59.999999999,12,0.001031094083810904,5,5,-0.0036041252484030352,-432.4950298083642
ME5 BM3,1968-06-30 23:59:59.999999999,1968-07-31 23:59:59.999999999,1969-06-30 23:59:59.999999999,12,0.0009973103743269264,6,4,0.0013337767078967385,160.0532049476086
ME1 BM4,1968-06-30 23:59:59.999999999,1968-07-31 23:59:59.999999999,1969-06-30 23:59:59.999999999,12,0.000988106162402957,7,4,-0.002542576921832903,-305.10923061994833
BIG LoBM,1968-06-30 23:59:59.999999999,1968-07-31 23:59:59.999999999,1969-06-30 23:59:59.999999999,12,0.0009256465698510958,8,4,0.0011067551270022144,132.81061524026572
ME3 BM2,1968-06-30 23:59:59.999999999,1968-07-31 23:59:59.999999999,1969-06-30 23:59:59.999999999,12,0.0009114557020384687,9,4,-0.003906296066272816,-468.7555279527379
ME4 BM3,1968-06-30 23:59:59.999999999,1968-07-31 23:59:59.999999999,1969-06-30 23:59:59.999999999,12,0.0006533447999190967,10,4,-0.0018543201396306434,-222.5184167556772
ME3 BM3,1968-06-30 23:59:59.999999999,1968-07-31 23:59:59.999999999,1969-06-30 23:59:59.999999999,12,0.0006072254557565003,11,3,-0.00123117207273686,-147.7406487284232
ME4 BM2,1968-06-30 23:59:59.999999999,1968-07-31 23:59:59.999999999,1969-06-30 23:59:59.999999999,12,0.0005021774849992179,12,3,-0.008684858770261759,-1042.183052431411
ME2 BM2,1968-06-30 23:59:59.999999999,1968-07-31 23:59:59.999999999,1969-06-30 23:59:59.999999999,12,0.0004293257350395499,13,3,-0.0006614735910278548,-79.37683092334258
ME2 BM4,1968-06-30 23:59:59.999999999,1968-07-31 23:59:59.999999999,1969-06-30 23:59:59.999999999,12,0.0002690400752543863,14,3,-0.002861892323240897,-343.42707878890764
ME2 BM3,1968-06-30 23:59:59.999999999,1968-07-31 23:59:59.999999999,1969-06-30 23:59:59.999999999,12,-4.211372802007864e-05,15,3,0.002413768983043715,289.65227796524584
ME4 BM1,1968-06-30 23:59:59.999999999,1968-07-31 23:59:59.999999999,1969-06-30 23:59:59.999999999,12,-0.0001350039314735154,16,2,0.0008908633332066106,106.90359998479327
ME1 BM2,1968-06-30 23:59:59.999999999,1968-07-31 23:59:59.999999999,1969-06-30 23:59:59.999999999,12,-0.0003764594032473677,17,2,-0.001987565614492551,-238.50787373910617
ME3 BM5,1968-06-30 23:59:59.999999999,1968-07-31 23:59:59.999999999,1969-06-30 23:59:59.999999999,12,-0.00039553469826214115,18,2,-0.003907433901271376,-468.8920681525652
ME3 BM1,1968-06-30 23:59:59.999999999,1968-07-31 23:59:59.999999999,1969-06-30 23:59:59.999999999,12,-0.0004848385506175261,19,2,-0.0021628758059520077,-259.5450967142409
ME1 BM3,1968-06-30 23:59:59.999999999,1968-07-31 23:59:59.999999999,1969-06-30 23:59:59.999999999,12,-0.0007637668223022117,20,2,-0.0044699294994211295,-536.3915399305355
ME4 BM5,1968-06-30 23:59:59.999999999,1968-07-31 23:59:59.999999999,1969-06-30 23:59:59.999999999,12,-0.0008254402615114803,21,1,-0.002266200090138919,-271.9440108166703
ME2 BM1,1968-06-30 23:59:59.999999999,1968-07-31 23:59:59.999999999,1969-06-30 23:59:59.999999999,12,-0.0011760159160519523,22,1,-0.005251041860075992,-630.125023209119
BIG HiBM,1968-06-30 23:59:59.999999999,1968-07-31 23:59:59.999999999,1969-06-30 23:59:59.999999999,12,-0.0012777549878075511,23,1,-0.0016088609263080714,-193.06331115696858
ME5 BM4,1968-06-30 23:59:59.999999999,1968-07-31 23:59:59.999999999,1969-06-30 23:59:59.999999999,12,-0.0013745737784697498,24,1,-0.00017120145597367782,-20.544174716841336
ME5 BM2,1968-06-30 23:59:59.999999999,1968-07-31 23:59:59.999999999,1969-06-30 23:59:59.999999999,12,-0.0019999530569099686,25,1,-0.0007067853437959811,-84.81424125551773
BIG LoBM,1969-06-30 23:59:59.999999999,1969-07-31 23:59:59.999999999,1970-06-30 23:59:59.999999999,12,0.001141872407595421,1,5,0.0043281460437839476,519.3775252540737
ME2 BM5,1969-06-30 23:59:59.999999999,1969-07-31 23:59:59.999999999,1970-06-30 23:59:59.999999999,12,0.0010222675091062887,2,5,0.008246210813440827,989.5452976128993
SMALL HiBM,1969-06-30 23:59:59.999999999,1969-07-31 23:59:59.999999999,1970-06-30 23:59:59.999999999,12,0.0008828203471449005,3,5,-0.0022854853428337083,-274.258241140045
ME3 BM4,1969-06-30 23:59:59.999999999,1969-07-31 23:59:59.999999999,1970-06-30 23:59:59.999999999,12,0.0007539254099109372,4,5,0.011452511630381522,1374.3013956457826
SMALL LoBM,1969-06-30 23:59:59.999999999,1969-07-31 23:59:59.999999999,1970-06-30 23:59:59.999999999,12,0.0007185708435156924,5,5,-0.011230677047944148,-1347.6812457532976
ME5 BM3,1969-06-30 23:59:59.999999999,1969-07-31 23:59:59.999999999,1970-06-30 23:59:59.999999999,12,0.0007119868403314998,6,4,-0.0042672605865579,-512.071270386948
ME1 BM4,1969-06-30 23:59:59.999999999,1969-07-31 23:59:59.999999999,1970-06-30 23:59:59.999999999,12,0.00063285593404534,7,4,-0.0026318396057204035,-315.82075268644843
ME3 BM3,1969-06-30 23:59:59.999999999,1969-07-31 23:59:59.999999999,1970-06-30 23:59:59.999999999,12,0.0004192664559893478,8,4,-0.004102261751195193,-492.2714101434232
ME2 BM3,1969-06-30 23:59:59.999999999,1969-07-31 23:59:59.999999999,1970-06-30 23:59:59.999999999,12,0.0003762373327487468,9,4,-0.002275724509986586,-273.0869411983904
ME3 BM2,1969-06-30 23:59:59.999999999,1969-07-31 23:59:59.999999999,1970-06-30 23:59:59.999999999,12,0.00028391499779889594,10,4,-0.0034028837641671143,-408.34605170005375
ME4 BM4,1969-06-30 23:59:59.999999999,1969-07-31 23:59:59.999999999,1970-06-30 23:59:59.999999999,12,0.00026294998579967524,11,3,0.006660483993442969,799.2580792131564
ME2 BM4,1969-06-30 23:59:59.999999999,1969-07-31 23:59:59.999999999,1970-06-30 23:59:59.999999999,12,-5.018073953192334e-05,12,3,0.00439931719979137,527.9180639749643
ME4 BM3,1969-06-30 23:59:59.999999999,1969-07-31 23:59:59.999999999,1970-06-30 23:59:59.999999999,12,-8.501002310845387e-05,13,3,0.006266972086337891,752.0366503605469
ME4 BM1,1969-06-30 23:59:59.999999999,1969-07-31 23:59:59.999999999,1970-06-30 23:59:59.999999999,12,-9.735038164512905e-05,14,3,0.011092999886230845,1331.1599863477013
ME3 BM1,1969-06-30 23:59:59.999999999,1969-07-31 23:59:59.999999999,1970-06-30 23:59:59.999999999,12,-0.00032826266013193957,15,3,0.0005480429049019414,65.76514858823296
ME2 BM2,1969-06-30 23:59:59.999999999,1969-07-31 23:59:59.999999999,1970-06-30 23:59:59.999999999,12,-0.00046600538966198445,16,2,-0.003926510595218526,-471.18127142622313
ME4 BM2,1969-06-30 23:59:59.999999999,1969-07-31 23:59:59.999999999,1970-06-30 23:59:59.999999999,12,-0.0005786041882572172,17,2,-0.011522881696750207,-1382.745803610025
ME3 BM5,1969-06-30 23:59:59.999999999,1969-07-31 23:59:59.999999999,1970-06-30 23:59:59.999999999,12,-0.0006305565479212378,18,2,0.004266923084601901,512.0307701522281
ME1 BM2,1969-06-30 23:59:59.999999999,1969-07-31 23:59:59.999999999,1970-06-30 23:59:59.999999999,12,-0.0008977139030350705,19,2,-0.004923857833066741,-590.8629399680088
ME4 BM5,1969-06-30 23:59:59.999999999,1969-07-31 23:59:59.999999999,1970-06-30 23:59:59.999999999,12,-0.00132390924529841,20,2,-0.00438226785513605,-525.872142616326
ME1 BM3,1969-06-30 23:59:59.999999999,1969-07-31 23:59:59.999999999,1970-06-30 23:59:59.999999999,12,-0.0013309844522741182,21,1,-0.004353472381078262,-522.4166857293915
BIG HiBM,1969-06-30 23:59:59.999999999,1969-07-31 23:59:59.999999999,1970-06-30 23:59:59.999999999,12,-0.0014767239159310776,22,1,-0.00207680208246107,-249.21624989532842
ME5 BM4,1969-06-30 23:59:59.999999999,1969-07-31 23:59:59.999999999,1970-06-30 23:59:59.999999999,12,-0.0014958281533007552,23,1,-0.003411767660968157,-409.41211931617886
ME5 BM2,1969-06-30 23:59:59.999999999,1969-07-31 23:59:59.999999999,1970-06-30 23:59:59.999999999,12,-0.0015729865764318087,24,1,0.0013121089572541622,157.45307487049945
ME2 BM1,1969-06-30 23:59:59.999999999,1969-07-31 23:59:59.999999999,1970-06-30 23:59:59.999999999,12,-0.0023118596299052103,25,1,-0.0008988198609856385,-107.85838331827661
BIG LoBM,1970-06-30 23:59:59.999999999,1970-07-31 23:59:59.999999999,1971-06-30 23:59:59.999999999,12,0.001189987087732105,1,5,0.00017802291455600882,21.362749746721057
ME2 BM5,1970-06-30 23:59:59.999999999,1970-07-31 23:59:59.999999999,1971-06-30 23:59:59.999999999,12,0.0009373719052812699,2,5,-0.0027113905679669523,-325.3668681560343
SMALL HiBM,1970-06-30 23:59:59.999999999,1970-07-31 23:59:59.999999999,1971-06-30 23:59:59.999999999,12,0.000877225399053835,3,5,9.800822879855835e-05,11.760987455827001
ME3 BM4,1970-06-30 23:59:59.999999999,1970-07-31 23:59:59.999999999,1971-06-30 23:59:59.999999999,12,0.0008499048320793488,4,5,-0.004924291296774296,-590.9149556129155
SMALL LoBM,1970-06-30 23:59:59.999999999,1970-07-31 23:59:59.999999999,1971-06-30 23:59:59.999999999,12,0.0007768741166003045,5,5,-0.010846623491948251,-1301.5948190337901
ME5 BM3,1970-06-30 23:59:59.999999999,1970-07-31 23:59:59.999999999,1971-06-30 23:59:59.999999999,12,0.0006973534060989575,6,4,-0.0022291681381897688,-267.50017658277227
ME4 BM4,1970-06-30 23:59:59.999999999,1970-07-31 23:59:59.999999999,1971-06-30 23:59:59.999999999,12,0.0004911297839047637,7,4,0.00656868582155106,788.2422985861272
ME4 BM3,1970-06-30 23:59:59.999999999,1970-07-31 23:59:59.999999999,1971-06-30 23:59:59.999999999,12,0.00046946773843107236,8,4,-0.0005358831507500144,-64.30597809000172
ME4 BM1,1970-06-30 23:59:59.999999999,1970-07-31 23:59:59.999999999,1971-06-30 23:59:59.999999999,12,0.0004052761152382495,9,4,-0.0003462574660713113,-41.55089592855736
ME3 BM3,1970-06-30 23:59:59.999999999,1970-07-31 23:59:59.999999999,1971-06-30 23:59:59.999999999,12,0.0003873016664905501,10,4,0.003052531975034596,366.30383700415155
ME3 BM2,1970-06-30 23:59:59.999999999,1970-07-31 23:59:59.999999999,1971-06-30 23:59:59.999999999,12,0.0003087093099122944,11,3,0.008769640841859867,1052.356901023184
ME1 BM4,1970-06-30 23:59:59.999999999,1970-07-31 23:59:59.999999999,1971-06-30 23:59:59.999999999,12,0.0002283864893184864,12,3,0.004004330099659133,480.519611959096
ME2 BM3,1970-06-30 23:59:59.999999999,1970-07-31 23:59:59.999999999,1971-06-30 23:59:59.999999999,12,9.673331164159848e-05,13,3,0.0016250285435508481,195.00342522610177
ME3 BM5,1970-06-30 23:59:59.999999999,1970-07-31 23:59:59.999999999,1971-06-30 23:59:59.999999999,12,8.276120185903637e-05,14,3,0.002837740501213489,340.5288601456187
ME2 BM2,1970-06-30 23:59:59.999999999,1970-07-31 23:59:59.999999999,1971-06-30 23:59:59.999999999,12,-0.00022344582430514407,15,3,0.0029852425974121223,358.22911168945467
ME2 BM4,1970-06-30 23:59:59.999999999,1970-07-31 23:59:59.999999999,1971-06-30 23:59:59.999999999,12,-0.00022667264110456456,16,2,0.006052761655890168,726.3313987068201
ME3 BM1,1970-06-30 23:59:59.999999999,1970-07-31 23:59:59.999999999,1971-06-30 23:59:59.999999999,12,-0.0002697807957171764,17,2,0.002227204100114295,267.26449201371537
ME1 BM3,1970-06-30 23:59:59.999999999,1970-07-31 23:59:59.999999999,1971-06-30 23:59:59.999999999,12,-0.0008363801513721372,18,2,0.0006230232979748219,74.76279575697863
ME4 BM2,1970-06-30 23:59:59.999999999,1970-07-31 23:59:59.999999999,1971-06-30 23:59:59.999999999,12,-0.0008741361287721312,19,2,0.009509647494066383,1141.157699287966
ME1 BM2,1970-06-30 23:59:59.999999999,1970-07-31 23:59:59.999999999,1971-06-30 23:59:59.999999999,12,-0.0008900690313163519,20,2,-0.007062258999623293,-847.4710799547952
ME5 BM4,1970-06-30 23:59:59.999999999,1970-07-31 23:59:59.999999999,1971-06-30 23:59:59.999999999,12,-0.0011917275651520621,21,1,-0.001864081821195843,-223.68981854350113
BIG HiBM,1970-06-30 23:59:59.999999999,1970-07-31 23:59:59.999999999,1971-06-30 23:59:59.999999999,12,-0.0012923005646777244,22,1,-0.00019052955566495303,-22.863546679794364
ME5 BM2,1970-06-30 23:59:59.999999999,1970-07-31 23:59:59.999999999,1971-06-30 23:59:59.999999999,12,-0.0014151818091097464,23,1,-0.0005097497572963327,-61.169970875559926
ME4 BM5,1970-06-30 23:59:59.999999999,1970-07-31 23:59:59.999999999,1971-06-30 23:59:59.999999999,12,-0.001528498153742394,24,1,0.008942359864287553,1073.0831837145063
ME2 BM1,1970-06-30 23:59:59.999999999,1970-07-31 23:59:59.999999999,1971-06-30 23:59:59.999999999,12,-0.0023778748121195277,25,1,0.0021647778766408954,259.7733451969075
ME3 BM2,1971-06-30 23:59:59.999999999,1971-07-31 23:59:59.999999999,1972-06-30 23:59:59.999999999,12,0.0009883649823159656,1,5,-0.005234867443704206,-628.1840932445048
ME1 BM4,1971-06-30 23:59:59.999999999,1971-07-31 23:59:59.999999999,1972-06-30 23:59:59.999999999,12,0.0008389975559132031,2,5,0.001823109702979305,218.7731643575166
SMALL HiBM,1971-06-30 23:59:59.999999999,1971-07-31 23:59:59.999999999,1972-06-30 23:59:59.999999999,12,0.0008227500207300985,3,5,0.0031290300602812714,375.4836072337526
BIG LoBM,1971-06-30 23:59:59.999999999,1971-07-31 23:59:59.999999999,1972-06-30 23:59:59.999999999,12,0.0007709830920740463,4,5,0.004421837781444769,530.6205337733722
ME2 BM5,1971-06-30 23:59:59.999999999,1971-07-31 23:59:59.999999999,1972-06-30 23:59:59.999999999,12,0.0007196794480023069,5,5,0.009050676354083388,1086.0811624900066
ME4 BM4,1971-06-30 23:59:59.999999999,1971-07-31 23:59:59.999999999,1972-06-30 23:59:59.999999999,12,0.0007090126258505812,6,4,-0.001294976557576841,-155.39718690922092
ME4 BM3,1971-06-30 23:59:59.999999999,1971-07-31 23:59:59.999999999,1972-06-30 23:59:59.999999999,12,0.0003510442107774156,7,4,-0.004895519470881976,-587.462336505837
ME3 BM4,1971-06-30 23:59:59.999999999,1971-07-31 23:59:59.999999999,1972-06-30 23:59:59.999999999,12,0.0003494812768891479,8,4,-0.0025709763009444404,-308.5171561133328
ME5 BM3,1971-06-30 23:59:59.999999999,1971-07-31 23:59:59.999999999,1972-06-30 23:59:59.999999999,12,0.0003179208587388655,9,4,-0.007497946911610566,-899.7536293932678
ME3 BM5,1971-06-30 23:59:59.999999999,1971-07-31 23:59:59.999999999,1972-06-30 23:59:59.999999999,12,0.00031600264600517114,10,4,-0.0038656266113770116,-463.8751933652414
SMALL LoBM,1971-06-30 23:59:59.999999999,1971-07-31 23:59:59.999999999,1972-06-30 23:59:59.999999999,12,0.0003006928124982269,11,3,-0.0024008743711266306,-288.10492453519566
ME3 BM1,1971-06-30 23:59:59.999999999,1971-07-31 23:59:59.999999999,1972-06-30 23:59:59.999999999,12,0.0002087612646385619,12,3,0.0024871031933180426,298.4523831981651
ME2 BM4,1971-06-30 23:59:59.999999999,1971-07-31 23:59:59.999999999,1972-06-30 23:59:59.999999999,12,0.00019787782940596557,13,3,-0.0014786262822510411,-177.43515387012494
ME4 BM1,1971-06-30 23:59:59.999999999,1971-07-31 23:59:59.999999999,1972-06-30 23:59:59.999999999,12,0.00018581666162827918,14,3,0.004637631857706394,556.5158229247672
ME2 BM3,1971-06-30 23:59:59.999999999,1971-07-31 23:59:59.999999999,1972-06-30 23:59:59.999999999,12,-1.0663597635112611e-05,15,3,0.000832474269267672,99.89691231212063
ME2 BM2,1971-06-30 23:59:59.999999999,1971-07-31 23:59:59.999999999,1972-06-30 23:59:59.999999999,12,-9.590919139697527e-05,16,2,0.0027316946735481545,327.80336082577855
ME5 BM4,1971-06-30 23:59:59.999999999,1971-07-31 23:59:59.999999999,1972-06-30 23:59:59.999999999,12,-0.0002036118889840555,17,2,-0.005189067434301377,-622.6880921161652
ME3 BM3,1971-06-30 23:59:59.999999999,1971-07-31 23:59:59.999999999,1972-06-30 23:59:59.999999999,12,-0.0003068008719160432,18,2,-0.0027420456124538557,-329.0454734944627
ME4 BM5,1971-06-30 23:59:59.999999999,1971-07-31 23:59:59.999999999,1972-06-30 23:59:59.999999999,12,-0.0003745240962315391,19,2,0.0010938223166077107,131.25867799292527
ME4 BM2,1971-06-30 23:59:59.999999999,1971-07-31 23:59:59.999999999,1972-06-30 23:59:59.999999999,12,-0.00039193526526988667,20,2,-0.008314097444956035,-997.6916933947241
ME1 BM3,1971-06-30 23:59:59.999999999,1971-07-31 23:59:59.999999999,1972-06-30 23:59:59.999999999,12,-0.00047062479331806646,21,1,-0.007427469101310498,-891.2962921572598
ME1 BM2,1971-06-30 23:59:59.999999999,1971-07-31 23:59:59.999999999,1972-06-30 23:59:59.999999999,12,-0.0005824421135593345,22,1,0.0001994605791065532,23.935269492786382
BIG HiBM,1971-06-30 23:59:59.999999999,1971-07-31 23:59:59.999999999,1972-06-30 23:59:59.999999999,12,-0.0007868877214701564,23,1,0.004187985835973924,502.5583003168708
ME2 BM1,1971-06-30 23:59:59.999999999,1971-07-31 23:59:59.999999999,1972-06-30 23:59:59.999999999,12,-0.0013271869783815762,24,1,-0.002162945368670305,-259.5534442404366
ME5 BM2,1971-06-30 23:59:59.999999999,1971-07-31 23:59:59.999999999,1972-06-30 23:59:59.999999999,12,-0.00150648163937084,25,1,-0.004841127310282506,-580.9352772339007
ME4 BM4,1972-06-30 23:59:59.999999999,1972-07-31 23:59:59.999999999,1973-06-30 23:59:59.999999999,12,0.0019257714600461543,1,5,0.0037771141219681767,453.2536946361812
BIG LoBM,1972-06-30 23:59:59.999999999,1972-07-31 23:59:59.999999999,1973-06-30 23:59:59.999999999,12,0.0017465727512070786,2,5,0.008576021105751497,1029.1225326901797
SMALL HiBM,1972-06-30 23:59:59.999999999,1972-07-31 23:59:59.999999999,1973-06-30 23:59:59.999999999,12,0.0014344546128659253,3,5,0.008600538559646287,1032.0646271575545
ME4 BM1,1972-06-30 23:59:59.999999999,1972-07-31 23:59:59.999999999,1973-06-30 23:59:59.999999999,12,0.0013757643054523273,4,5,-0.009659849216114817,-1159.181905933778
ME2 BM5,1972-06-30 23:59:59.999999999,1972-07-31 23:59:59.999999999,1973-06-30 23:59:59.999999999,12,0.000768138592292835,5,5,-0.002413128995472213,-289.57547945666556
ME3 BM4,1972-06-30 23:59:59.999999999,1972-07-31 23:59:59.999999999,1973-06-30 23:59:59.999999999,12,0.0005006003609862321,6,4,0.005408241807704391,648.9890169245268
ME3 BM3,1972-06-30 23:59:59.999999999,1972-07-31 23:59:59.999999999,1973-06-30 23:59:59.999999999,12,0.00041872723627553004,7,4,0.0013810167073663741,165.7220048839649
ME2 BM3,1972-06-30 23:59:59.999999999,1972-07-31 23:59:59.999999999,1973-06-30 23:59:59.999999999,12,0.0002897518280107466,8,4,0.009484801316694817,1138.176158003378
ME3 BM5,1972-06-30 23:59:59.999999999,1972-07-31 23:59:59.999999999,1973-06-30 23:59:59.999999999,12,0.000260131392879629,9,4,-0.00341225689836209,-409.47082780345073
ME1 BM4,1972-06-30 23:59:59.999999999,1972-07-31 23:59:59.999999999,1973-06-30 23:59:59.999999999,12,0.00017800559548667344,10,4,0.004334137940892423,520.0965529070908
ME3 BM2,1972-06-30 23:59:59.999999999,1972-07-31 23:59:59.999999999,1973-06-30 23:59:59.999999999,12,-0.00015143816778392694,11,3,-0.0054457012343348985,-653.4841481201878
ME5 BM3,1972-06-30 23:59:59.999999999,1972-07-31 23:59:59.999999999,1973-06-30 23:59:59.999999999,12,-0.0001675117627900332,12,3,-0.0008219629551594324,-98.6355546191319
ME2 BM4,1972-06-30 23:59:59.999999999,1972-07-31 23:59:59.999999999,1973-06-30 23:59:59.999999999,12,-0.0002578774250110806,13,3,-0.0021270351088985722,-255.2442130678287
ME2 BM2,1972-06-30 23:59:59.999999999,1972-07-31 23:59:59.999999999,1973-06-30 23:59:59.999999999,12,-0.0004026906892209639,14,3,-0.004053208764579279,-486.3850517495135
ME5 BM4,1972-06-30 23:59:59.999999999,1972-07-31 23:59:59.999999999,1973-06-30 23:59:59.999999999,12,-0.0006549458663231314,15,3,0.0003548655548025928,42.58386657631114
ME4 BM3,1972-06-30 23:59:59.999999999,1972-07-31 23:59:59.999999999,1973-06-30 23:59:59.999999999,12,-0.0008587699830156909,16,2,-0.00319744309759754,-383.6931717117048
SMALL LoBM,1972-06-30 23:59:59.999999999,1972-07-31 23:59:59.999999999,1973-06-30 23:59:59.999999999,12,-0.001012118529733171,17,2,-2.195726514237518e-05,-2.6348718170850214
ME4 BM5,1972-06-30 23:59:59.999999999,1972-07-31 23:59:59.999999999,1973-06-30 23:59:59.999999999,12,-0.0010183447220961565,18,2,-0.0030258953720913493,-363.1074446509619
ME4 BM2,1972-06-30 23:59:59.999999999,1972-07-31 23:59:59.999999999,1973-06-30 23:59:59.999999999,12,-0.0010695997953842175,19,2,-0.02028313936473999,-2433.976723768799
BIG HiBM,1972-06-30 23:59:59.999999999,1972-07-31 23:59:59.999999999,1973-06-30 23:59:59.999999999,12,-0.0011118040271306038,20,2,-0.009467222477614588,-1136.0666973137504
ME1 BM3,1972-06-30 23:59:59.999999999,1972-07-31 23:59:59.999999999,1973-06-30 23:59:59.999999999,12,-0.0011958875739909458,21,1,0.004880671420501282,585.6805704601538
ME3 BM1,1972-06-30 23:59:59.999999999,1972-07-31 23:59:59.999999999,1973-06-30 23:59:59.999999999,12,-0.001225586045168841,22,1,-0.0043183460482386785,-518.2015257886414
ME2 BM1,1972-06-30 23:59:59.999999999,1972-07-31 23:59:59.999999999,1973-06-30 23:59:59.999999999,12,-0.0014536977619225618,23,1,-0.010001105294792872,-1200.1326353751447
ME1 BM2,1972-06-30 23:59:59.999999999,1972-07-31 23:59:59.999999999,1973-06-30 23:59:59.999999999,12,-0.0022391248191308863,24,1,0.002741267224089971,328.9520668907965
ME5 BM2,1972-06-30 23:59:59.999999999,1972-07-31 23:59:59.999999999,1973-06-30 23:59:59.999999999,12,-0.002387240669524242,25,1,-0.0032914732706898118,-394.9767924827774
ME4 BM4,1973-06-30 23:59:59.999999999,1973-07-31 23:59:59.999999999,1974-06-30 23:59:59.999999999,12,0.0030336883629341815,1,5,0.00029005713046818815,34.80685565618258
BIG LoBM,1973-06-30 23:59:59.999999999,1973-07-31 23:59:59.999999999,1974-06-30 23:59:59.999999999,12,0.002166999499479844,2,5,0.0028409982824417848,340.9197938930142
ME4 BM1,1973-06-30 23:59:59.999999999,1973-07-31 23:59:59.999999999,1974-06-30 23:59:59.999999999,12,0.00187768657026622,3,5,0.0010137064752098618,121.64477702518342
ME3 BM4,1973-06-30 23:59:59.999999999,1973-07-31 23:59:59.999999999,1974-06-30 23:59:59.999999999,12,0.0016375659566480003,4,5,-0.007503244806110088,-900.3893767332105
ME2 BM3,1973-06-30 23:59:59.999999999,1973-07-31 23:59:59.999999999,1974-06-30 23:59:59.999999999,12,0.0016175055280853105,5,5,0.0009051530436210755,108.61836523452905
ME2 BM5,1973-06-30 23:59:59.999999999,1973-07-31 23:59:59.999999999,1974-06-30 23:59:59.999999999,12,0.0013133242260199957,6,4,0.008772963547293683,1052.7556256752418
ME3 BM3,1973-06-30 23:59:59.999999999,1973-07-31 23:59:59.999999999,1974-06-30 23:59:59.999999999,12,0.001009159572433358,7,4,0.0033642867119362727,403.7144054323527
SMALL HiBM,1973-06-30 23:59:59.999999999,1973-07-31 23:59:59.999999999,1974-06-30 23:59:59.999999999,12,0.0005561939637505166,8,4,-0.0014882891780598148,-178.59470136717778
ME1 BM4,1973-06-30 23:59:59.999999999,1973-07-31 23:59:59.999999999,1974-06-30 23:59:59.999999999,12,0.0005117034636623423,9,4,-0.00407776266486672,-489.33151978400645
ME3 BM5,1973-06-30 23:59:59.999999999,1973-07-31 23:59:59.999999999,1974-06-30 23:59:59.999999999,12,0.00043837452604666527,10,4,0.009455276188644113,1134.6331426372935
ME5 BM4,1973-06-30 23:59:59.999999999,1973-07-31 23:59:59.999999999,1974-06-30 23:59:59.999999999,12,1.9372632842156842e-05,11,3,0.0006697242635114219,80.36691162137063
ME3 BM2,1973-06-30 23:59:59.999999999,1973-07-31 23:59:59.999999999,1974-06-30 23:59:59.999999999,12,-1.95682431561228e-05,12,3,0.0008576686630527812,102.92023956633373
ME2 BM4,1973-06-30 23:59:59.999999999,1973-07-31 23:59:59.999999999,1974-06-30 23:59:59.999999999,12,-0.00014595540240109928,13,3,-0.0017971420088175498,-215.657041058106
ME4 BM3,1973-06-30 23:59:59.999999999,1973-07-31 23:59:59.999999999,1974-06-30 23:59:59.999999999,12,-0.0004472824073831392,14,3,0.005624200470202145,674.9040564242574
ME2 BM2,1973-06-30 23:59:59.999999999,1973-07-31 23:59:59.999999999,1974-06-30 23:59:59.999999999,12,-0.0006153865286820754,15,3,-0.0012375578545071187,-148.50694254085423
ME5 BM3,1973-06-30 23:59:59.999999999,1973-07-31 23:59:59.999999999,1974-06-30 23:59:59.999999999,12,-0.0006759383593632257,16,2,-0.005686875967262244,-682.4251160714693
ME3 BM1,1973-06-30 23:59:59.999999999,1973-07-31 23:59:59.999999999,1974-06-30 23:59:59.999999999,12,-0.0006862352373958026,17,2,0.006817579942728383,818.109593127406
ME4 BM5,1973-06-30 23:59:59.999999999,1973-07-31 23:59:59.999999999,1974-06-30 23:59:59.999999999,12,-0.0010109102119023007,18,2,0.009297269100484847,1115.6722920581815
BIG HiBM,1973-06-30 23:59:59.999999999,1973-07-31 23:59:59.999999999,1974-06-30 23:59:59.999999999,12,-0.0011730368327151862,19,2,0.010431313934366165,1251.7576721239398
ME1 BM3,1973-06-30 23:59:59.999999999,1973-07-31 23:59:59.999999999,1974-06-30 23:59:59.999999999,12,-0.0013465426739912964,20,2,-0.004090616559041914,-490.8739870850297
ME2 BM1,1973-06-30 23:59:59.999999999,1973-07-31 23:59:59.999999999,1974-06-30 23:59:59.999999999,12,-0.0013726183576639175,21,1,0.00835451834255716,1002.5422011068591
ME4 BM2,1973-06-30 23:59:59.999999999,1973-07-31 23:59:59.999999999,1974-06-30 23:59:59.999999999,12,-0.0014967563346749597,22,1,-0.0006347672115419551,-76.17206538503461
ME1 BM2,1973-06-30 23:59:59.999999999,1973-07-31 23:59:59.999999999,1974-06-30 23:59:59.999999999,12,-0.001936207832149179,23,1,-0.0016798991810759256,-201.58790172911108
ME5 BM2,1973-06-30 23:59:59.999999999,1973-07-31 23:59:59.999999999,1974-06-30 23:59:59.999999999,12,-0.002615806271729329,24,1,0.00019413188748884443,23.295826498661334
SMALL LoBM,1973-06-30 23:59:59.999999999,1973-07-31 23:59:59.999999999,1974-06-30 23:59:59.999999999,12,-0.002705941005455177,25,1,-0.0005609948663771082,-67.31938396525298
ME4 BM4,1974-06-30 23:59:59.999999999,1974-07-31 23:59:59.999999999,1975-06-30 23:59:59.999999999,12,0.002573191968710877,1,5,0.012632558742184495,1515.9070490621393
BIG LoBM,1974-06-30 23:59:59.999999999,1974-07-31 23:59:59.999999999,1975-06-30 23:59:59.999999999,12,0.0018717720577382901,2,5,-0.0021615585685585918,-259.387028227031
ME4 BM1,1974-06-30 23:59:59.999999999,1974-07-31 23:59:59.999999999,1975-06-30 23:59:59.999999999,12,0.00185600163124688,3,5,0.006379697270246314,765.5636724295576
ME2 BM3,1974-06-30 23:59:59.999999999,1974-07-31 23:59:59.999999999,1975-06-30 23:59:59.999999999,12,0.0014373722729865226,4,5,4.0711976972883944e-05,4.885437236746074
ME3 BM5,1974-06-30 23:59:59.999999999,1974-07-31 23:59:59.999999999,1975-06-30 23:59:59.999999999,12,0.0013378238585087447,5,5,0.003578559847467053,429.4271816960463
ME3 BM4,1974-06-30 23:59:59.999999999,1974-07-31 23:59:59.999999999,1975-06-30 23:59:59.999999999,12,0.001144050355347869,6,4,0.0065216643151953845,782.5997178234462
ME1 BM4,1974-06-30 23:59:59.999999999,1974-07-31 23:59:59.999999999,1975-06-30 23:59:59.999999999,12,0.0011068725734111392,7,4,0.0007191801503758687,86.30161804510425
ME2 BM5,1974-06-30 23:59:59.999999999,1974-07-31 23:59:59.999999999,1975-06-30 23:59:59.999999999,12,0.0010519633344237545,8,4,-0.0008028855536498742,-96.34626643798491
ME3 BM3,1974-06-30 23:59:59.999999999,1974-07-31 23:59:59.999999999,1975-06-30 23:59:59.999999999,12,0.001049275957278219,9,4,0.0014103835441084348,169.24602529301217
ME4 BM5,1974-06-30 23:59:59.999999999,1974-07-31 23:59:59.999999999,1975-06-30 23:59:59.999999999,12,0.0006372741198379863,10,4,0.0027217182504716587,326.6061900565991
SMALL HiBM,1974-06-30 23:59:59.999999999,1974-07-31 23:59:59.999999999,1975-06-30 23:59:59.999999999,12,0.0006038395443453421,11,3,0.0027047983375046813,324.57580050056174
ME3 BM1,1974-06-30 23:59:59.999999999,1974-07-31 23:59:59.999999999,1975-06-30 23:59:59.999999999,12,0.000535493028184783,12,3,-0.0018073289843155826,-216.87947811786992
ME5 BM4,1974-06-30 23:59:59.999999999,1974-07-31 23:59:59.999999999,1975-06-30 23:59:59.999999999,12,0.0004889409094604443,13,3,0.006371329393239977,764.5595271887972
ME2 BM4,1974-06-30 23:59:59.999999999,1974-07-31 23:59:59.999999999,1975-06-30 23:59:59.999999999,12,0.00041349756915223606,14,3,2.508445628077056e-05,3.0101347536924674
ME4 BM3,1974-06-30 23:59:59.999999999,1974-07-31 23:59:59.999999999,1975-06-30 23:59:59.999999999,12,0.0003855910511572319,15,3,0.009710530072308583,1165.2636086770299
BIG HiBM,1974-06-30 23:59:59.999999999,1974-07-31 23:59:59.999999999,1975-06-30 23:59:59.999999999,12,0.00037865406266343425,16,2,-0.01440246006607275,-1728.29520792873
ME3 BM2,1974-06-30 23:59:59.999999999,1974-07-31 23:59:59.999999999,1975-06-30 23:59:59.999999999,12,-0.00010068428638267888,17,2,0.005808399312656383,697.007917518766
ME5 BM3,1974-06-30 23:59:59.999999999,1974-07-31 23:59:59.999999999,1975-06-30 23:59:59.999999999,12,-0.00011319270945738268,18,2,0.0030862344983179067,370.3481397981488
ME2 BM1,1974-06-30 23:59:59.999999999,1974-07-31 23:59:59.999999999,1975-06-30 23:59:59.999999999,12,-0.0002320330257495374,19,2,0.007563692544591637,907.6431053509965
ME2 BM2,1974-06-30 23:59:59.999999999,1974-07-31 23:59:59.999999999,1975-06-30 23:59:59.999999999,12,-0.0008772263827271322,20,2,0.004355381814087314,522.6458176904778
ME1 BM3,1974-06-30 23:59:59.999999999,1974-07-31 23:59:59.999999999,1975-06-30 23:59:59.999999999,12,-0.000982940183875193,21,1,0.0004013900655870147,48.166807870441765
SMALL LoBM,1974-06-30 23:59:59.999999999,1974-07-31 23:59:59.999999999,1975-06-30 23:59:59.999999999,12,-0.0013786019631747686,22,1,0.001786659698500035,214.39916382000422
ME1 BM2,1974-06-30 23:59:59.999999999,1974-07-31 23:59:59.999999999,1975-06-30 23:59:59.999999999,12,-0.0018037312318482713,23,1,0.0046318884905248115,555.8266188629774
ME4 BM2,1974-06-30 23:59:59.999999999,1974-07-31 23:59:59.999999999,1975-06-30 23:59:59.999999999,12,-0.001992089297590811,24,1,0.006849807228364011,821.9768674036814
ME5 BM2,1974-06-30 23:59:59.999999999,1974-07-31 23:59:59.999999999,1975-06-30 23:59:59.999999999,12,-0.002384714595554514,25,1,0.006158084235269263,738.9701082323115
ME4 BM4,1975-06-30 23:59:59.999999999,1975-07-31 23:59:59.999999999,1976-06-30 23:59:59.999999999,12,0.002892402511728704,1,5,0.0037665279288343727,451.9833514601247
ME4 BM1,1975-06-30 23:59:59.999999999,1975-07-31 23:59:59.999999999,1976-06-30 23:59:59.999999999,12,0.001615718738097512,2,5,-0.0011866210968216027,-142.39453161859234
ME3 BM4,1975-06-30 23:59:59.999999999,1975-07-31 23:59:59.999999999,1976-06-30 23:59:59.999999999,12,0.0012434064906680262,3,5,0.0012998153577932796,155.97784293519354
ME1 BM4,1975-06-30 23:59:59.999999999,1975-07-31 23:59:59.999999999,1976-06-30 23:59:59.999999999,12,0.0012363903101922618,4,5,0.005333656515544031,640.0387818652838
ME3 BM5,1975-06-30 23:59:59.999999999,1975-07-31 23:59:59.999999999,1976-06-30 23:59:59.999999999,12,0.0012229568167771438,5,5,0.001456009646923553,174.72115763082635
BIG LoBM,1975-06-30 23:59:59.999999999,1975-07-31 23:59:59.999999999,1976-06-30 23:59:59.999999999,12,0.0011923681087137935,6,4,0.0015777318820978335,189.32782585174002
ME2 BM1,1975-06-30 23:59:59.999999999,1975-07-31 23:59:59.999999999,1976-06-30 23:59:59.999999999,12,0.0008687177659510763,7,4,0.0018090081731619802,217.08098077943762
SMALL HiBM,1975-06-30 23:59:59.999999999,1975-07-31 23:59:59.999999999,1976-06-30 23:59:59.999999999,12,0.000857873423189353,8,4,0.003342769752183119,401.1323702619743
ME2 BM5,1975-06-30 23:59:59.999999999,1975-07-31 23:59:59.999999999,1976-06-30 23:59:59.999999999,12,0.000853534005568401,9,4,0.0010901154153822082,130.81384984586498
ME4 BM5,1975-06-30 23:59:59.999999999,1975-07-31 23:59:59.999999999,1976-06-30 23:59:59.999999999,12,0.0004284608272057882,10,4,0.003201750063454174,384.21000761450085
ME3 BM3,1975-06-30 23:59:59.999999999,1975-07-31 23:59:59.999999999,1976-06-30 23:59:59.999999999,12,0.00023603487098160513,11,3,0.004981745396548242,597.8094475857891
ME2 BM3,1975-06-30 23:59:59.999999999,1975-07-31 23:59:59.999999999,1976-06-30 23:59:59.999999999,12,0.0002357605498189806,12,3,-0.0007672918731458984,-92.0750247775078
ME5 BM4,1975-06-30 23:59:59.999999999,1975-07-31 23:59:59.999999999,1976-06-30 23:59:59.999999999,12,0.00018066704862367897,13,3,0.0008302813066270913,99.63375679525096
ME2 BM4,1975-06-30 23:59:59.999999999,1975-07-31 23:59:59.999999999,1976-06-30 23:59:59.999999999,12,-0.0001708817215344044,14,3,0.001403895510533794,168.4674612640553
ME4 BM3,1975-06-30 23:59:59.999999999,1975-07-31 23:59:59.999999999,1976-06-30 23:59:59.999999999,12,-0.0001873384969206032,15,3,0.004613716641113136,553.6459969335764
ME2 BM2,1975-06-30 23:59:59.999999999,1975-07-31 23:59:59.999999999,1976-06-30 23:59:59.999999999,12,-0.0003253791524835929,16,2,0.0007868588602437379,94.42306322924854
ME3 BM2,1975-06-30 23:59:59.999999999,1975-07-31 23:59:59.999999999,1976-06-30 23:59:59.999999999,12,-0.0004215167457793439,17,2,0.0022009216665435055,264.11059998522063
ME3 BM1,1975-06-30 23:59:59.999999999,1975-07-31 23:59:59.999999999,1976-06-30 23:59:59.999999999,12,-0.00042408796000502087,18,2,0.0025087041659240753,301.04449991088904
ME5 BM3,1975-06-30 23:59:59.999999999,1975-07-31 23:59:59.999999999,1976-06-30 23:59:59.999999999,12,-0.0005493223758670679,19,2,0.0011646531808539827,139.75838170247792
SMALL LoBM,1975-06-30 23:59:59.999999999,1975-07-31 23:59:59.999999999,1976-06-30 23:59:59.999999999,12,-0.0006694552035338082,20,2,0.005008324702992576,600.9989643591092
ME1 BM2,1975-06-30 23:59:59.999999999,1975-07-31 23:59:59.999999999,1976-06-30 23:59:59.999999999,12,-0.0006967213546446661,21,1,0.000282330212798287,33.87962553579444
BIG HiBM,1975-06-30 23:59:59.999999999,1975-07-31 23:59:59.999999999,1976-06-30 23:59:59.999999999,12,-0.000737486725230533,22,1,0.0017190158686788907,206.2819042414669
ME1 BM3,1975-06-30 23:59:59.999999999,1975-07-31 23:59:59.999999999,1976-06-30 23:59:59.999999999,12,-0.0011673312618662951,23,1,0.0035446832207597736,425.36198649117284
ME5 BM2,1975-06-30 23:59:59.999999999,1975-07-31 23:59:59.999999999,1976-06-30 23:59:59.999999999,12,-0.0012632615582388786,24,1,0.0031030043657006654,372.36052388407984
ME4 BM2,1975-06-30 23:59:59.999999999,1975-07-31 23:59:59.999999999,1976-06-30 23:59:59.999999999,12,-0.0016743402585904339,25,1,0.0009084080207531136,109.00896249037363
ME4 BM4,1976-06-30 23:59:59.999999999,1976-07-31 23:59:59.999999999,1977-06-30 23:59:59.999999999,12,0.0017631558504795355,1,5,0.002060789260197692,247.29471122372303
ME3 BM4,1976-06-30 23:59:59.999999999,1976-07-31 23:59:59.999999999,1977-06-30 23:59:59.999999999,12,0.0011412823716138204,2,5,0.003985183878469952,478.2220654163942
ME3 BM5,1976-06-30 23:59:59.999999999,1976-07-31 23:59:59.999999999,1977-06-30 23:59:59.999999999,12,0.0010424807228709902,3,5,-0.00830361629854216,-996.4339558250591
ME1 BM4,1976-06-30 23:59:59.999999999,1976-07-31 23:59:59.999999999,1977-06-30 23:59:59.999999999,12,0.0010187268526364967,4,5,-0.0016588318547969977,-199.0598225756397
ME4 BM5,1976-06-30 23:59:59.999999999,1976-07-31 23:59:59.999999999,1977-06-30 23:59:59.999999999,12,0.0008966729364657312,5,5,0.0017033631876409402,204.40358251691282
ME3 BM3,1976-06-30 23:59:59.999999999,1976-07-31 23:59:59.999999999,1977-06-30 23:59:59.999999999,12,0.0008750607788942336,6,4,0.0025262207601989273,303.1464912238713
ME2 BM1,1976-06-30 23:59:59.999999999,1976-07-31 23:59:59.999999999,1977-06-30 23:59:59.999999999,12,0.0008324063443398281,7,4,0.0037394942829793686,448.73931395752425
ME2 BM2,1976-06-30 23:59:59.999999999,1976-07-31 23:59:59.999999999,1977-06-30 23:59:59.999999999,12,0.0005834082023175539,8,4,0.000166390231461229,19.96682777534748
SMALL HiBM,1976-06-30 23:59:59.999999999,1976-07-31 23:59:59.999999999,1977-06-30 23:59:59.999999999,12,0.0005622077744286416,9,4,-0.0014875037351539866,-178.5004482184784
BIG LoBM,1976-06-30 23:59:59.999999999,1976-07-31 23:59:59.999999999,1977-06-30 23:59:59.999999999,12,0.0005214382681603649,10,4,-0.004653831010143988,-558.4597212172786
ME4 BM3,1976-06-30 23:59:59.999999999,1976-07-31 23:59:59.999999999,1977-06-30 23:59:59.999999999,12,0.0005078352236072569,11,3,0.004761832487843656,571.4198985412387
ME3 BM2,1976-06-30 23:59:59.999999999,1976-07-31 23:59:59.999999999,1977-06-30 23:59:59.999999999,12,0.0004870211040266079,12,3,0.005155621254086641,618.6745504903969
ME1 BM2,1976-06-30 23:59:59.999999999,1976-07-31 23:59:59.999999999,1977-06-30 23:59:59.999999999,12,0.00048076378645018074,13,3,-0.005109517577993576,-613.142109359229
ME5 BM4,1976-06-30 23:59:59.999999999,1976-07-31 23:59:59.999999999,1977-06-30 23:59:59.999999999,12,0.00036681293305642276,14,3,0.0006705070115747771,80.46084138897326
ME2 BM3,1976-06-30 23:59:59.999999999,1976-07-31 23:59:59.999999999,1977-06-30 23:59:59.999999999,12,0.0003559441057862895,15,3,0.0008188438584327283,98.2612630119274
ME5 BM2,1976-06-30 23:59:59.999999999,1976-07-31 23:59:59.999999999,1977-06-30 23:59:59.999999999,12,0.00031946768129720906,16,2,0.0009070200156351278,108.84240187621533
ME4 BM1,1976-06-30 23:59:59.999999999,1976-07-31 23:59:59.999999999,1977-06-30 23:59:59.999999999,12,0.0003145332945180547,17,2,0.0006468544170008522,77.62253004010226
ME2 BM5,1976-06-30 23:59:59.999999999,1976-07-31 23:59:59.999999999,1977-06-30 23:59:59.999999999,12,0.0002338451546467924,18,2,-0.00011626706838757835,-13.952048206509401
ME5 BM3,1976-06-30 23:59:59.999999999,1976-07-31 23:59:59.999999999,1977-06-30 23:59:59.999999999,12,7.931388564959166e-05,19,2,0.006569845761144259,788.3814913373111
BIG HiBM,1976-06-30 23:59:59.999999999,1976-07-31 23:59:59.999999999,1977-06-30 23:59:59.999999999,12,6.60220306225827e-05,20,2,-0.0023630054129052864,-283.5606495486344
ME3 BM1,1976-06-30 23:59:59.999999999,1976-07-31 23:59:59.999999999,1977-06-30 23:59:59.999999999,12,2.98693219375733e-05,21,1,-0.0008988281335404533,-107.85937602485438
ME2 BM4,1976-06-30 23:59:59.999999999,1976-07-31 23:59:59.999999999,1977-06-30 23:59:59.999999999,12,-0.00021299508663650938,22,1,0.0014829035283601688,177.94842340322026
ME1 BM3,1976-06-30 23:59:59.999999999,1976-07-31 23:59:59.999999999,1977-06-30 23:59:59.999999999,12,-0.00023104418216728768,23,1,-0.002501006918147563,-300.12083017770755
SMALL LoBM,1976-06-30 23:59:59.999999999,1976-07-31 23:59:59.999999999,1977-06-30 23:59:59.999999999,12,-0.0002866094301854458,24,1,-0.0018561463013272936,-222.73755615927524
ME4 BM2,1976-06-30 23:59:59.999999999,1976-07-31 23:59:59.999999999,1977-06-30 23:59:59.999999999,12,-0.0006629283905585106,25,1,0.001951878919765282,234.22547037183384
ME4 BM4,1977-06-30 23:59:59.999999999,1977-07-31 23:59:59.999999999,1978-06-30 23:59:59.999999999,12,0.0020221065425413505,1,5,-0.0010340762088930386,-124.08914506716464
ME2 BM1,1977-06-30 23:59:59.999999999,1977-07-31 23:59:59.999999999,1978-06-30 23:59:59.999999999,12,0.0010802511761504132,2,5,-0.007842038892615802,-941.0446671138961
ME4 BM5,1977-06-30 23:59:59.999999999,1977-07-31 23:59:59.999999999,1978-06-30 23:59:59.999999999,12,0.0010459918152966258,3,5,-0.0066408182490706085,-796.8981898884731
ME3 BM4,1977-06-30 23:59:59.999999999,1977-07-31 23:59:59.999999999,1978-06-30 23:59:59.999999999,12,0.0009848233100132955,4,5,-0.0027679799688703176,-332.1575962644381
ME4 BM3,1977-06-30 23:59:59.999999999,1977-07-31 23:59:59.999999999,1978-06-30 23:59:59.999999999,12,0.0009554566198919671,5,5,-0.0023211967939874424,-278.54361527849306
ME1 BM4,1977-06-30 23:59:59.999999999,1977-07-31 23:59:59.999999999,1978-06-30 23:59:59.999999999,12,0.0008986110483608608,6,4,-0.0027615162395790704,-331.38194874948846
ME3 BM2,1977-06-30 23:59:59.999999999,1977-07-31 23:59:59.999999999,1978-06-30 23:59:59.999999999,12,0.0006891595247680135,7,4,-0.0008144699877176478,-97.73639852611774
SMALL HiBM,1977-06-30 23:59:59.999999999,1977-07-31 23:59:59.999999999,1978-06-30 23:59:59.999999999,12,0.00055594494768569,8,4,-0.0008128679788946006,-97.54415746735208
ME3 BM3,1977-06-30 23:59:59.999999999,1977-07-31 23:59:59.999999999,1978-06-30 23:59:59.999999999,12,0.000549243554356394,9,4,0.0012072913511231838,144.87496213478207
ME3 BM5,1977-06-30 23:59:59.999999999,1977-07-31 23:59:59.999999999,1978-06-30 23:59:59.999999999,12,0.0005235994309660556,10,4,-0.0005063620856716875,-60.763450280602505
ME2 BM3,1977-06-30 23:59:59.999999999,1977-07-31 23:59:59.999999999,1978-06-30 23:59:59.999999999,12,0.0005043730565409093,11,3,-0.0038776550474856355,-465.31860569827626
BIG LoBM,1977-06-30 23:59:59.999999999,1977-07-31 23:59:59.999999999,1978-06-30 23:59:59.999999999,12,0.0004063792925363458,12,3,0.00105946801284043,127.13616154085159
ME2 BM5,1977-06-30 23:59:59.999999999,1977-07-31 23:59:59.999999999,1978-06-30 23:59:59.999999999,12,0.0003872184554134581,13,3,-0.0027090098142296647,-325.08117770755973
ME5 BM3,1977-06-30 23:59:59.999999999,1977-07-31 23:59:59.999999999,1978-06-30 23:59:59.999999999,12,0.00035298830346594783,14,3,0.001236386017324835,148.3663220789802
ME2 BM2,1977-06-30 23:59:59.999999999,1977-07-31 23:59:59.999999999,1978-06-30 23:59:59.999999999,12,0.00026426078534712223,15,3,-0.007708164792903594,-924.9797751484314
ME5 BM2,1977-06-30 23:59:59.999999999,1977-07-31 23:59:59.999999999,1978-06-30 23:59:59.999999999,12,0.00014321619975390487,16,2,-0.0059059310888244084,-708.711730658929
ME1 BM2,1977-06-30 23:59:59.999999999,1977-07-31 23:59:59.999999999,1978-06-30 23:59:59.999999999,12,2.5712364396759837e-06,17,2,-0.007440790751814565,-892.8948902177477
ME2 BM4,1977-06-30 23:59:59.999999999,1977-07-31 23:59:59.999999999,1978-06-30 23:59:59.999999999,12,-3.427175892926611e-05,18,2,0.004323832468585797,518.8598962302956
BIG HiBM,1977-06-30 23:59:59.999999999,1977-07-31 23:59:59.999999999,1978-06-30 23:59:59.999999999,12,-4.731837929692083e-05,19,2,-0.009017239976752741,-1082.068797210329
ME4 BM1,1977-06-30 23:59:59.999999999,1977-07-31 23:59:59.999999999,1978-06-30 23:59:59.999999999,12,-0.00013631737404147184,20,2,-0.0005293008118291113,-63.51609741949336
ME5 BM4,1977-06-30 23:59:59.999999999,1977-07-31 23:59:59.999999999,1978-06-30 23:59:59.999999999,12,-0.00014399977560144403,21,1,-0.0012970433613431929,-155.64520336118315
SMALL LoBM,1977-06-30 23:59:59.999999999,1977-07-31 23:59:59.999999999,1978-06-30 23:59:59.999999999,12,-0.00032141790333746473,22,1,-0.002146437144201297,-257.57245730415565
ME1 BM3,1977-06-30 23:59:59.999999999,1977-07-31 23:59:59.999999999,1978-06-30 23:59:59.999999999,12,-0.0003821296963498234,23,1,-0.0003567370749183729,-42.80844899020475
ME3 BM1,1977-06-30 23:59:59.999999999,1977-07-31 23:59:59.999999999,1978-06-30 23:59:59.999999999,12,-0.000423659648181009,24,1,-0.0012438678137301532,-149.26413764761838
ME4 BM2,1977-06-30 23:59:59.999999999,1977-07-31 23:59:59.999999999,1978-06-30 23:59:59.999999999,12,-0.001092319648781902,25,1,-0.005204249268105778,-624.5099121726934
ME4 BM4,1978-06-30 23:59:59.999999999,1978-07-31 23:59:59.999999999,1979-06-30 23:59:59.999999999,12,0.0016861383735418127,1,5,0.0009416347036567806,112.99616443881368
ME4 BM5,1978-06-30 23:59:59.999999999,1978-07-31 23:59:59.999999999,1979-06-30 23:59:59.999999999,12,0.0010121784191132479,2,5,-0.004520162571689238,-542.4195086027086
ME3 BM3,1978-06-30 23:59:59.999999999,1978-07-31 23:59:59.999999999,1979-06-30 23:59:59.999999999,12,0.0007241704390954285,3,5,0.0014531981347984287,174.38377617581145
ME3 BM2,1978-06-30 23:59:59.999999999,1978-07-31 23:59:59.999999999,1979-06-30 23:59:59.999999999,12,0.0007019395205582453,4,5,-0.005572358154089213,-668.6829784907055
ME4 BM3,1978-06-30 23:59:59.999999999,1978-07-31 23:59:59.999999999,1979-06-30 23:59:59.999999999,12,0.0005588841107476059,5,5,-0.001000497143228074,-120.0596571873689
ME1 BM4,1978-06-30 23:59:59.999999999,1978-07-31 23:59:59.999999999,1979-06-30 23:59:59.999999999,12,0.0005413832580229649,6,4,-0.005801838832646078,-696.2206599175294
SMALL HiBM,1978-06-30 23:59:59.999999999,1978-07-31 23:59:59.999999999,1979-06-30 23:59:59.999999999,12,0.0004570050386472322,7,4,-0.0034070802340503917,-408.849628086047
ME3 BM4,1978-06-30 23:59:59.999999999,1978-07-31 23:59:59.999999999,1979-06-30 23:59:59.999999999,12,0.0003451065111297688,8,4,9.072294233429983e-05,10.886753080115978
ME2 BM1,1978-06-30 23:59:59.999999999,1978-07-31 23:59:59.999999999,1979-06-30 23:59:59.999999999,12,0.00032610613423093187,9,4,0.004540133993249614,544.8160791899537
ME2 BM4,1978-06-30 23:59:59.999999999,1978-07-31 23:59:59.999999999,1979-06-30 23:59:59.999999999,12,0.0002684844905915685,10,4,-0.0017628042994153406,-211.53651592984087
ME2 BM3,1978-06-30 23:59:59.999999999,1978-07-31 23:59:59.999999999,1979-06-30 23:59:59.999999999,12,0.00022234527724700168,11,3,-0.004242515034599444,-509.1018041519332
ME4 BM1,1978-06-30 23:59:59.999999999,1978-07-31 23:59:59.999999999,1979-06-30 23:59:59.999999999,12,0.0001689737431037179,12,3,-0.0008514888165696352,-102.17865798835622
ME5 BM3,1978-06-30 23:59:59.999999999,1978-07-31 23:59:59.999999999,1979-06-30 23:59:59.999999999,12,0.00015468737000710436,13,3,0.00633689973984005,760.427968780806
ME5 BM2,1978-06-30 23:59:59.999999999,1978-07-31 23:59:59.999999999,1979-06-30 23:59:59.999999999,12,0.00014921898554136,14,3,0.0006274056746040651,75.28868095248782
ME2 BM5,1978-06-30 23:59:59.999999999,1978-07-31 23:59:59.999999999,1979-06-30 23:59:59.999999999,12,0.0001201523403988339,15,3,0.0026858462219650505,322.30154663580606
BIG LoBM,1978-06-30 23:59:59.999999999,1978-07-31 23:59:59.999999999,1979-06-30 23:59:59.999999999,12,7.472940952605656e-05,16,2,-0.0031953384316103033,-383.44061179323637
ME3 BM5,1978-06-30 23:59:59.999999999,1978-07-31 23:59:59.999999999,1979-06-30 23:59:59.999999999,12,2.252540883018774e-05,17,2,0.003376193123619551,405.14317483434615
SMALL LoBM,1978-06-30 23:59:59.999999999,1978-07-31 23:59:59.999999999,1979-06-30 23:59:59.999999999,12,-2.5189285839083907e-05,18,2,-0.0025790062247316218,-309.4807469677946
ME2 BM2,1978-06-30 23:59:59.999999999,1978-07-31 23:59:59.999999999,1979-06-30 23:59:59.999999999,12,-0.00011789015552084614,19,2,-0.003608555962456564,-433.0267154947877
ME5 BM4,1978-06-30 23:59:59.999999999,1978-07-31 23:59:59.999999999,1979-06-30 23:59:59.999999999,12,-0.0002342266731591334,20,2,-0.0021869974542055386,-262.4396945046646
BIG HiBM,1978-06-30 23:59:59.999999999,1978-07-31 23:59:59.999999999,1979-06-30 23:59:59.999999999,12,-0.0003651225806894402,21,1,-0.009767324216056032,-1172.0789059267238
ME1 BM3,1978-06-30 23:59:59.999999999,1978-07-31 23:59:59.999999999,1979-06-30 23:59:59.999999999,12,-0.00042562957855347706,22,1,-0.0072884424755590435,-874.6130970670853
ME3 BM1,1978-06-30 23:59:59.999999999,1978-07-31 23:59:59.999999999,1979-06-30 23:59:59.999999999,12,-0.0004682766295127842,23,1,-0.005530580166147682,-663.6696199377218
ME1 BM2,1978-06-30 23:59:59.999999999,1978-07-31 23:59:59.999999999,1979-06-30 23:59:59.999999999,12,-0.0005870799187791145,24,1,-0.0023219718046339458,-278.63661655607353
ME4 BM2,1978-06-30 23:59:59.999999999,1978-07-31 23:59:59.999999999,1979-06-30 23:59:59.999999999,12,-0.0013909091910967782,25,1,-0.0022933826709822906,-275.20592051787486
ME4 BM4,1979-06-30 23:59:59.999999999,1979-07-31 23:59:59.999999999,1980-06-30 23:59:59.999999999,12,0.00211399928037366,1,5,-0.007408137842962007,-888.9765411554408
ME3 BM3,1979-06-30 23:59:59.999999999,1979-07-31 23:59:59.999999999,1980-06-30 23:59:59.999999999,12,0.0011022136108268178,2,5,-0.00429258506168266,-515.1102074019191
ME4 BM5,1979-06-30 23:59:59.999999999,1979-07-31 23:59:59.999999999,1980-06-30 23:59:59.999999999,12,0.0010456650559206217,3,5,0.0012677327821793954,152.12793386152745
ME2 BM1,1979-06-30 23:59:59.999999999,1979-07-31 23:59:59.999999999,1980-06-30 23:59:59.999999999,12,0.0009429686588423894,4,5,0.0010016776955848572,120.20132347018286
ME4 BM3,1979-06-30 23:59:59.999999999,1979-07-31 23:59:59.999999999,1980-06-30 23:59:59.999999999,12,0.0007848489151647872,5,5,0.004931612341859492,591.7934810231391
ME1 BM4,1979-06-30 23:59:59.999999999,1979-07-31 23:59:59.999999999,1980-06-30 23:59:59.999999999,12,0.0007813511074214226,6,4,-0.0004164721263252141,-49.97665515902569
ME3 BM2,1979-06-30 23:59:59.999999999,1979-07-31 23:59:59.999999999,1980-06-30 23:59:59.999999999,12,0.0007448325108798293,7,4,-0.0011182741572057068,-134.19289886468482
SMALL HiBM,1979-06-30 23:59:59.999999999,1979-07-31 23:59:59.999999999,1980-06-30 23:59:59.999999999,12,0.0006319037478768163,8,4,-0.0003859204725596751,-46.31045670716101
ME2 BM4,1979-06-30 23:59:59.999999999,1979-07-31 23:59:59.999999999,1980-06-30 23:59:59.999999999,12,0.000590198266654938,9,4,-0.0013610804448019656,-163.32965337623585
ME2 BM5,1979-06-30 23:59:59.999999999,1979-07-31 23:59:59.999999999,1980-06-30 23:59:59.999999999,12,0.00047416255351619266,10,4,-0.002144278644461806,-257.31343733541667
ME5 BM2,1979-06-30 23:59:59.999999999,1979-07-31 23:59:59.999999999,1980-06-30 23:59:59.999999999,12,0.00037607903965772944,11,3,0.006887596719714363,826.5116063657235
ME2 BM3,1979-06-30 23:59:59.999999999,1979-07-31 23:59:59.999999999,1980-06-30 23:59:59.999999999,12,0.0003303592530405994,12,3,-0.007032233818205738,-843.8680581846886
ME5 BM3,1979-06-30 23:59:59.999999999,1979-07-31 23:59:59.999999999,1980-06-30 23:59:59.999999999,12,0.00022935971936367103,13,3,0.0027268469500337958,327.2216340040555
BIG LoBM,1979-06-30 23:59:59.999999999,1979-07-31 23:59:59.999999999,1980-06-30 23:59:59.999999999,12,0.0001040763817721621,14,3,-0.01059655250670264,-1271.5863008043168
ME3 BM5,1979-06-30 23:59:59.999999999,1979-07-31 23:59:59.999999999,1980-06-30 23:59:59.999999999,12,4.799899369849648e-05,15,3,-0.0007139530237498442,-85.6743628499813
ME3 BM4,1979-06-30 23:59:59.999999999,1979-07-31 23:59:59.999999999,1980-06-30 23:59:59.999999999,12,2.430154840868886e-05,16,2,-0.00014752033234041498,-17.702439880849795
ME4 BM1,1979-06-30 23:59:59.999999999,1979-07-31 23:59:59.999999999,1980-06-30 23:59:59.999999999,12,-3.943318882463189e-05,17,2,0.003685292549077708,442.2351058893249
ME2 BM2,1979-06-30 23:59:59.999999999,1979-07-31 23:59:59.999999999,1980-06-30 23:59:59.999999999,12,-0.00024133211831210808,18,2,0.004058782818351754,487.0539382022104
ME1 BM2,1979-06-30 23:59:59.999999999,1979-07-31 23:59:59.999999999,1980-06-30 23:59:59.999999999,12,-0.00031940952679831297,19,2,0.0018914389307564002,226.972671690768
SMALL LoBM,1979-06-30 23:59:59.999999999,1979-07-31 23:59:59.999999999,1980-06-30 23:59:59.999999999,12,-0.0003343327330755717,20,2,0.00404010096011212,484.8121152134544
ME5 BM4,1979-06-30 23:59:59.999999999,1979-07-31 23:59:59.999999999,1980-06-30 23:59:59.999999999,12,-0.0003888427031259688,21,1,0.007646104124183421,917.5324949020105
ME3 BM1,1979-06-30 23:59:59.999999999,1979-07-31 23:59:59.999999999,1980-06-30 23:59:59.999999999,12,-0.00040168862225808694,22,1,0.0052391680256074465,628.7001630728936
ME1 BM3,1979-06-30 23:59:59.999999999,1979-07-31 23:59:59.999999999,1980-06-30 23:59:59.999999999,12,-0.0005722561874903656,23,1,-0.005631328570258057,-675.7594284309668
BIG HiBM,1979-06-30 23:59:59.999999999,1979-07-31 23:59:59.999999999,1980-06-30 23:59:59.999999999,12,-0.0007718500235553072,24,1,0.0008867505828329209,106.4100699399505
ME4 BM2,1979-06-30 23:59:59.999999999,1979-07-31 23:59:59.999999999,1980-06-30 23:59:59.999999999,12,-0.0010731681619267897,25,1,0.001540311725093982,184.83740701127783
ME4 BM4,1980-06-30 23:59:59.999999999,1980-07-31 23:59:59.999999999,1981-06-30 23:59:59.999999999,12,0.0010778102341840409,1,5,-0.003377764181291758,-405.331701755011
ME1 BM4,1980-06-30 23:59:59.999999999,1980-07-31 23:59:59.999999999,1981-06-30 23:59:59.999999999,12,0.0008395405302152039,2,5,0.0013355842598026305,160.27011117631565
ME3 BM3,1980-06-30 23:59:59.999999999,1980-07-31 23:59:59.999999999,1981-06-30 23:59:59.999999999,12,0.0007842633866360819,3,5,0.00365446524446547,438.5358293358564
ME4 BM5,1980-06-30 23:59:59.999999999,1980-07-31 23:59:59.999999999,1981-06-30 23:59:59.999999999,12,0.0007695955412418957,4,5,-0.003127191834993298,-375.26302019919575
SMALL HiBM,1980-06-30 23:59:59.999999999,1980-07-31 23:59:59.999999999,1981-06-30 23:59:59.999999999,12,0.0007483202783308217,5,5,-0.001679381650482976,-201.5257980579571
ME5 BM2,1980-06-30 23:59:59.999999999,1980-07-31 23:59:59.999999999,1981-06-30 23:59:59.999999999,12,0.0006971741627558218,6,4,-0.0018518682530557918,-222.224190366695
ME4 BM3,1980-06-30 23:59:59.999999999,1980-07-31 23:59:59.999999999,1981-06-30 23:59:59.999999999,12,0.0006830090830572835,7,4,0.005684149471937336,682.0979366324804
ME2 BM1,1980-06-30 23:59:59.999999999,1980-07-31 23:59:59.999999999,1981-06-30 23:59:59.999999999,12,0.0005635594962975448,8,4,-0.0013048642473149914,-156.58370967779896
ME3 BM2,1980-06-30 23:59:59.999999999,1980-07-31 23:59:59.999999999,1981-06-30 23:59:59.999999999,12,0.0005406057508616279,9,4,0.0020814303319364566,249.7716398323748
ME5 BM3,1980-06-30 23:59:59.999999999,1980-07-31 23:59:59.999999999,1981-06-30 23:59:59.999999999,12,0.0004992549915162974,10,4,0.0009464502504547969,113.57403005457563
ME2 BM4,1980-06-30 23:59:59.999999999,1980-07-31 23:59:59.999999999,1981-06-30 23:59:59.999999999,12,0.00041229735527579115,11,3,0.003345676973050255,401.4812367660306
ME3 BM1,1980-06-30 23:59:59.999999999,1980-07-31 23:59:59.999999999,1981-06-30 23:59:59.999999999,12,0.0003455953293028238,12,3,-0.00043109748067860176,-51.73169768143221
ME4 BM1,1980-06-30 23:59:59.999999999,1980-07-31 23:59:59.999999999,1981-06-30 23:59:59.999999999,12,0.0003431679891211277,13,3,0.0011539297645327892,138.4715717439347
ME2 BM5,1980-06-30 23:59:59.999999999,1980-07-31 23:59:59.999999999,1981-06-30 23:59:59.999999999,12,0.00022457636279588292,14,3,0.0039120116570219325,469.4413988426319
ME5 BM4,1980-06-30 23:59:59.999999999,1980-07-31 23:59:59.999999999,1981-06-30 23:59:59.999999999,12,7.260971699582245e-05,15,3,0.002549933057736363,305.9919669283635
ME2 BM2,1980-06-30 23:59:59.999999999,1980-07-31 23:59:59.999999999,1981-06-30 23:59:59.999999999,12,1.8373732112441466e-05,16,2,0.0011334282224328503,136.01138669194202
ME1 BM2,1980-06-30 23:59:59.999999999,1980-07-31 23:59:59.999999999,1981-06-30 23:59:59.999999999,12,-7.127262204823312e-06,17,2,0.0010485389148378996,125.82466978054794
ME3 BM5,1980-06-30 23:59:59.999999999,1980-07-31 23:59:59.999999999,1981-06-30 23:59:59.999999999,12,-2.4409415998007637e-05,18,2,-0.00524975453111817,-629.9705437341804
ME2 BM3,1980-06-30 23:59:59.999999999,1980-07-31 23:59:59.999999999,1981-06-30 23:59:59.999999999,12,-6.366100718091665e-05,19,2,0.00020848767285271247,25.018520742325496
SMALL LoBM,1980-06-30 23:59:59.999999999,1980-07-31 23:59:59.999999999,1981-06-30 23:59:59.999999999,12,-0.0001761758498090479,20,2,-0.004616124220935206,-553.9349065122246
ME3 BM4,1980-06-30 23:59:59.999999999,1980-07-31 23:59:59.999999999,1981-06-30 23:59:59.999999999,12,-0.00020185688838547577,21,1,0.0004595067229761314,55.14080675713577
BIG HiBM,1980-06-30 23:59:59.999999999,1980-07-31 23:59:59.999999999,1981-06-30 23:59:59.999999999,12,-0.00028861877999567995,22,1,0.0001632849739138442,19.594196869661303
BIG LoBM,1980-06-30 23:59:59.999999999,1980-07-31 23:59:59.999999999,1981-06-30 23:59:59.999999999,12,-0.00036014823141382573,23,1,0.00013063131113540764,15.675757336248916
ME4 BM2,1980-06-30 23:59:59.999999999,1980-07-31 23:59:59.999999999,1981-06-30 23:59:59.999999999,12,-0.0006862165965851555,24,1,0.0049274944521236555,591.2993342548386
ME1 BM3,1980-06-30 23:59:59.999999999,1980-07-31 23:59:59.999999999,1981-06-30 23:59:59.999999999,12,-0.0008714758085969471,25,1,0.0020714579078528216,248.5749489423386
ME4 BM3,1981-06-30 23:59:59.999999999,1981-07-31 23:59:59.999999999,1982-06-30 23:59:59.999999999,12,0.0012319686249659004,1,5,-0.007827847103096563,-939.3416523715875
ME3 BM3,1981-06-30 23:59:59.999999999,1981-07-31 23:59:59.999999999,1982-06-30 23:59:59.999999999,12,0.0012209886833306532,2,5,-0.002435088591507508,-292.210630980901
ME2 BM5,1981-06-30 23:59:59.999999999,1981-07-31 23:59:59.999999999,1982-06-30 23:59:59.999999999,12,0.001006515320273792,3,5,0.002128292910478426,255.39514925741116
ME4 BM1,1981-06-30 23:59:59.999999999,1981-07-31 23:59:59.999999999,1982-06-30 23:59:59.999999999,12,0.0006574490287670766,4,5,0.002836080484926741,340.3296581912089
SMALL HiBM,1981-06-30 23:59:59.999999999,1981-07-31 23:59:59.999999999,1982-06-30 23:59:59.999999999,12,0.000619254160380196,5,5,0.0003185120933171744,38.221451198060926
ME5 BM3,1981-06-30 23:59:59.999999999,1981-07-31 23:59:59.999999999,1982-06-30 23:59:59.999999999,12,0.0006175884102450099,6,4,-0.008309657067251666,-997.1588480701998
ME2 BM4,1981-06-30 23:59:59.999999999,1981-07-31 23:59:59.999999999,1982-06-30 23:59:59.999999999,12,0.0005134455086748377,7,4,0.004348093805765556,521.7712566918667
ME2 BM1,1981-06-30 23:59:59.999999999,1981-07-31 23:59:59.999999999,1982-06-30 23:59:59.999999999,12,0.0005077951742912752,8,4,-0.001449113543957067,-173.89362527484803
ME5 BM2,1981-06-30 23:59:59.999999999,1981-07-31 23:59:59.999999999,1982-06-30 23:59:59.999999999,12,0.0004887249698315862,9,4,0.0011873988592785306,142.48786311342369
SMALL LoBM,1981-06-30 23:59:59.999999999,1981-07-31 23:59:59.999999999,1982-06-30 23:59:59.999999999,12,0.000474283931403757,10,4,-0.00956967522206403,-1148.3610266476835
ME4 BM5,1981-06-30 23:59:59.999999999,1981-07-31 23:59:59.999999999,1982-06-30 23:59:59.999999999,12,0.00038081295768522443,11,3,0.00020316129963129895,24.379355955755877
ME1 BM4,1981-06-30 23:59:59.999999999,1981-07-31 23:59:59.999999999,1982-06-30 23:59:59.999999999,12,0.00037452082443291943,12,3,-0.0027801977841062295,-333.62373409274755
ME2 BM2,1981-06-30 23:59:59.999999999,1981-07-31 23:59:59.999999999,1982-06-30 23:59:59.999999999,12,0.00025450661312133977,13,3,0.0016051250879176165,192.615010550114
ME1 BM2,1981-06-30 23:59:59.999999999,1981-07-31 23:59:59.999999999,1982-06-30 23:59:59.999999999,12,0.00023885141734753242,14,3,-0.0007605063291999977,-91.26075950399971
ME4 BM4,1981-06-30 23:59:59.999999999,1981-07-31 23:59:59.999999999,1982-06-30 23:59:59.999999999,12,0.00023168187216777178,15,3,-0.004992217211335076,-599.0660653602091
ME5 BM4,1981-06-30 23:59:59.999999999,1981-07-31 23:59:59.999999999,1982-06-30 23:59:59.999999999,12,1.3698042423460391e-05,16,2,-0.007271533269234259,-872.5839923081111
ME3 BM2,1981-06-30 23:59:59.999999999,1981-07-31 23:59:59.999999999,1982-06-30 23:59:59.999999999,12,-0.00017026711910971912,17,2,0.0007294252663607101,87.53103196328522
ME3 BM1,1981-06-30 23:59:59.999999999,1981-07-31 23:59:59.999999999,1982-06-30 23:59:59.999999999,12,-0.00021045959034863656,18,2,-0.0013188526327428923,-158.26231592914706
BIG LoBM,1981-06-30 23:59:59.999999999,1981-07-31 23:59:59.999999999,1982-06-30 23:59:59.999999999,12,-0.00021458230964442894,19,2,0.004804234064188719,576.5080877026463
ME3 BM4,1981-06-30 23:59:59.999999999,1981-07-31 23:59:59.999999999,1982-06-30 23:59:59.999999999,12,-0.00024188735233902223,20,2,-0.006854147582405045,-822.4977098886053
ME2 BM3,1981-06-30 23:59:59.999999999,1981-07-31 23:59:59.999999999,1982-06-30 23:59:59.999999999,12,-0.00030310998455000064,21,1,-0.0018478166246074903,-221.73799495289882
BIG HiBM,1981-06-30 23:59:59.999999999,1981-07-31 23:59:59.999999999,1982-06-30 23:59:59.999999999,12,-0.0005682306112630343,22,1,-0.0023753315435212697,-285.0397852225524
ME1 BM3,1981-06-30 23:59:59.999999999,1981-07-31 23:59:59.999999999,1982-06-30 23:59:59.999999999,12,-0.0006261922250679294,23,1,0.000537424763408091,64.49097160897092
ME4 BM2,1981-06-30 23:59:59.999999999,1981-07-31 23:59:59.999999999,1982-06-30 23:59:59.999999999,12,-0.0007068920066121069,24,1,-0.00524644339834094,-629.5732078009128
ME3 BM5,1981-06-30 23:59:59.999999999,1981-07-31 23:59:59.999999999,1982-06-30 23:59:59.999999999,12,-0.0008046349053283828,25,1,0.005553573150059671,666.4287780071605
ME5 BM2,1982-06-30 23:59:59.999999999,1982-07-31 23:59:59.999999999,1983-06-30 23:59:59.999999999,12,0.0014474560825539638,1,5,-0.005395047919729746,-647.4057503675696
ME2 BM4,1982-06-30 23:59:59.999999999,1982-07-31 23:59:59.999999999,1983-06-30 23:59:59.999999999,12,0.001115067441772191,2,5,0.000250304999103659,30.036599892439078
ME4 BM3,1982-06-30 23:59:59.999999999,1982-07-31 23:59:59.999999999,1983-06-30 23:59:59.999999999,12,0.0009558805233733131,3,5,0.00377282086406755,452.738503688106
ME3 BM3,1982-06-30 23:59:59.999999999,1982-07-31 23:59:59.999999999,1983-06-30 23:59:59.999999999,12,0.0006774439339430495,4,5,-4.4649144641261546e-05,-5.357897356951385
ME2 BM1,1982-06-30 23:59:59.999999999,1982-07-31 23:59:59.999999999,1983-06-30 23:59:59.999999999,12,0.0006386039175574058,5,5,-0.011837320789482221,-1420.4784947378664
SMALL HiBM,1982-06-30 23:59:59.999999999,1982-07-31 23:59:59.999999999,1983-06-30 23:59:59.999999999,12,0.0004564331719368166,6,4,0.004239243584049049,508.70923008588585
ME2 BM5,1982-06-30 23:59:59.999999999,1982-07-31 23:59:59.999999999,1983-06-30 23:59:59.999999999,12,0.00036670459142915774,7,4,-0.00494038964475662,-592.8467573707945
ME4 BM5,1982-06-30 23:59:59.999999999,1982-07-31 23:59:59.999999999,1983-06-30 23:59:59.999999999,12,0.0002839950732622314,8,4,-0.006102647772899299,-732.3177327479159
ME1 BM2,1982-06-30 23:59:59.999999999,1982-07-31 23:59:59.999999999,1983-06-30 23:59:59.999999999,12,0.00028335814331493397,9,4,-0.0018432356428419786,-221.18827714103742
ME5 BM3,1982-06-30 23:59:59.999999999,1982-07-31 23:59:59.999999999,1983-06-30 23:59:59.999999999,12,0.0002511287589954575,10,4,0.0005071415871393363,60.856990456720354
ME4 BM1,1982-06-30 23:59:59.999999999,1982-07-31 23:59:59.999999999,1983-06-30 23:59:59.999999999,12,0.0002364808138588174,11,3,-0.004562359576442438,-547.4831491730927
ME1 BM3,1982-06-30 23:59:59.999999999,1982-07-31 23:59:59.999999999,1983-06-30 23:59:59.999999999,12,5.1298780241278646e-05,12,3,0.009250387371027976,1110.046484523357
ME3 BM2,1982-06-30 23:59:59.999999999,1982-07-31 23:59:59.999999999,1983-06-30 23:59:59.999999999,12,4.686786800489956e-05,13,3,0.0033215917401288194,398.5910088154583
ME1 BM4,1982-06-30 23:59:59.999999999,1982-07-31 23:59:59.999999999,1983-06-30 23:59:59.999999999,12,-7.395929257552114e-05,14,3,0.005566388736563784,667.9666483876541
ME3 BM1,1982-06-30 23:59:59.999999999,1982-07-31 23:59:59.999999999,1983-06-30 23:59:59.999999999,12,-0.0001464037560725699,15,3,-0.005452761885309066,-654.331426237088
ME5 BM4,1982-06-30 23:59:59.999999999,1982-07-31 23:59:59.999999999,1983-06-30 23:59:59.999999999,12,-0.000179723258923428,16,2,-0.0009984911464412888,-119.81893757295467
BIG LoBM,1982-06-30 23:59:59.999999999,1982-07-31 23:59:59.999999999,1983-06-30 23:59:59.999999999,12,-0.00021267208029781932,17,2,0.004005053561710105,480.6064274052126
ME3 BM5,1982-06-30 23:59:59.999999999,1982-07-31 23:59:59.999999999,1983-06-30 23:59:59.999999999,12,-0.00032129091497101823,18,2,-0.006385164693817092,-766.219763258051
SMALL LoBM,1982-06-30 23:59:59.999999999,1982-07-31 23:59:59.999999999,1983-06-30 23:59:59.999999999,12,-0.0003257336219313399,19,2,-0.010881203989985573,-1305.7444787982688
ME3 BM4,1982-06-30 23:59:59.999999999,1982-07-31 23:59:59.999999999,1983-06-30 23:59:59.999999999,12,-0.00037593393522703205,20,2,0.00047280080187918973,56.73609622550276
ME4 BM2,1982-06-30 23:59:59.999999999,1982-07-31 23:59:59.999999999,1983-06-30 23:59:59.999999999,12,-0.0003841141459289414,21,1,-0.004781725072473334,-573.8070086968002
ME2 BM2,1982-06-30 23:59:59.999999999,1982-07-31 23:59:59.999999999,1983-06-30 23:59:59.999999999,12,-0.00043853027839587733,22,1,-0.0001962797935464671,-23.553575225576054
ME2 BM3,1982-06-30 23:59:59.999999999,1982-07-31 23:59:59.999999999,1983-06-30 23:59:59.999999999,12,-0.0004716209278349025,23,1,0.002643149514982639,317.1779417979167
ME4 BM4,1982-06-30 23:59:59.999999999,1982-07-31 23:59:59.999999999,1983-06-30 23:59:59.999999999,12,-0.0007973631337927707,24,1,-0.004315359675928276,-517.8431611113932
BIG HiBM,1982-06-30 23:59:59.999999999,1982-07-31 23:59:59.999999999,1983-06-30 23:59:59.999999999,12,-0.001384093556140867,25,1,0.0032360227755467395,388.32273306560876
ME4 BM3,1983-06-30 23:59:59.999999999,1983-07-31 23:59:59.999999999,1984-06-30 23:59:59.999999999,12,0.0007643160178326322,1,5,-0.010437008268935045,-1252.4409922722054
ME2 BM4,1983-06-30 23:59:59.999999999,1983-07-31 23:59:59.999999999,1984-06-30 23:59:59.999999999,12,0.0006717851326659531,2,5,0.003366913211117774,404.0295853341329
ME1 BM3,1983-06-30 23:59:59.999999999,1983-07-31 23:59:59.999999999,1984-06-30 23:59:59.999999999,12,0.0006334146793394988,3,5,-0.005056761278067874,-606.8113533681449
ME2 BM1,1983-06-30 23:59:59.999999999,1983-07-31 23:59:59.999999999,1984-06-30 23:59:59.999999999,12,0.0005992440656931583,4,5,-0.004866326168433813,-583.9591402120575
ME3 BM2,1983-06-30 23:59:59.999999999,1983-07-31 23:59:59.999999999,1984-06-30 23:59:59.999999999,12,0.0005565197382914515,5,5,-0.0054258596662772095,-651.1031599532652
ME5 BM2,1983-06-30 23:59:59.999999999,1983-07-31 23:59:59.999999999,1984-06-30 23:59:59.999999999,12,0.0005117084237235684,6,4,0.0018661518007544776,223.9382160905373
ME3 BM3,1983-06-30 23:59:59.999999999,1983-07-31 23:59:59.999999999,1984-06-30 23:59:59.999999999,12,0.0005004414334660737,7,4,-0.0034838448490142984,-418.0613818817158
ME5 BM3,1983-06-30 23:59:59.999999999,1983-07-31 23:59:59.999999999,1984-06-30 23:59:59.999999999,12,0.0004916256879544849,8,4,-0.006136978586351417,-736.43743036217
ME4 BM5,1983-06-30 23:59:59.999999999,1983-07-31 23:59:59.999999999,1984-06-30 23:59:59.999999999,12,0.0004817164239487695,9,4,-0.007161454453902596,-859.3745344683115
ME4 BM1,1983-06-30 23:59:59.999999999,1983-07-31 23:59:59.999999999,1984-06-30 23:59:59.999999999,12,0.0003831434649670593,10,4,0.001512287668539074,181.4745202246889
SMALL HiBM,1983-06-30 23:59:59.999999999,1983-07-31 23:59:59.999999999,1984-06-30 23:59:59.999999999,12,0.00028430894938483826,11,3,7.614794593790505e-05,9.137753512548606
ME1 BM4,1983-06-30 23:59:59.999999999,1983-07-31 23:59:59.999999999,1984-06-30 23:59:59.999999999,12,0.00011810632233980276,12,3,-0.0020231043688800337,-242.77252426560403
ME1 BM2,1983-06-30 23:59:59.999999999,1983-07-31 23:59:59.999999999,1984-06-30 23:59:59.999999999,12,0.00010850501713095587,13,3,-0.0030792747205913504,-369.51296647096206
ME3 BM5,1983-06-30 23:59:59.999999999,1983-07-31 23:59:59.999999999,1984-06-30 23:59:59.999999999,12,7.560137786227895e-05,14,3,0.00021309618934344733,25.571542721213678
ME4 BM2,1983-06-30 23:59:59.999999999,1983-07-31 23:59:59.999999999,1984-06-30 23:59:59.999999999,12,-1.1764485224269365e-05,15,3,-0.001217976890169628,-146.15722682035536
ME2 BM5,1983-06-30 23:59:59.999999999,1983-07-31 23:59:59.999999999,1984-06-30 23:59:59.999999999,12,-3.14835596770211e-05,16,2,0.0007272301504934168,87.26761805921001
ME5 BM4,1983-06-30 23:59:59.999999999,1983-07-31 23:59:59.999999999,1984-06-30 23:59:59.999999999,12,-5.631888467416075e-05,17,2,-0.007697070335852928,-923.6484403023513
ME3 BM1,1983-06-30 23:59:59.999999999,1983-07-31 23:59:59.999999999,1984-06-30 23:59:59.999999999,12,-0.00018169454970872826,18,2,-0.0010771607499788314,-129.25928999745977
ME2 BM2,1983-06-30 23:59:59.999999999,1983-07-31 23:59:59.999999999,1984-06-30 23:59:59.999999999,12,-0.00018502945202789547,19,2,-0.0024729235750979104,-296.75082901174926
BIG LoBM,1983-06-30 23:59:59.999999999,1983-07-31 23:59:59.999999999,1984-06-30 23:59:59.999999999,12,-0.0002159783238155687,20,2,0.004442825998702067,533.1391198442481
ME4 BM4,1983-06-30 23:59:59.999999999,1983-07-31 23:59:59.999999999,1984-06-30 23:59:59.999999999,12,-0.00047338618361990423,21,1,-0.010525428547362117,-1263.051425683454
ME3 BM4,1983-06-30 23:59:59.999999999,1983-07-31 23:59:59.999999999,1984-06-30 23:59:59.999999999,12,-0.0004958815031093676,22,1,-0.004057147100842376,-486.8576521010851
SMALL LoBM,1983-06-30 23:59:59.999999999,1983-07-31 23:59:59.999999999,1984-06-30 23:59:59.999999999,12,-0.0005103099467412108,23,1,-0.013301979252213108,-1596.2375102655728
BIG HiBM,1983-06-30 23:59:59.999999999,1983-07-31 23:59:59.999999999,1984-06-30 23:59:59.999999999,12,-0.0005223955205408106,24,1,-0.0025508063619723263,-306.09676343667917
ME2 BM3,1983-06-30 23:59:59.999999999,1983-07-31 23:59:59.999999999,1984-06-30 23:59:59.999999999,12,-0.0008989118779996323,25,1,0.0003196703062151359,38.36043674581631
ME5 BM2,1984-06-30 23:59:59.999999999,1984-07-31 23:59:59.999999999,1985-06-30 23:59:59.999999999,12,0.0008584690866187068,1,5,0.0025320839167974336,303.85007001569204
ME2 BM4,1984-06-30 23:59:59.999999999,1984-07-31 23:59:59.999999999,1985-06-30 23:59:59.999999999,12,0.0006324062279218628,2,5,0.0026650107165062885,319.8012859807546
ME5 BM3,1984-06-30 23:59:59.999999999,1984-07-31 23:59:59.999999999,1985-06-30 23:59:59.999999999,12,0.0004390701073238242,3,5,-0.00016479801855044633,-19.77576222605356
ME3 BM2,1984-06-30 23:59:59.999999999,1984-07-31 23:59:59.999999999,1985-06-30 23:59:59.999999999,12,0.00043180635612108804,4,5,0.003577880418679356,429.3456502415227
ME1 BM3,1984-06-30 23:59:59.999999999,1984-07-31 23:59:59.999999999,1985-06-30 23:59:59.999999999,12,0.00043003282986516373,5,5,-0.005481854846883123,-657.8225816259747
ME3 BM3,1984-06-30 23:59:59.999999999,1984-07-31 23:59:59.999999999,1985-06-30 23:59:59.999999999,12,0.00037139415475347847,6,4,-0.0005803056914666227,-69.63668297599472
ME1 BM2,1984-06-30 23:59:59.999999999,1984-07-31 23:59:59.999999999,1985-06-30 23:59:59.999999999,12,0.00024058641497473084,7,4,-0.002500827415351287,-300.09928984215446
ME4 BM3,1984-06-30 23:59:59.999999999,1984-07-31 23:59:59.999999999,1985-06-30 23:59:59.999999999,12,0.00016875019322084032,8,4,0.0004791424928878367,57.49709914654041
ME1 BM4,1984-06-30 23:59:59.999999999,1984-07-31 23:59:59.999999999,1985-06-30 23:59:59.999999999,12,0.00016198044334576932,9,4,-0.005625270431937249,-675.0324518324699
ME4 BM1,1984-06-30 23:59:59.999999999,1984-07-31 23:59:59.999999999,1985-06-30 23:59:59.999999999,12,0.0001540081580549558,10,4,0.0017138679341327573,205.66415209593086
ME2 BM2,1984-06-30 23:59:59.999999999,1984-07-31 23:59:59.999999999,1985-06-30 23:59:59.999999999,12,7.14100859170869e-05,11,3,-0.0031864557565945348,-382.37469079134416
SMALL HiBM,1984-06-30 23:59:59.999999999,1984-07-31 23:59:59.999999999,1985-06-30 23:59:59.999999999,12,3.158187174513281e-05,12,3,-0.007477320451740917,-897.27845420891
ME4 BM2,1984-06-30 23:59:59.999999999,1984-07-31 23:59:59.999999999,1985-06-30 23:59:59.999999999,12,3.272064379184931e-06,13,3,-0.004387616319589345,-526.5139583507214
ME3 BM1,1984-06-30 23:59:59.999999999,1984-07-31 23:59:59.999999999,1985-06-30 23:59:59.999999999,12,-0.00016325704556519087,14,3,0.0020650592765969348,247.80711319163217
ME2 BM1,1984-06-30 23:59:59.999999999,1984-07-31 23:59:59.999999999,1985-06-30 23:59:59.999999999,12,-0.00017008939231777219,15,3,-0.005572306673346017,-668.6768008015221
ME3 BM4,1984-06-30 23:59:59.999999999,1984-07-31 23:59:59.999999999,1985-06-30 23:59:59.999999999,12,-0.00021349100871688377,16,2,0.002747652786716282,329.71833440595384
ME5 BM4,1984-06-30 23:59:59.999999999,1984-07-31 23:59:59.999999999,1985-06-30 23:59:59.999999999,12,-0.00026792246624712026,17,2,-0.003646392060581497,-437.56704726977966
ME3 BM5,1984-06-30 23:59:59.999999999,1984-07-31 23:59:59.999999999,1985-06-30 23:59:59.999999999,12,-0.00027328681693683906,18,2,0.002853888279290918,342.46659351491013
ME4 BM5,1984-06-30 23:59:59.999999999,1984-07-31 23:59:59.999999999,1985-06-30 23:59:59.999999999,12,-0.000347959311020412,19,2,0.0023635791324096815,283.6294958891618
ME2 BM5,1984-06-30 23:59:59.999999999,1984-07-31 23:59:59.999999999,1985-06-30 23:59:59.999999999,12,-0.0004077881291913333,20,2,0.000808480524192004,97.01766290304049
BIG LoBM,1984-06-30 23:59:59.999999999,1984-07-31 23:59:59.999999999,1985-06-30 23:59:59.999999999,12,-0.000431472475054312,21,1,-0.002643411223769898,-317.20934685238774
ME4 BM4,1984-06-30 23:59:59.999999999,1984-07-31 23:59:59.999999999,1985-06-30 23:59:59.999999999,12,-0.0006558523957508118,22,1,-0.0021269351193146826,-255.2322143177619
SMALL LoBM,1984-06-30 23:59:59.999999999,1984-07-31 23:59:59.999999999,1985-06-30 23:59:59.999999999,12,-0.0009344446421903342,23,1,-0.009189510718613686,-1102.7412862336423
ME2 BM3,1984-06-30 23:59:59.999999999,1984-07-31 23:59:59.999999999,1985-06-30 23:59:59.999999999,12,-0.0010506629087757605,24,1,0.0002920117727496357,35.041412729956285
BIG HiBM,1984-06-30 23:59:59.999999999,1984-07-31 23:59:59.999999999,1985-06-30 23:59:59.999999999,12,-0.0014392110209223016,25,1,-0.0006788302963792243,-81.45963556550691
ME5 BM2,1985-06-30 23:59:59.999999999,1985-07-31 23:59:59.999999999,1986-06-30 23:59:59.999999999,12,0.0013474336276175698,1,5,0.006054841546328563,726.5809855594275
ME2 BM4,1985-06-30 23:59:59.999999999,1985-07-31 23:59:59.999999999,1986-06-30 23:59:59.999999999,12,0.0012916497903192681,2,5,0.005163585945247517,619.6303134297019
ME5 BM3,1985-06-30 23:59:59.999999999,1985-07-31 23:59:59.999999999,1986-06-30 23:59:59.999999999,12,0.0010376654417946865,3,5,-0.001095608140783391,-131.47297689400693
ME1 BM2,1985-06-30 23:59:59.999999999,1985-07-31 23:59:59.999999999,1986-06-30 23:59:59.999999999,12,0.0005411171246109431,4,5,-0.0025005579326274393,-300.0669519152927
ME4 BM3,1985-06-30 23:59:59.999999999,1985-07-31 23:59:59.999999999,1986-06-30 23:59:59.999999999,12,0.0004952787511643994,5,5,0.0006954142291616137,83.44970749939364
ME1 BM3,1985-06-30 23:59:59.999999999,1985-07-31 23:59:59.999999999,1986-06-30 23:59:59.999999999,12,0.00042740443049301075,6,4,0.000798192545298673,95.78310543584075
ME4 BM2,1985-06-30 23:59:59.999999999,1985-07-31 23:59:59.999999999,1986-06-30 23:59:59.999999999,12,0.0003813152369112587,7,4,-0.0019530445827195188,-234.36534992634228
ME3 BM2,1985-06-30 23:59:59.999999999,1985-07-31 23:59:59.999999999,1986-06-30 23:59:59.999999999,12,0.00027483373751379845,8,4,0.006908213429354576,828.9856115225491
ME2 BM2,1985-06-30 23:59:59.999999999,1985-07-31 23:59:59.999999999,1986-06-30 23:59:59.999999999,12,0.0002582841712458458,9,4,-0.0013239543827886903,-158.87452593464283
ME4 BM5,1985-06-30 23:59:59.999999999,1985-07-31 23:59:59.999999999,1986-06-30 23:59:59.999999999,12,0.000253932821884472,10,4,-0.0038194764963756806,-458.33717956508167
ME3 BM3,1985-06-30 23:59:59.999999999,1985-07-31 23:59:59.999999999,1986-06-30 23:59:59.999999999,12,0.00023139839642262152,11,3,0.003263482092022154,391.6178510426585
ME3 BM1,1985-06-30 23:59:59.999999999,1985-07-31 23:59:59.999999999,1986-06-30 23:59:59.999999999,12,0.00021041195499884512,12,3,-0.0031656079368377193,-379.8729524205263
ME5 BM4,1985-06-30 23:59:59.999999999,1985-07-31 23:59:59.999999999,1986-06-30 23:59:59.999999999,12,0.00019837087965675408,13,3,-0.006027154387693349,-723.2585265232018
ME4 BM1,1985-06-30 23:59:59.999999999,1985-07-31 23:59:59.999999999,1986-06-30 23:59:59.999999999,12,-1.615381830313938e-05,14,3,-7.026414758964349e-05,-8.431697710757218
ME2 BM5,1985-06-30 23:59:59.999999999,1985-07-31 23:59:59.999999999,1986-06-30 23:59:59.999999999,12,-1.9136767508008145e-05,15,3,-0.007475219174649041,-897.0263009578849
ME1 BM4,1985-06-30 23:59:59.999999999,1985-07-31 23:59:59.999999999,1986-06-30 23:59:59.999999999,12,-0.00017375130305956966,16,2,0.002694057355751332,323.28688269015987
SMALL HiBM,1985-06-30 23:59:59.999999999,1985-07-31 23:59:59.999999999,1986-06-30 23:59:59.999999999,12,-0.00039711669029427116,17,2,0.00024375491730263616,29.25059007631634
BIG LoBM,1985-06-30 23:59:59.999999999,1985-07-31 23:59:59.999999999,1986-06-30 23:59:59.999999999,12,-0.00045920696347163524,18,2,0.004499002378964129,539.8802854756955
ME3 BM4,1985-06-30 23:59:59.999999999,1985-07-31 23:59:59.999999999,1986-06-30 23:59:59.999999999,12,-0.0005419329714700348,19,2,0.0005542686085506068,66.51223302607282
ME3 BM5,1985-06-30 23:59:59.999999999,1985-07-31 23:59:59.999999999,1986-06-30 23:59:59.999999999,12,-0.0005861253721370797,20,2,0.001816786429755193,218.01437157062315
ME2 BM1,1985-06-30 23:59:59.999999999,1985-07-31 23:59:59.999999999,1986-06-30 23:59:59.999999999,12,-0.0006833663927102617,21,1,-0.004488584188884352,-538.6301026661222
ME2 BM3,1985-06-30 23:59:59.999999999,1985-07-31 23:59:59.999999999,1986-06-30 23:59:59.999999999,12,-0.0009278065802518741,22,1,0.00921485952524887,1105.7831430298643
BIG HiBM,1985-06-30 23:59:59.999999999,1985-07-31 23:59:59.999999999,1986-06-30 23:59:59.999999999,12,-0.0012831717661129847,23,1,0.00045927223755587573,55.112668506705084
ME4 BM4,1985-06-30 23:59:59.999999999,1985-07-31 23:59:59.999999999,1986-06-30 23:59:59.999999999,12,-0.0013642286392246332,24,1,-0.0029759676041473497,-357.11611249768197
SMALL LoBM,1985-06-30 23:59:59.999999999,1985-07-31 23:59:59.999999999,1986-06-30 23:59:59.999999999,12,-0.0014959002164147506,25,1,-0.009217782050163872,-1106.1338460196646
ME2 BM4,1986-06-30 23:59:59.999999999,1986-07-31 23:59:59.999999999,1987-06-30 23:59:59.999999999,12,0.0013739685121027137,1,5,-0.0004778977357822875,-57.3477282938745
ME5 BM2,1986-06-30 23:59:59.999999999,1986-07-31 23:59:59.999999999,1987-06-30 23:59:59.999999999,12,0.0012683389422078102,2,5,0.0009675828451093351,116.10994141312021
ME5 BM3,1986-06-30 23:59:59.999999999,1986-07-31 23:59:59.999999999,1987-06-30 23:59:59.999999999,12,0.0011380450375705492,3,5,-0.004522876153113937,-542.7451383736724
ME3 BM1,1986-06-30 23:59:59.999999999,1986-07-31 23:59:59.999999999,1987-06-30 23:59:59.999999999,12,0.0005264345845602232,4,5,0.0021481109717624344,257.77331661149213
ME4 BM1,1986-06-30 23:59:59.999999999,1986-07-31 23:59:59.999999999,1987-06-30 23:59:59.999999999,12,0.0005019510702131912,5,5,0.0008596174169042108,103.1540900285053
SMALL HiBM,1986-06-30 23:59:59.999999999,1986-07-31 23:59:59.999999999,1987-06-30 23:59:59.999999999,12,-1.5623030516374024e-05,6,4,0.007247349392718425,869.681927126211
ME2 BM2,1986-06-30 23:59:59.999999999,1986-07-31 23:59:59.999999999,1987-06-30 23:59:59.999999999,12,-2.436994018690749e-05,7,4,0.006576725222886851,789.2070267464221
ME1 BM3,1986-06-30 23:59:59.999999999,1986-07-31 23:59:59.999999999,1987-06-30 23:59:59.999999999,12,-4.679152420918484e-05,8,4,0.0003357124588808191,40.285495065698285
ME5 BM4,1986-06-30 23:59:59.999999999,1986-07-31 23:59:59.999999999,1987-06-30 23:59:59.999999999,12,-7.965403286301311e-05,9,4,0.0015029655308518217,180.35586370221858
ME1 BM4,1986-06-30 23:59:59.999999999,1986-07-31 23:59:59.999999999,1987-06-30 23:59:59.999999999,12,-9.084966756243637e-05,10,4,0.007126160279455263,855.1392335346316
ME2 BM5,1986-06-30 23:59:59.999999999,1986-07-31 23:59:59.999999999,1987-06-30 23:59:59.999999999,12,-0.00012621919216040676,11,3,0.0010324422371693067,123.89306846031681
ME1 BM2,1986-06-30 23:59:59.999999999,1986-07-31 23:59:59.999999999,1987-06-30 23:59:59.999999999,12,-0.00014031297979900936,12,3,0.0014708269574195932,176.4992348903512
ME4 BM3,1986-06-30 23:59:59.999999999,1986-07-31 23:59:59.999999999,1987-06-30 23:59:59.999999999,12,-0.00016475516765922493,13,3,-0.0007345400541529057,-88.14480649834867
BIG LoBM,1986-06-30 23:59:59.999999999,1986-07-31 23:59:59.999999999,1987-06-30 23:59:59.999999999,12,-0.00028698420539379567,14,3,0.001769052418623379,212.28629023480545
ME3 BM2,1986-06-30 23:59:59.999999999,1986-07-31 23:59:59.999999999,1987-06-30 23:59:59.999999999,12,-0.00028954916347930643,15,3,0.0001606925051885564,19.283100622626765
ME4 BM2,1986-06-30 23:59:59.999999999,1986-07-31 23:59:59.999999999,1987-06-30 23:59:59.999999999,12,-0.00047699443462798346,16,2,0.001247979399658044,149.75752795896528
ME3 BM3,1986-06-30 23:59:59.999999999,1986-07-31 23:59:59.999999999,1987-06-30 23:59:59.999999999,12,-0.0005157045637385029,17,2,-0.0067859762970881865,-814.3171556505824
ME3 BM4,1986-06-30 23:59:59.999999999,1986-07-31 23:59:59.999999999,1987-06-30 23:59:59.999999999,12,-0.0005295772915839632,18,2,0.0030703893410683933,368.4467209282072
ME2 BM1,1986-06-30 23:59:59.999999999,1986-07-31 23:59:59.999999999,1987-06-30 23:59:59.999999999,12,-0.0008016382649035899,19,2,-0.00048178374205401237,-57.814049046481486
ME4 BM5,1986-06-30 23:59:59.999999999,1986-07-31 23:59:59.999999999,1987-06-30 23:59:59.999999999,12,-0.000978477553609725,20,2,-0.0034608928262742818,-415.3071391529138
ME3 BM5,1986-06-30 23:59:59.999999999,1986-07-31 23:59:59.999999999,1987-06-30 23:59:59.999999999,12,-0.0010682389701199711,21,1,0.0019618241530651712,235.41889836782056
ME2 BM3,1986-06-30 23:59:59.999999999,1986-07-31 23:59:59.999999999,1987-06-30 23:59:59.999999999,12,-0.0012856035907876711,22,1,-0.002270385646117082,-272.44627753404984
ME4 BM4,1986-06-30 23:59:59.999999999,1986-07-31 23:59:59.999999999,1987-06-30 23:59:59.999999999,12,-0.0013800842970456517,23,1,-9.574626953786122e-05,-11.489552344543345
BIG HiBM,1986-06-30 23:59:59.999999999,1986-07-31 23:59:59.999999999,1987-06-30 23:59:59.999999999,12,-0.0015391449425532994,24,1,0.002258239910651189,270.9887892781427
SMALL LoBM,1986-06-30 23:59:59.999999999,1986-07-31 23:59:59.999999999,1987-06-30 23:59:59.999999999,12,-0.001985151072507089,25,1,-0.005407712878369935,-648.9255454043922
ME2 BM4,1987-06-30 23:59:59.999999999,1987-07-31 23:59:59.999999999,1988-06-30 23:59:59.999999999,12,0.0013961242995564446,1,5,0.002883451222091474,346.0141466509769
ME5 BM2,1987-06-30 23:59:59.999999999,1987-07-31 23:59:59.999999999,1988-06-30 23:59:59.999999999,12,0.001185814971636344,2,5,-0.0020162231876939742,-241.9467825232769
ME5 BM3,1987-06-30 23:59:59.999999999,1987-07-31 23:59:59.999999999,1988-06-30 23:59:59.999999999,12,0.0006866377443283042,3,5,0.001918532626382598,230.22391516591176
ME4 BM1,1987-06-30 23:59:59.999999999,1987-07-31 23:59:59.999999999,1988-06-30 23:59:59.999999999,12,0.0006054366492487125,4,5,0.006638697128428526,796.6436554114231
ME3 BM1,1987-06-30 23:59:59.999999999,1987-07-31 23:59:59.999999999,1988-06-30 23:59:59.999999999,12,0.0005498897811888775,5,5,0.0024489751478201233,293.8770177384148
ME1 BM4,1987-06-30 23:59:59.999999999,1987-07-31 23:59:59.999999999,1988-06-30 23:59:59.999999999,12,0.0002657181845124866,6,4,-0.0033762672468861006,-405.1520696263321
ME2 BM2,1987-06-30 23:59:59.999999999,1987-07-31 23:59:59.999999999,1988-06-30 23:59:59.999999999,12,0.0002595322640472284,7,4,0.009713788250785945,1165.6545900943133
SMALL HiBM,1987-06-30 23:59:59.999999999,1987-07-31 23:59:59.999999999,1988-06-30 23:59:59.999999999,12,6.856841171990911e-05,8,4,-0.002734152069959145,-328.0982483950974
ME5 BM4,1987-06-30 23:59:59.999999999,1987-07-31 23:59:59.999999999,1988-06-30 23:59:59.999999999,12,2.8144908043810357e-05,9,4,-0.0017516201034288043,-210.1944124114565
ME1 BM2,1987-06-30 23:59:59.999999999,1987-07-31 23:59:59.999999999,1988-06-30 23:59:59.999999999,12,-0.0001906011193616151,10,4,-0.0008416591401075537,-100.99909681290644
ME3 BM5,1987-06-30 23:59:59.999999999,1987-07-31 23:59:59.999999999,1988-06-30 23:59:59.999999999,12,-0.0003140301335519509,11,3,-0.0006870902483986249,-82.45082980783499
ME1 BM3,1987-06-30 23:59:59.999999999,1987-07-31 23:59:59.999999999,1988-06-30 23:59:59.999999999,12,-0.0003170507121955859,12,3,-0.0013139900076218104,-157.67880091461726
ME2 BM5,1987-06-30 23:59:59.999999999,1987-07-31 23:59:59.999999999,1988-06-30 23:59:59.999999999,12,-0.00035695110892151535,13,3,0.0035269235654784245,423.23082785741093
BIG LoBM,1987-06-30 23:59:59.999999999,1987-07-31 23:59:59.999999999,1988-06-30 23:59:59.999999999,12,-0.0003636549298460657,14,3,-0.0015604254472775492,-187.25105367330593
ME3 BM4,1987-06-30 23:59:59.999999999,1987-07-31 23:59:59.999999999,1988-06-30 23:59:59.999999999,12,-0.0006158750979542802,15,3,0.002457558918800239,294.90707025602865
ME3 BM2,1987-06-30 23:59:59.999999999,1987-07-31 23:59:59.999999999,1988-06-30 23:59:59.999999999,12,-0.0006280746883781473,16,2,0.0026549609431106513,318.59531317327816
ME4 BM2,1987-06-30 23:59:59.999999999,1987-07-31 23:59:59.999999999,1988-06-30 23:59:59.999999999,12,-0.0006378510082203059,17,2,0.0074097608292376166,889.1712995085139
ME4 BM3,1987-06-30 23:59:59.999999999,1987-07-31 23:59:59.999999999,1988-06-30 23:59:59.999999999,12,-0.0006851698212299614,18,2,0.003717150458983225,446.058055077987
ME2 BM1,1987-06-30 23:59:59.999999999,1987-07-31 23:59:59.999999999,1988-06-30 23:59:59.999999999,12,-0.0011307458971021526,19,2,-0.00112129117789816,-134.5549413477792
ME3 BM3,1987-06-30 23:59:59.999999999,1987-07-31 23:59:59.999999999,1988-06-30 23:59:59.999999999,12,-0.001147035416843351,20,2,0.0014458398967397692,173.5007876087723
ME4 BM4,1987-06-30 23:59:59.999999999,1987-07-31 23:59:59.999999999,1988-06-30 23:59:59.999999999,12,-0.001427594224295117,21,1,-0.000486279234121511,-58.35350809458132
ME2 BM3,1987-06-30 23:59:59.999999999,1987-07-31 23:59:59.999999999,1988-06-30 23:59:59.999999999,12,-0.001487905785900677,22,1,0.0038782019029041125,465.38422834849354
BIG HiBM,1987-06-30 23:59:59.999999999,1987-07-31 23:59:59.999999999,1988-06-30 23:59:59.999999999,12,-0.0016000860455446764,23,1,-0.0019740057585615946,-236.88069102739135
ME4 BM5,1987-06-30 23:59:59.999999999,1987-07-31 23:59:59.999999999,1988-06-30 23:59:59.999999999,12,-0.0016205223544932743,24,1,0.004034739941612145,484.1687929934574
SMALL LoBM,1987-06-30 23:59:59.999999999,1987-07-31 23:59:59.999999999,1988-06-30 23:59:59.999999999,12,-0.0018386907052148048,25,1,-0.013939180774143906,-1672.7016928972687
ME4 BM1,1988-06-30 23:59:59.999999999,1988-07-31 23:59:59.999999999,1989-06-30 23:59:59.999999999,12,0.0012814181634227162,1,5,-0.002265882636797512,-271.9059164157014
ME5 BM2,1988-06-30 23:59:59.999999999,1988-07-31 23:59:59.999999999,1989-06-30 23:59:59.999999999,12,0.0011880972482261102,2,5,-0.000382534861673778,-45.904183400853356
ME2 BM4,1988-06-30 23:59:59.999999999,1988-07-31 23:59:59.999999999,1989-06-30 23:59:59.999999999,12,0.0011706255754678253,3,5,-0.0007347527074799746,-88.17032489759696
ME2 BM2,1988-06-30 23:59:59.999999999,1988-07-31 23:59:59.999999999,1989-06-30 23:59:59.999999999,12,0.0008695561673250679,4,5,-0.0020268963988179576,-243.2275678581549
ME5 BM3,1988-06-30 23:59:59.999999999,1988-07-31 23:59:59.999999999,1989-06-30 23:59:59.999999999,12,0.0007641507274531547,5,5,-0.0023262932492433925,-279.1551899092071
ME5 BM4,1988-06-30 23:59:59.999999999,1988-07-31 23:59:59.999999999,1989-06-30 23:59:59.999999999,12,0.0003928803844196644,6,4,-0.0016960393828033004,-203.52472593639607
ME4 BM3,1988-06-30 23:59:59.999999999,1988-07-31 23:59:59.999999999,1989-06-30 23:59:59.999999999,12,0.00020906922942101174,7,4,-0.0016640428254481494,-199.68513905377793
SMALL HiBM,1988-06-30 23:59:59.999999999,1988-07-31 23:59:59.999999999,1989-06-30 23:59:59.999999999,12,0.00017164876474868993,8,4,-0.001906234031866597,-228.74808382399164
ME1 BM4,1988-06-30 23:59:59.999999999,1988-07-31 23:59:59.999999999,1989-06-30 23:59:59.999999999,12,0.0001582570714736423,9,4,0.0015569522496986104,186.83426996383326
ME1 BM2,1988-06-30 23:59:59.999999999,1988-07-31 23:59:59.999999999,1989-06-30 23:59:59.999999999,12,5.466593027288766e-05,10,4,0.001439590217288553,172.75082607462636
ME3 BM1,1988-06-30 23:59:59.999999999,1988-07-31 23:59:59.999999999,1989-06-30 23:59:59.999999999,12,-2.154429867750262e-05,11,3,-0.0017773116669517403,-213.27740003420882
ME3 BM2,1988-06-30 23:59:59.999999999,1988-07-31 23:59:59.999999999,1989-06-30 23:59:59.999999999,12,-2.2694158285728298e-05,12,3,-0.001422905138623342,-170.74861663480104
ME2 BM5,1988-06-30 23:59:59.999999999,1988-07-31 23:59:59.999999999,1989-06-30 23:59:59.999999999,12,-0.00010311991114715044,13,3,0.0027145691495810247,325.74829794972294
ME3 BM4,1988-06-30 23:59:59.999999999,1988-07-31 23:59:59.999999999,1989-06-30 23:59:59.999999999,12,-0.00012867667133067122,14,3,0.001667347176034739,200.08166112416868
ME1 BM3,1988-06-30 23:59:59.999999999,1988-07-31 23:59:59.999999999,1989-06-30 23:59:59.999999999,12,-0.00020061977794930548,15,3,-0.0007868277382873677,-94.41932859448411
ME3 BM5,1988-06-30 23:59:59.999999999,1988-07-31 23:59:59.999999999,1989-06-30 23:59:59.999999999,12,-0.00022451124819475437,16,2,0.0020746792029584463,248.96150435501357
ME4 BM2,1988-06-30 23:59:59.999999999,1988-07-31 23:59:59.999999999,1989-06-30 23:59:59.999999999,12,-0.00023324303632075,17,2,-0.005040226984027736,-604.8272380833283
BIG LoBM,1988-06-30 23:59:59.999999999,1988-07-31 23:59:59.999999999,1989-06-30 23:59:59.999999999,12,-0.0005896941138144234,18,2,0.005847910423185543,701.7492507822651
ME2 BM1,1988-06-30 23:59:59.999999999,1988-07-31 23:59:59.999999999,1989-06-30 23:59:59.999999999,12,-0.0008288911963833876,19,2,-0.003955710956666272,-474.6853147999526
ME2 BM3,1988-06-30 23:59:59.999999999,1988-07-31 23:59:59.999999999,1989-06-30 23:59:59.999999999,12,-0.001082743553192544,20,2,0.0036469295697724078,437.63154837268894
ME3 BM3,1988-06-30 23:59:59.999999999,1988-07-31 23:59:59.999999999,1989-06-30 23:59:59.999999999,12,-0.0011780791467682137,21,1,-0.0038282125876594676,-459.3855105191361
BIG HiBM,1988-06-30 23:59:59.999999999,1988-07-31 23:59:59.999999999,1989-06-30 23:59:59.999999999,12,-0.0012178353174999762,22,1,-0.003131821782416435,-375.8186138899722
ME4 BM5,1988-06-30 23:59:59.999999999,1988-07-31 23:59:59.999999999,1989-06-30 23:59:59.999999999,12,-0.0014282663969144315,23,1,0.010526327541375427,1263.1593049650514
ME4 BM4,1988-06-30 23:59:59.999999999,1988-07-31 23:59:59.999999999,1989-06-30 23:59:59.999999999,12,-0.0016147480271167958,24,1,0.0001094712814372692,13.136553772472304
SMALL LoBM,1988-06-30 23:59:59.999999999,1988-07-31 23:59:59.999999999,1989-06-30 23:59:59.999999999,12,-0.002146460391717642,25,1,-0.011580639110022052,-1389.6766932026464
ME4 BM1,1989-06-30 23:59:59.999999999,1989-07-31 23:59:59.999999999,1990-06-30 23:59:59.999999999,12,0.001356490457314393,1,5,0.0021415137821015704,256.98165385218846
ME2 BM4,1989-06-30 23:59:59.999999999,1989-07-31 23:59:59.999999999,1990-06-30 23:59:59.999999999,12,0.0012372941781932027,2,5,0.0053223634910297855,638.6836189235743
ME2 BM2,1989-06-30 23:59:59.999999999,1989-07-31 23:59:59.999999999,1990-06-30 23:59:59.999999999,12,0.0009445009762124068,3,5,0.0024731852211701735,296.7822265404208
ME5 BM2,1989-06-30 23:59:59.999999999,1989-07-31 23:59:59.999999999,1990-06-30 23:59:59.999999999,12,0.0006658526667408049,4,5,-0.002117813235215514,-254.13758822586166
ME1 BM4,1989-06-30 23:59:59.999999999,1989-07-31 23:59:59.999999999,1990-06-30 23:59:59.999999999,12,0.00043390667920467207,5,5,0.0046002226459784515,552.0267175174141
ME1 BM2,1989-06-30 23:59:59.999999999,1989-07-31 23:59:59.999999999,1990-06-30 23:59:59.999999999,12,0.0003983983861709211,6,4,-0.001367132746052822,-164.05592952633864
ME5 BM3,1989-06-30 23:59:59.999999999,1989-07-31 23:59:59.999999999,1990-06-30 23:59:59.999999999,12,0.00036743877471042557,7,4,-0.004918791878839285,-590.2550254607141
ME3 BM2,1989-06-30 23:59:59.999999999,1989-07-31 23:59:59.999999999,1990-06-30 23:59:59.999999999,12,0.00033911542943401935,8,4,0.0006573272449455441,78.8792693934653
ME5 BM4,1989-06-30 23:59:59.999999999,1989-07-31 23:59:59.999999999,1990-06-30 23:59:59.999999999,12,0.0003246492076522256,9,4,-0.0007906510231732979,-94.87812278079575
ME3 BM1,1989-06-30 23:59:59.999999999,1989-07-31 23:59:59.999999999,1990-06-30 23:59:59.999999999,12,0.0003109157743975142,10,4,0.0002987709817142457,35.85251780570948
ME1 BM3,1989-06-30 23:59:59.999999999,1989-07-31 23:59:59.999999999,1990-06-30 23:59:59.999999999,12,0.0002549995147182866,11,3,0.0018618621099222236,223.42345319066683
SMALL HiBM,1989-06-30 23:59:59.999999999,1989-07-31 23:59:59.999999999,1990-06-30 23:59:59.999999999,12,7.190031302340522e-05,12,3,-0.0038026559498990143,-456.3187139878817
ME4 BM3,1989-06-30 23:59:59.999999999,1989-07-31 23:59:59.999999999,1990-06-30 23:59:59.999999999,12,3.2382790984493794e-05,13,3,-0.00682600953160565,-819.121143792678
ME4 BM2,1989-06-30 23:59:59.999999999,1989-07-31 23:59:59.999999999,1990-06-30 23:59:59.999999999,12,-2.4217513904295517e-05,14,3,-0.001438346026560296,-172.60152318723553
ME3 BM4,1989-06-30 23:59:59.999999999,1989-07-31 23:59:59.999999999,1990-06-30 23:59:59.999999999,12,-4.8296703287253656e-05,15,3,-0.0017876423236239559,-214.51707883487472
ME2 BM5,1989-06-30 23:59:59.999999999,1989-07-31 23:59:59.999999999,1990-06-30 23:59:59.999999999,12,-0.0001743570887789062,16,2,-0.005577521568991523,-669.3025882789829
ME4 BM5,1989-06-30 23:59:59.999999999,1989-07-31 23:59:59.999999999,1990-06-30 23:59:59.999999999,12,-0.00018555049165555973,17,2,0.0023634535737060633,283.61442884472757
BIG HiBM,1989-06-30 23:59:59.999999999,1989-07-31 23:59:59.999999999,1990-06-30 23:59:59.999999999,12,-0.0002509851699531612,18,2,0.005320847606511571,638.5017127813886
ME2 BM3,1989-06-30 23:59:59.999999999,1989-07-31 23:59:59.999999999,1990-06-30 23:59:59.999999999,12,-0.0003560193940586475,19,2,0.004985433667434495,598.2520400921394
BIG LoBM,1989-06-30 23:59:59.999999999,1989-07-31 23:59:59.999999999,1990-06-30 23:59:59.999999999,12,-0.00036031578094987426,20,2,0.0038396344741489495,460.75613689787394
ME3 BM5,1989-06-30 23:59:59.999999999,1989-07-31 23:59:59.999999999,1990-06-30 23:59:59.999999999,12,-0.0008783444981184191,21,1,0.00039085964577650277,46.90315749318034
ME2 BM1,1989-06-30 23:59:59.999999999,1989-07-31 23:59:59.999999999,1990-06-30 23:59:59.999999999,12,-0.0015823933814384378,22,1,-0.0014383522852170702,-172.60227422604842
ME3 BM3,1989-06-30 23:59:59.999999999,1989-07-31 23:59:59.999999999,1990-06-30 23:59:59.999999999,12,-0.0018166370958896875,23,1,-0.0018190672507804294,-218.28807009365153
ME4 BM4,1989-06-30 23:59:59.999999999,1989-07-31 23:59:59.999999999,1990-06-30 23:59:59.999999999,12,-0.0020947718891549823,24,1,-0.0008331138288649162,-99.97365946378994
SMALL LoBM,1989-06-30 23:59:59.999999999,1989-07-31 23:59:59.999999999,1990-06-30 23:59:59.999999999,12,-0.002272931139502449,25,1,-0.001712612784819216,-205.51353417830592
ME2 BM4,1990-06-30 23:59:59.999999999,1990-07-31 23:59:59.999999999,1991-06-30 23:59:59.999999999,12,0.0022023967085594088,1,5,0.003950986052703384,474.11832632440615
ME4 BM1,1990-06-30 23:59:59.999999999,1990-07-31 23:59:59.999999999,1991-06-30 23:59:59.999999999,12,0.0013036844560160668,2,5,0.006185421810491545,742.2506172589855
ME1 BM3,1990-06-30 23:59:59.999999999,1990-07-31 23:59:59.999999999,1991-06-30 23:59:59.999999999,12,0.0011898982750311693,3,5,0.0022973576097518487,275.68291317022187
ME2 BM3,1990-06-30 23:59:59.999999999,1990-07-31 23:59:59.999999999,1991-06-30 23:59:59.999999999,12,0.0011847181999215806,4,5,0.0020401048999183677,244.81258799020412
BIG LoBM,1990-06-30 23:59:59.999999999,1990-07-31 23:59:59.999999999,1991-06-30 23:59:59.999999999,12,0.0008147293401465435,5,5,0.00287233846278645,344.680615534374
BIG HiBM,1990-06-30 23:59:59.999999999,1990-07-31 23:59:59.999999999,1991-06-30 23:59:59.999999999,12,0.0005845948434709642,6,4,-0.0038420019781432307,-461.0402373771877
ME1 BM4,1990-06-30 23:59:59.999999999,1990-07-31 23:59:59.999999999,1991-06-30 23:59:59.999999999,12,0.0005317630550048754,7,4,0.001759638103407076,211.15657240884912
ME2 BM2,1990-06-30 23:59:59.999999999,1990-07-31 23:59:59.999999999,1991-06-30 23:59:59.999999999,12,0.0004121304635891129,8,4,-0.003931830061127063,-471.8196073352476
ME4 BM2,1990-06-30 23:59:59.999999999,1990-07-31 23:59:59.999999999,1991-06-30 23:59:59.999999999,12,0.00036671698674227177,9,4,-0.0008785840792947718,-105.43008951537261
ME3 BM2,1990-06-30 23:59:59.999999999,1990-07-31 23:59:59.999999999,1991-06-30 23:59:59.999999999,12,0.0003499311346739873,10,4,0.0033214555312597403,398.5746637511688
ME2 BM5,1990-06-30 23:59:59.999999999,1990-07-31 23:59:59.999999999,1991-06-30 23:59:59.999999999,12,0.00021310090235937987,11,3,0.0006713883710238105,80.56660452285726
ME1 BM2,1990-06-30 23:59:59.999999999,1990-07-31 23:59:59.999999999,1991-06-30 23:59:59.999999999,12,0.00016913749633663139,12,3,-0.005702373835392333,-684.28486024708
ME5 BM3,1990-06-30 23:59:59.999999999,1990-07-31 23:59:59.999999999,1991-06-30 23:59:59.999999999,12,0.00011371104947680274,13,3,-0.002517450627809701,-302.0940753371641
ME4 BM5,1990-06-30 23:59:59.999999999,1990-07-31 23:59:59.999999999,1991-06-30 23:59:59.999999999,12,4.2365361222479186e-05,14,3,-0.003250410225463379,-390.04922705560546
SMALL HiBM,1990-06-30 23:59:59.999999999,1990-07-31 23:59:59.999999999,1991-06-30 23:59:59.999999999,12,2.585726730311386e-05,15,3,-0.00288633540117825,-346.36024814139
ME3 BM4,1990-06-30 23:59:59.999999999,1990-07-31 23:59:59.999999999,1991-06-30 23:59:59.999999999,12,-3.479665834772492e-05,16,2,0.006420882031150804,770.5058437380966
ME5 BM2,1990-06-30 23:59:59.999999999,1990-07-31 23:59:59.999999999,1991-06-30 23:59:59.999999999,12,-7.777768002419384e-05,17,2,-0.0025532832910400136,-306.39399492480163
ME3 BM1,1990-06-30 23:59:59.999999999,1990-07-31 23:59:59.999999999,1991-06-30 23:59:59.999999999,12,-0.00016187287850980667,18,2,-0.0010847081152509346,-130.16497383011216
ME5 BM4,1990-06-30 23:59:59.999999999,1990-07-31 23:59:59.999999999,1991-06-30 23:59:59.999999999,12,-0.00048212652299704675,19,2,-0.0007265398538680775,-87.1847824641693
ME3 BM5,1990-06-30 23:59:59.999999999,1990-07-31 23:59:59.999999999,1991-06-30 23:59:59.999999999,12,-0.0005885045107515003,20,2,-0.005153335635296024,-618.4002762355229
ME3 BM3,1990-06-30 23:59:59.999999999,1990-07-31 23:59:59.999999999,1991-06-30 23:59:59.999999999,12,-0.0011768549294260066,21,1,0.002392089155671877,287.05069868062526
ME4 BM3,1990-06-30 23:59:59.999999999,1990-07-31 23:59:59.999999999,1991-06-30 23:59:59.999999999,12,-0.0012524130900307948,22,1,0.00031292508661657885,37.551010393989465
ME4 BM4,1990-06-30 23:59:59.999999999,1990-07-31 23:59:59.999999999,1991-06-30 23:59:59.999999999,12,-0.0013690649834081517,23,1,0.005324115783990248,638.8938940788297
ME2 BM1,1990-06-30 23:59:59.999999999,1990-07-31 23:59:59.999999999,1991-06-30 23:59:59.999999999,12,-0.001696911769684972,24,1,-0.0003513545221118586,-42.16254265342303
SMALL LoBM,1990-06-30 23:59:59.999999999,1990-07-31 23:59:59.999999999,1991-06-30 23:59:59.999999999,12,-0.0028390635081265454,25,1,-0.0101348211487291,-1216.1785378474922
ME2 BM4,1991-06-30 23:59:59.999999999,1991-07-31 23:59:59.999999999,1992-06-30 23:59:59.999999999,12,0.0032887362720010077,1,5,-0.0012857389493043827,-154.28867391652594
BIG LoBM,1991-06-30 23:59:59.999999999,1991-07-31 23:59:59.999999999,1992-06-30 23:59:59.999999999,12,0.0027364822141097978,2,5,0.008285179209232869,994.2215051079443
ME1 BM4,1991-06-30 23:59:59.999999999,1991-07-31 23:59:59.999999999,1992-06-30 23:59:59.999999999,12,0.002483864974912411,3,5,0.0012713229875118144,152.5587585014177
ME2 BM3,1991-06-30 23:59:59.999999999,1991-07-31 23:59:59.999999999,1992-06-30 23:59:59.999999999,12,0.002464901471467761,4,5,0.0008244668970931386,98.93602765117663
ME4 BM1,1991-06-30 23:59:59.999999999,1991-07-31 23:59:59.999999999,1992-06-30 23:59:59.999999999,12,0.0018029631903297542,5,5,0.003596549135445782,431.5858962534938
ME3 BM2,1991-06-30 23:59:59.999999999,1991-07-31 23:59:59.999999999,1992-06-30 23:59:59.999999999,12,0.0015092160125814344,6,4,0.00021994651833387042,26.39358220006445
ME1 BM3,1991-06-30 23:59:59.999999999,1991-07-31 23:59:59.999999999,1992-06-30 23:59:59.999999999,12,0.0013728600195154841,7,4,-0.005843008947052219,-701.1610736462663
ME3 BM4,1991-06-30 23:59:59.999999999,1991-07-31 23:59:59.999999999,1992-06-30 23:59:59.999999999,12,0.001032611941713169,8,4,0.0035089589693244345,421.07507631893213
ME2 BM2,1991-06-30 23:59:59.999999999,1991-07-31 23:59:59.999999999,1992-06-30 23:59:59.999999999,12,0.0006891198506968179,9,4,-0.006729443540124163,-807.5332248148997
ME4 BM5,1991-06-30 23:59:59.999999999,1991-07-31 23:59:59.999999999,1992-06-30 23:59:59.999999999,12,0.00042699564146178625,10,4,0.005475767501133703,657.0921001360445
ME3 BM5,1991-06-30 23:59:59.999999999,1991-07-31 23:59:59.999999999,1992-06-30 23:59:59.999999999,12,0.00015031288475685257,11,3,0.015218808849118005,1826.2570618941606
SMALL HiBM,1991-06-30 23:59:59.999999999,1991-07-31 23:59:59.999999999,1992-06-30 23:59:59.999999999,12,2.7769540368661937e-05,12,3,0.005581424838250744,669.7709805900893
ME5 BM2,1991-06-30 23:59:59.999999999,1991-07-31 23:59:59.999999999,1992-06-30 23:59:59.999999999,12,-0.0001753260807207305,13,3,-0.0024604010792736034,-295.2481295128324
ME3 BM1,1991-06-30 23:59:59.999999999,1991-07-31 23:59:59.999999999,1992-06-30 23:59:59.999999999,12,-0.00019040132394683684,14,3,0.004173730651351324,500.8476781621589
ME4 BM4,1991-06-30 23:59:59.999999999,1991-07-31 23:59:59.999999999,1992-06-30 23:59:59.999999999,12,-0.000253209894220816,15,3,0.00041236245368181406,49.48349444181769
BIG HiBM,1991-06-30 23:59:59.999999999,1991-07-31 23:59:59.999999999,1992-06-30 23:59:59.999999999,12,-0.00043212390315608846,16,2,0.0048778735493482505,585.3448259217901
ME4 BM2,1991-06-30 23:59:59.999999999,1991-07-31 23:59:59.999999999,1992-06-30 23:59:59.999999999,12,-0.0007692707171780259,17,2,-0.0015990767911159313,-191.88921493391177
ME1 BM2,1991-06-30 23:59:59.999999999,1991-07-31 23:59:59.999999999,1992-06-30 23:59:59.999999999,12,-0.0009700938372833855,18,2,0.006994748421545835,839.3698105855002
ME2 BM5,1991-06-30 23:59:59.999999999,1991-07-31 23:59:59.999999999,1992-06-30 23:59:59.999999999,12,-0.0010396424867228098,19,2,0.0015173658355333566,182.08390026400278
ME3 BM3,1991-06-30 23:59:59.999999999,1991-07-31 23:59:59.999999999,1992-06-30 23:59:59.999999999,12,-0.0013164287293862037,20,2,-0.00032268982076165756,-38.722778491398905
ME5 BM3,1991-06-30 23:59:59.999999999,1991-07-31 23:59:59.999999999,1992-06-30 23:59:59.999999999,12,-0.0013435722373516812,21,1,-0.0015583369182909574,-187.00043019491488
ME5 BM4,1991-06-30 23:59:59.999999999,1991-07-31 23:59:59.999999999,1992-06-30 23:59:59.999999999,12,-0.001956675208774156,22,1,-0.001594095161372231,-191.29141936466772
ME4 BM3,1991-06-30 23:59:59.999999999,1991-07-31 23:59:59.999999999,1992-06-30 23:59:59.999999999,12,-0.0019777804887640177,23,1,-0.0016990956154045202,-203.89147384854243
ME2 BM1,1991-06-30 23:59:59.999999999,1991-07-31 23:59:59.999999999,1992-06-30 23:59:59.999999999,12,-0.003142421966095462,24,1,-0.0002857917684756818,-34.29501221708181
SMALL LoBM,1991-06-30 23:59:59.999999999,1991-07-31 23:59:59.999999999,1992-06-30 23:59:59.999999999,12,-0.00717285903022912,25,1,-0.001089347657228508,-130.72171886742098
BIG LoBM,1992-06-30 23:59:59.999999999,1992-07-31 23:59:59.999999999,1993-06-30 23:59:59.999999999,12,0.0029695816885902267,1,5,-0.005592781225950821,-671.1337471140985
ME2 BM3,1992-06-30 23:59:59.999999999,1992-07-31 23:59:59.999999999,1993-06-30 23:59:59.999999999,12,0.0027922786114266663,2,5,0.004082558486331187,489.90701835974244
ME2 BM4,1992-06-30 23:59:59.999999999,1992-07-31 23:59:59.999999999,1993-06-30 23:59:59.999999999,12,0.002639403153903617,3,5,0.004431347784582589,531.7617341499108
ME1 BM4,1992-06-30 23:59:59.999999999,1992-07-31 23:59:59.999999999,1993-06-30 23:59:59.999999999,12,0.0021742950282663703,4,5,0.00015270994492276214,18.325193390731457
ME4 BM1,1992-06-30 23:59:59.999999999,1992-07-31 23:59:59.999999999,1993-06-30 23:59:59.999999999,12,0.0021343344614389663,5,5,0.007533231012025294,903.9877214430353
ME3 BM4,1992-06-30 23:59:59.999999999,1992-07-31 23:59:59.999999999,1993-06-30 23:59:59.999999999,12,0.0018503971314727397,6,4,0.0023917746915850355,287.0129629902043
ME3 BM5,1992-06-30 23:59:59.999999999,1992-07-31 23:59:59.999999999,1993-06-30 23:59:59.999999999,12,0.0012014842483208381,7,4,-0.0009238339952158573,-110.86007942590287
ME3 BM2,1992-06-30 23:59:59.999999999,1992-07-31 23:59:59.999999999,1993-06-30 23:59:59.999999999,12,0.0009466894420307166,8,4,0.010134377156389889,1216.1252587667868
ME4 BM5,1992-06-30 23:59:59.999999999,1992-07-31 23:59:59.999999999,1993-06-30 23:59:59.999999999,12,0.0008259653785377686,9,4,-0.0009602436304531938,-115.22923565438326
ME4 BM4,1992-06-30 23:59:59.999999999,1992-07-31 23:59:59.999999999,1993-06-30 23:59:59.999999999,12,0.00037293719352217306,10,4,0.0019679252834726942,236.15103401672332
ME3 BM1,1992-06-30 23:59:59.999999999,1992-07-31 23:59:59.999999999,1993-06-30 23:59:59.999999999,12,0.0003397129182869573,11,3,0.004685105443526772,562.2126532232126
SMALL HiBM,1992-06-30 23:59:59.999999999,1992-07-31 23:59:59.999999999,1993-06-30 23:59:59.999999999,12,0.000269065088967046,12,3,0.0023440922371680967,281.2910684601716
ME1 BM3,1992-06-30 23:59:59.999999999,1992-07-31 23:59:59.999999999,1993-06-30 23:59:59.999999999,12,0.00025769581079070417,13,3,0.00028139966036303725,33.76795924356447
ME1 BM2,1992-06-30 23:59:59.999999999,1992-07-31 23:59:59.999999999,1993-06-30 23:59:59.999999999,12,0.0002385682142286154,14,3,-0.005422748789652922,-650.7298547583507
BIG HiBM,1992-06-30 23:59:59.999999999,1992-07-31 23:59:59.999999999,1993-06-30 23:59:59.999999999,12,-0.0001983955495427413,15,3,-0.0029532859601732763,-354.3943152207932
ME2 BM2,1992-06-30 23:59:59.999999999,1992-07-31 23:59:59.999999999,1993-06-30 23:59:59.999999999,12,-0.000567841735942593,16,2,-0.0001969167779437112,-23.630013353245346
ME5 BM2,1992-06-30 23:59:59.999999999,1992-07-31 23:59:59.999999999,1993-06-30 23:59:59.999999999,12,-0.000853526026269934,17,2,0.009403639328940295,1128.4367194728354
ME4 BM2,1992-06-30 23:59:59.999999999,1992-07-31 23:59:59.999999999,1993-06-30 23:59:59.999999999,12,-0.000883123754265797,18,2,0.004468492357682299,536.2190829218758
ME3 BM3,1992-06-30 23:59:59.999999999,1992-07-31 23:59:59.999999999,1993-06-30 23:59:59.999999999,12,-0.0010326740674664085,19,2,0.0017958010848821715,215.49613018586058
ME2 BM5,1992-06-30 23:59:59.999999999,1992-07-31 23:59:59.999999999,1993-06-30 23:59:59.999999999,12,-0.0012242837476195269,20,2,0.0008260605507860987,99.12726609433184
ME5 BM4,1992-06-30 23:59:59.999999999,1992-07-31 23:59:59.999999999,1993-06-30 23:59:59.999999999,12,-0.0013489697188142583,21,1,0.0006763234776018933,81.1588173122272
ME5 BM3,1992-06-30 23:59:59.999999999,1992-07-31 23:59:59.999999999,1993-06-30 23:59:59.999999999,12,-0.0015746008532361022,22,1,-0.0010440186449047798,-125.28223738857359
ME4 BM3,1992-06-30 23:59:59.999999999,1992-07-31 23:59:59.999999999,1993-06-30 23:59:59.999999999,12,-0.0019652064067350906,23,1,0.002079837121887377,249.58045462648525
ME2 BM1,1992-06-30 23:59:59.999999999,1992-07-31 23:59:59.999999999,1993-06-30 23:59:59.999999999,12,-0.0026132800715010975,24,1,-0.004368569209013914,-524.2283050816698
SMALL LoBM,1992-06-30 23:59:59.999999999,1992-07-31 23:59:59.999999999,1993-06-30 23:59:59.999999999,12,-0.004980124477513935,25,1,-0.012316332384836226,-1477.9598861803472
ME2 BM3,1993-06-30 23:59:59.999999999,1993-07-31 23:59:59.999999999,1994-06-30 23:59:59.999999999,12,0.0025437665837187906,1,5,0.003602718010801073,432.32616129612876
ME2 BM4,1993-06-30 23:59:59.999999999,1993-07-31 23:59:59.999999999,1994-06-30 23:59:59.999999999,12,0.002266808251069008,2,5,-0.001986732337583702,-238.40788051004424
ME4 BM1,1993-06-30 23:59:59.999999999,1993-07-31 23:59:59.999999999,1994-06-30 23:59:59.999999999,12,0.0021216772213564863,3,5,-0.0014599107600770042,-175.1892912092405
ME1 BM4,1993-06-30 23:59:59.999999999,1993-07-31 23:59:59.999999999,1994-06-30 23:59:59.999999999,12,0.0018860282464412614,4,5,0.0017800864390440582,213.610372685287
BIG LoBM,1993-06-30 23:59:59.999999999,1993-07-31 23:59:59.999999999,1994-06-30 23:59:59.999999999,12,0.0018821842839259958,5,5,0.002203625383988753,264.4350460786504
ME3 BM4,1993-06-30 23:59:59.999999999,1993-07-31 23:59:59.999999999,1994-06-30 23:59:59.999999999,12,0.0018696690058688941,6,4,-0.000713139304176603,-85.57671650119235
ME3 BM2,1993-06-30 23:59:59.999999999,1993-07-31 23:59:59.999999999,1994-06-30 23:59:59.999999999,12,0.00153448231179034,7,4,0.0016611643128963637,199.33971754756362
ME4 BM5,1993-06-30 23:59:59.999999999,1993-07-31 23:59:59.999999999,1994-06-30 23:59:59.999999999,12,0.0010680281270063845,8,4,-0.00943552386663997,-1132.2628639967963
ME3 BM5,1993-06-30 23:59:59.999999999,1993-07-31 23:59:59.999999999,1994-06-30 23:59:59.999999999,12,0.000758931393187312,9,4,-4.593330537441495e-06,-0.5511996644929793
ME3 BM1,1993-06-30 23:59:59.999999999,1993-07-31 23:59:59.999999999,1994-06-30 23:59:59.999999999,12,0.0006741335419687257,10,4,-0.00198342063934438,-238.0104767213256
SMALL HiBM,1993-06-30 23:59:59.999999999,1993-07-31 23:59:59.999999999,1994-06-30 23:59:59.999999999,12,0.00044369719284582335,11,3,0.00324823596668034,389.7883160016408
BIG HiBM,1993-06-30 23:59:59.999999999,1993-07-31 23:59:59.999999999,1994-06-30 23:59:59.999999999,12,0.00035355449980956305,12,3,-0.0030318042458041144,-363.8165094964937
ME4 BM4,1993-06-30 23:59:59.999999999,1993-07-31 23:59:59.999999999,1994-06-30 23:59:59.999999999,12,0.0003519460467941635,13,3,-0.0016365809462840343,-196.38971355408412
ME1 BM2,1993-06-30 23:59:59.999999999,1993-07-31 23:59:59.999999999,1994-06-30 23:59:59.999999999,12,0.0002786332037504286,14,3,-0.002635248683853526,-316.22984206242313
ME1 BM3,1993-06-30 23:59:59.999999999,1993-07-31 23:59:59.999999999,1994-06-30 23:59:59.999999999,12,0.0001985758051363415,15,3,-0.0002506438351542923,-30.07726021851507
ME5 BM2,1993-06-30 23:59:59.999999999,1993-07-31 23:59:59.999999999,1994-06-30 23:59:59.999999999,12,-0.00010700156792510792,16,2,0.0015732835333424587,188.79402400109504
ME2 BM2,1993-06-30 23:59:59.999999999,1993-07-31 23:59:59.999999999,1994-06-30 23:59:59.999999999,12,-0.0006370067244355144,17,2,0.00043060229948838156,51.672275938605786
ME4 BM2,1993-06-30 23:59:59.999999999,1993-07-31 23:59:59.999999999,1994-06-30 23:59:59.999999999,12,-0.0006608628350692275,18,2,0.005065146504626397,607.8175805551676
ME5 BM4,1993-06-30 23:59:59.999999999,1993-07-31 23:59:59.999999999,1994-06-30 23:59:59.999999999,12,-0.0008580848448077664,19,2,-0.003920846532625502,-470.5015839150603
ME3 BM3,1993-06-30 23:59:59.999999999,1993-07-31 23:59:59.999999999,1994-06-30 23:59:59.999999999,12,-0.0010941733835166782,20,2,0.0018805089086229604,225.66106903475526
ME2 BM5,1993-06-30 23:59:59.999999999,1993-07-31 23:59:59.999999999,1994-06-30 23:59:59.999999999,12,-0.0012072941697078856,21,1,0.000901074679969456,108.12896159633472
ME5 BM3,1993-06-30 23:59:59.999999999,1993-07-31 23:59:59.999999999,1994-06-30 23:59:59.999999999,12,-0.001386617084460692,22,1,0.0031410774547720546,376.92929457264654
ME4 BM3,1993-06-30 23:59:59.999999999,1993-07-31 23:59:59.999999999,1994-06-30 23:59:59.999999999,12,-0.001957244084028537,23,1,0.002477537045004453,297.30444540053435
ME2 BM1,1993-06-30 23:59:59.999999999,1993-07-31 23:59:59.999999999,1994-06-30 23:59:59.999999999,12,-0.002159084904478668,24,1,-0.006821546954005453,-818.5856344806544
SMALL LoBM,1993-06-30 23:59:59.999999999,1993-07-31 23:59:59.999999999,1994-06-30 23:59:59.999999999,12,-0.003919367990834876,25,1,-0.01746612456803765,-2095.934948164518
ME2 BM3,1994-06-30 23:59:59.999999999,1994-07-31 23:59:59.999999999,1995-06-30 23:59:59.999999999,12,0.0028535129901096686,1,5,-0.00016627608121596283,-19.95312974591554
BIG LoBM,1994-06-30 23:59:59.999999999,1994-07-31 23:59:59.999999999,1995-06-30 23:59:59.999999999,12,0.0022036344957447147,2,5,0.002972124934874256,356.6549921849108
ME2 BM4,1994-06-30 23:59:59.999999999,1994-07-31 23:59:59.999999999,1995-06-30 23:59:59.999999999,12,0.0021068703259288293,3,5,0.0009310611585366084,111.727339024393
ME4 BM1,1994-06-30 23:59:59.999999999,1994-07-31 23:59:59.999999999,1995-06-30 23:59:59.999999999,12,0.002022213606386766,4,5,-7.311952505054439e-05,-8.774343006065326
ME1 BM4,1994-06-30 23:59:59.999999999,1994-07-31 23:59:59.999999999,1995-06-30 23:59:59.999999999,12,0.0019285832043869455,5,5,0.0017897117494314538,214.76540993177446
ME3 BM4,1994-06-30 23:59:59.999999999,1994-07-31 23:59:59.999999999,1995-06-30 23:59:59.999999999,12,0.0017067607604492202,6,4,-0.0005741966156029638,-68.90359387235566
ME3 BM2,1994-06-30 23:59:59.999999999,1994-07-31 23:59:59.999999999,1995-06-30 23:59:59.999999999,12,0.0012509532624548345,7,4,-0.00729225916703567,-875.0711000442805
ME3 BM5,1994-06-30 23:59:59.999999999,1994-07-31 23:59:59.999999999,1995-06-30 23:59:59.999999999,12,0.0010064626054776275,8,4,-0.0015168726261959743,-182.02471514351691
ME3 BM1,1994-06-30 23:59:59.999999999,1994-07-31 23:59:59.999999999,1995-06-30 23:59:59.999999999,12,0.0008125017941587904,9,4,0.004615319145555945,553.8382974667134
SMALL HiBM,1994-06-30 23:59:59.999999999,1994-07-31 23:59:59.999999999,1995-06-30 23:59:59.999999999,12,0.0005989115625160216,10,4,0.003494697896341628,419.36374756099536
ME4 BM5,1994-06-30 23:59:59.999999999,1994-07-31 23:59:59.999999999,1995-06-30 23:59:59.999999999,12,0.00029817079356449477,11,3,-0.00013697229024518982,-16.436674829422778
ME4 BM4,1994-06-30 23:59:59.999999999,1994-07-31 23:59:59.999999999,1995-06-30 23:59:59.999999999,12,7.034621663380849e-05,12,3,-0.003103152826294673,-372.3783391553608
BIG HiBM,1994-06-30 23:59:59.999999999,1994-07-31 23:59:59.999999999,1995-06-30 23:59:59.999999999,12,3.9048459649517825e-05,13,3,0.0040713209153667535,488.5585098440104
ME1 BM3,1994-06-30 23:59:59.999999999,1994-07-31 23:59:59.999999999,1995-06-30 23:59:59.999999999,12,1.8908273139484923e-06,14,3,0.0023631237035333396,283.5748444240008
ME1 BM2,1994-06-30 23:59:59.999999999,1994-07-31 23:59:59.999999999,1995-06-30 23:59:59.999999999,12,-0.00013202948265353108,15,3,0.0034469713744286466,413.6365649314376
ME5 BM2,1994-06-30 23:59:59.999999999,1994-07-31 23:59:59.999999999,1995-06-30 23:59:59.999999999,12,-0.00021731573314565374,16,2,-0.004058624748371526,-487.0349698045831
ME4 BM2,1994-06-30 23:59:59.999999999,1994-07-31 23:59:59.999999999,1995-06-30 23:59:59.999999999,12,-0.00038192733103726347,17,2,-0.0009144386529770639,-109.73263835724767
ME2 BM2,1994-06-30 23:59:59.999999999,1994-07-31 23:59:59.999999999,1995-06-30 23:59:59.999999999,12,-0.0007894296928168088,18,2,-0.0015182923199507099,-182.1950783940852
ME3 BM3,1994-06-30 23:59:59.999999999,1994-07-31 23:59:59.999999999,1995-06-30 23:59:59.999999999,12,-0.0010354359335689334,19,2,-0.005374461761678881,-644.9354114014658
ME5 BM4,1994-06-30 23:59:59.999999999,1994-07-31 23:59:59.999999999,1995-06-30 23:59:59.999999999,12,-0.0010759456891306866,20,2,-0.0016529341729310107,-198.35210075172128
ME5 BM3,1994-06-30 23:59:59.999999999,1994-07-31 23:59:59.999999999,1995-06-30 23:59:59.999999999,12,-0.001090400094505948,21,1,-0.00022789626889843707,-27.34755226781245
ME2 BM5,1994-06-30 23:59:59.999999999,1994-07-31 23:59:59.999999999,1995-06-30 23:59:59.999999999,12,-0.0013610181756587116,22,1,-0.0023804010918251034,-285.6481310190124
ME4 BM3,1994-06-30 23:59:59.999999999,1994-07-31 23:59:59.999999999,1995-06-30 23:59:59.999999999,12,-0.0018489831356904717,23,1,-0.004506239561552264,-540.7487473862717
ME2 BM1,1994-06-30 23:59:59.999999999,1994-07-31 23:59:59.999999999,1995-06-30 23:59:59.999999999,12,-0.002300851101999248,24,1,0.00520837145819314,625.0045749831769
SMALL LoBM,1994-06-30 23:59:59.999999999,1994-07-31 23:59:59.999999999,1995-06-30 23:59:59.999999999,12,-0.005222950548527789,25,1,-0.0062872476599103175,-754.4697191892382
ME2 BM3,1995-06-30 23:59:59.999999999,1995-07-31 23:59:59.999999999,1996-06-30 23:59:59.999999999,12,0.002915235105739745,1,5,-0.0066471849069651145,-797.6621888358137
BIG LoBM,1995-06-30 23:59:59.999999999,1995-07-31 23:59:59.999999999,1996-06-30 23:59:59.999999999,12,0.002415308641016946,2,5,0.002360151697270192,283.21820367242304
ME1 BM4,1995-06-30 23:59:59.999999999,1995-07-31 23:59:59.999999999,1996-06-30 23:59:59.999999999,12,0.002059008309359973,3,5,0.003999011889438093,479.88142673257113
ME4 BM1,1995-06-30 23:59:59.999999999,1995-07-31 23:59:59.999999999,1996-06-30 23:59:59.999999999,12,0.0019764100382009767,4,5,0.00032356230899628375,38.82747707955405
ME2 BM4,1995-06-30 23:59:59.999999999,1995-07-31 23:59:59.999999999,1996-06-30 23:59:59.999999999,12,0.001857380853732432,5,5,0.0023173148178620966,278.0777781434516
ME3 BM4,1995-06-30 23:59:59.999999999,1995-07-31 23:59:59.999999999,1996-06-30 23:59:59.999999999,12,0.0016859240975330004,6,4,0.0005847127589993841,70.1655310799261
SMALL HiBM,1995-06-30 23:59:59.999999999,1995-07-31 23:59:59.999999999,1996-06-30 23:59:59.999999999,12,0.0011107580594679246,7,4,0.0019483080427375211,233.79696512850253
ME3 BM1,1995-06-30 23:59:59.999999999,1995-07-31 23:59:59.999999999,1996-06-30 23:59:59.999999999,12,0.0008794991127142754,8,4,-0.0036054098671468274,-432.6491840576193
ME3 BM2,1995-06-30 23:59:59.999999999,1995-07-31 23:59:59.999999999,1996-06-30 23:59:59.999999999,12,0.0005834412493529569,9,4,-0.004359645718736237,-523.1574862483485
BIG HiBM,1995-06-30 23:59:59.999999999,1995-07-31 23:59:59.999999999,1996-06-30 23:59:59.999999999,12,0.000554468545076685,10,4,0.003112898867988235,373.5478641585882
ME1 BM3,1995-06-30 23:59:59.999999999,1995-07-31 23:59:59.999999999,1996-06-30 23:59:59.999999999,12,0.0005390126832603086,11,3,0.0039017375043459385,468.2085005215126
ME3 BM5,1995-06-30 23:59:59.999999999,1995-07-31 23:59:59.999999999,1996-06-30 23:59:59.999999999,12,0.0004945819216482583,12,3,-0.004762715252726765,-571.5258303272118
ME1 BM2,1995-06-30 23:59:59.999999999,1995-07-31 23:59:59.999999999,1996-06-30 23:59:59.999999999,12,0.000204098394929239,13,3,0.003974232630011936,476.90791560143236
ME4 BM5,1995-06-30 23:59:59.999999999,1995-07-31 23:59:59.999999999,1996-06-30 23:59:59.999999999,12,2.9967803903118844e-05,14,3,-0.004371608954106105,-524.5930744927325
ME4 BM4,1995-06-30 23:59:59.999999999,1995-07-31 23:59:59.999999999,1996-06-30 23:59:59.999999999,12,-0.00013814815888906612,15,3,-0.0035370310200648135,-424.4437224077776
ME4 BM2,1995-06-30 23:59:59.999999999,1995-07-31 23:59:59.999999999,1996-06-30 23:59:59.999999999,12,-0.0001515365617380471,16,2,-0.008342327313637534,-1001.0792776365041
ME5 BM2,1995-06-30 23:59:59.999999999,1995-07-31 23:59:59.999999999,1996-06-30 23:59:59.999999999,12,-0.0005088454771543495,17,2,-0.002504830867152128,-300.57970405825534
ME2 BM2,1995-06-30 23:59:59.999999999,1995-07-31 23:59:59.999999999,1996-06-30 23:59:59.999999999,12,-0.0009687842573206997,18,2,0.0007607586077339638,91.29103292807567
ME5 BM4,1995-06-30 23:59:59.999999999,1995-07-31 23:59:59.999999999,1996-06-30 23:59:59.999999999,12,-0.0010710268725543407,19,2,-0.0022318548048227593,-267.8225765787311
ME5 BM3,1995-06-30 23:59:59.999999999,1995-07-31 23:59:59.999999999,1996-06-30 23:59:59.999999999,12,-0.0011252293963984732,20,2,0.00209364495137008,251.23739416440958
ME3 BM3,1995-06-30 23:59:59.999999999,1995-07-31 23:59:59.999999999,1996-06-30 23:59:59.999999999,12,-0.0012289003449159528,21,1,-0.003458606438011288,-415.0327725613546
ME2 BM1,1995-06-30 23:59:59.999999999,1995-07-31 23:59:59.999999999,1996-06-30 23:59:59.999999999,12,-0.0012808143773330124,22,1,0.0014290399025321775,171.4847883038613
ME2 BM5,1995-06-30 23:59:59.999999999,1995-07-31 23:59:59.999999999,1996-06-30 23:59:59.999999999,12,-0.0014571134377705207,23,1,0.0005466865053303961,65.60238063964754
ME4 BM3,1995-06-30 23:59:59.999999999,1995-07-31 23:59:59.999999999,1996-06-30 23:59:59.999999999,12,-0.0018906172395538549,24,1,-0.005911731870046114,-709.4078244055337
SMALL LoBM,1995-06-30 23:59:59.999999999,1995-07-31 23:59:59.999999999,1996-06-30 23:59:59.999999999,12,-0.005380419019192323,25,1,0.0033236089991937287,398.83307990324744
ME4 BM1,1996-06-30 23:59:59.999999999,1996-07-31 23:59:59.999999999,1997-06-30 23:59:59.999999999,12,0.0021442566137308433,1,5,-0.00803007382702177,-963.6088592426123
ME1 BM4,1996-06-30 23:59:59.999999999,1996-07-31 23:59:59.999999999,1997-06-30 23:59:59.999999999,12,0.001968550036249311,2,5,0.01074351508194738,1289.2218098336855
BIG LoBM,1996-06-30 23:59:59.999999999,1996-07-31 23:59:59.999999999,1997-06-30 23:59:59.999999999,12,0.0017843653801121273,3,5,0.008978740523730036,1077.4488628476042
ME3 BM4,1996-06-30 23:59:59.999999999,1996-07-31 23:59:59.999999999,1997-06-30 23:59:59.999999999,12,0.0015711057276688461,4,5,0.004127723713888535,495.3268456666242
ME2 BM4,1996-06-30 23:59:59.999999999,1996-07-31 23:59:59.999999999,1997-06-30 23:59:59.999999999,12,0.0015416186239667234,5,5,0.006706259955763599,804.7511946916319
ME1 BM3,1996-06-30 23:59:59.999999999,1996-07-31 23:59:59.999999999,1997-06-30 23:59:59.999999999,12,0.00105162769391312,6,4,0.001647342911611149,197.68114939333788
SMALL HiBM,1996-06-30 23:59:59.999999999,1996-07-31 23:59:59.999999999,1997-06-30 23:59:59.999999999,12,0.0010475241992174826,7,4,0.002496286659759595,299.55439917115143
ME2 BM3,1996-06-30 23:59:59.999999999,1996-07-31 23:59:59.999999999,1997-06-30 23:59:59.999999999,12,0.0010161349714418095,8,4,0.0012097827271953978,145.17392726344772
ME1 BM2,1996-06-30 23:59:59.999999999,1996-07-31 23:59:59.999999999,1997-06-30 23:59:59.999999999,12,0.0006975822122172405,9,4,-0.007834438768141785,-940.1326521770143
BIG HiBM,1996-06-30 23:59:59.999999999,1996-07-31 23:59:59.999999999,1997-06-30 23:59:59.999999999,12,0.0006494573188375567,10,4,-0.011981736760690595,-1437.8084112828715
ME3 BM1,1996-06-30 23:59:59.999999999,1996-07-31 23:59:59.999999999,1997-06-30 23:59:59.999999999,12,0.000548381157478986,11,3,-0.00716005231157802,-859.2062773893624
ME4 BM4,1996-06-30 23:59:59.999999999,1996-07-31 23:59:59.999999999,1997-06-30 23:59:59.999999999,12,-0.0002582018754817862,12,3,-0.002859466711714921,-343.1360054057905
ME3 BM2,1996-06-30 23:59:59.999999999,1996-07-31 23:59:59.999999999,1997-06-30 23:59:59.999999999,12,-0.00032833802605078004,13,3,0.001142039622513323,137.04475470159878
ME3 BM5,1996-06-30 23:59:59.999999999,1996-07-31 23:59:59.999999999,1997-06-30 23:59:59.999999999,12,-0.00039828737844183065,14,3,-0.004252133352459187,-510.2560022951024
ME2 BM2,1996-06-30 23:59:59.999999999,1996-07-31 23:59:59.999999999,1997-06-30 23:59:59.999999999,12,-0.0004994374009649622,15,3,0.0019228947918552564,230.74737502263076
ME2 BM5,1996-06-30 23:59:59.999999999,1996-07-31 23:59:59.999999999,1997-06-30 23:59:59.999999999,12,-0.0005579627612843826,16,2,0.0019507115581315758,234.0853869757891
ME5 BM3,1996-06-30 23:59:59.999999999,1996-07-31 23:59:59.999999999,1997-06-30 23:59:59.999999999,12,-0.0005876159454224145,17,2,0.0014939824982094427,179.27789978513312
ME4 BM5,1996-06-30 23:59:59.999999999,1996-07-31 23:59:59.999999999,1997-06-30 23:59:59.999999999,12,-0.0006348033201807601,18,2,-0.00012126123556432018,-14.551348267718422
ME5 BM2,1996-06-30 23:59:59.999999999,1996-07-31 23:59:59.999999999,1997-06-30 23:59:59.999999999,12,-0.0007024778743512126,19,2,-0.0034664098654310234,-415.9691838517228
ME2 BM1,1996-06-30 23:59:59.999999999,1996-07-31 23:59:59.999999999,1997-06-30 23:59:59.999999999,12,-0.0008043736064202795,20,2,-0.010089629287936478,-1210.7555145523775
ME5 BM4,1996-06-30 23:59:59.999999999,1996-07-31 23:59:59.999999999,1997-06-30 23:59:59.999999999,12,-0.0008599129834677022,21,1,-0.005655091612551386,-678.6109935061663
ME4 BM2,1996-06-30 23:59:59.999999999,1996-07-31 23:59:59.999999999,1997-06-30 23:59:59.999999999,12,-0.001402341124906615,22,1,0.0010807157902283642,129.6858948274037
ME3 BM3,1996-06-30 23:59:59.999999999,1996-07-31 23:59:59.999999999,1997-06-30 23:59:59.999999999,12,-0.001752970165816741,23,1,0.002831191914263373,339.7430297116048
ME4 BM3,1996-06-30 23:59:59.999999999,1996-07-31 23:59:59.999999999,1997-06-30 23:59:59.999999999,12,-0.002078473145771742,24,1,-0.0035267649011424818,-423.2117881370978
SMALL LoBM,1996-06-30 23:59:59.999999999,1996-07-31 23:59:59.999999999,1997-06-30 23:59:59.999999999,12,-0.00443582790397354,25,1,-0.018475324607746903,-2217.0389529296285
ME4 BM1,1997-06-30 23:59:59.999999999,1997-07-31 23:59:59.999999999,1998-06-30 23:59:59.999999999,12,0.002397799625655163,1,5,-0.00376840060953864,-452.2080731446368
BIG LoBM,1997-06-30 23:59:59.999999999,1997-07-31 23:59:59.999999999,1998-06-30 23:59:59.999999999,12,0.0019209770551451072,2,5,0.004929556601875516,591.546792225062
ME1 BM4,1997-06-30 23:59:59.999999999,1997-07-31 23:59:59.999999999,1998-06-30 23:59:59.999999999,12,0.0018914500937224675,3,5,0.0050552024175270155,606.624290103242
ME2 BM4,1997-06-30 23:59:59.999999999,1997-07-31 23:59:59.999999999,1998-06-30 23:59:59.999999999,12,0.0016827139141885733,4,5,-0.0005214010264568799,-62.56812317482558
ME3 BM4,1997-06-30 23:59:59.999999999,1997-07-31 23:59:59.999999999,1998-06-30 23:59:59.999999999,12,0.0015544836452618263,5,5,-0.0051987907792307156,-623.8548935076858
ME2 BM3,1997-06-30 23:59:59.999999999,1997-07-31 23:59:59.999999999,1998-06-30 23:59:59.999999999,12,0.001322808027535761,6,4,-0.0024200986181965906,-290.4118341835909
ME1 BM3,1997-06-30 23:59:59.999999999,1997-07-31 23:59:59.999999999,1998-06-30 23:59:59.999999999,12,0.0011133495359974775,7,4,0.00022574358505342805,27.089230206411365
SMALL HiBM,1997-06-30 23:59:59.999999999,1997-07-31 23:59:59.999999999,1998-06-30 23:59:59.999999999,12,0.0008695989067035396,8,4,0.0051112551220478,613.350614645736
ME3 BM1,1997-06-30 23:59:59.999999999,1997-07-31 23:59:59.999999999,1998-06-30 23:59:59.999999999,12,0.0006265053572777901,9,4,0.0008760511632697299,105.12613959236758
ME1 BM2,1997-06-30 23:59:59.999999999,1997-07-31 23:59:59.999999999,1998-06-30 23:59:59.999999999,12,0.0005157970548700235,10,4,0.0022121613986542973,265.4593678385157
BIG HiBM,1997-06-30 23:59:59.999999999,1997-07-31 23:59:59.999999999,1998-06-30 23:59:59.999999999,12,0.00048552144307374164,11,3,-0.00891997806575685,-1070.397367890822
ME4 BM4,1997-06-30 23:59:59.999999999,1997-07-31 23:59:59.999999999,1998-06-30 23:59:59.999999999,12,-0.00019467735426999909,12,3,-0.0025680010259852945,-308.16012311823533
ME5 BM3,1997-06-30 23:59:59.999999999,1997-07-31 23:59:59.999999999,1998-06-30 23:59:59.999999999,12,-0.00021433026754053892,13,3,-0.0024597489041963644,-295.1698685035637
ME4 BM5,1997-06-30 23:59:59.999999999,1997-07-31 23:59:59.999999999,1998-06-30 23:59:59.999999999,12,-0.0003303988927167889,14,3,-0.008535966495027084,-1024.3159794032501
ME3 BM2,1997-06-30 23:59:59.999999999,1997-07-31 23:59:59.999999999,1998-06-30 23:59:59.999999999,12,-0.00038724405712202675,15,3,-0.005634595957584514,-676.1515149101417
ME2 BM5,1997-06-30 23:59:59.999999999,1997-07-31 23:59:59.999999999,1998-06-30 23:59:59.999999999,12,-0.0006359612956782034,16,2,-0.0016655332702907846,-199.86399243489416
ME3 BM5,1997-06-30 23:59:59.999999999,1997-07-31 23:59:59.999999999,1998-06-30 23:59:59.999999999,12,-0.0006961046502801298,17,2,0.0006935559061520699,83.22670873824839
ME5 BM2,1997-06-30 23:59:59.999999999,1997-07-31 23:59:59.999999999,1998-06-30 23:59:59.999999999,12,-0.0008733319023714175,18,2,-0.001924755870308247,-230.97070443698965
ME2 BM1,1997-06-30 23:59:59.999999999,1997-07-31 23:59:59.999999999,1998-06-30 23:59:59.999999999,12,-0.0009203474347643119,19,2,0.0001756958633312048,21.083503599744574
ME2 BM2,1997-06-30 23:59:59.999999999,1997-07-31 23:59:59.999999999,1998-06-30 23:59:59.999999999,12,-0.001036138621222417,20,2,-0.005089110742712892,-610.693289125547
ME5 BM4,1997-06-30 23:59:59.999999999,1997-07-31 23:59:59.999999999,1998-06-30 23:59:59.999999999,12,-0.0010939107700046558,21,1,0.005946625596081508,713.595071529781
ME3 BM3,1997-06-30 23:59:59.999999999,1997-07-31 23:59:59.999999999,1998-06-30 23:59:59.999999999,12,-0.0011440393107474717,22,1,-0.0036866833974008033,-442.40200768809643
ME4 BM2,1997-06-30 23:59:59.999999999,1997-07-31 23:59:59.999999999,1998-06-30 23:59:59.999999999,12,-0.001353837423625275,23,1,-0.00810603203241917,-972.7238438903005
ME4 BM3,1997-06-30 23:59:59.999999999,1997-07-31 23:59:59.999999999,1998-06-30 23:59:59.999999999,12,-0.0022002588221409283,24,1,-0.004723811543815177,-566.8573852578213
SMALL LoBM,1997-06-30 23:59:59.999999999,1997-07-31 23:59:59.999999999,1998-06-30 23:59:59.999999999,12,-0.004780240636712201,25,1,-0.0024782033070123973,-297.38439684148767
ME1 BM4,1998-06-30 23:59:59.999999999,1998-07-31 23:59:59.999999999,1999-06-30 23:59:59.999999999,12,0.0027526539359309173,1,5,0.0007469923064117555,89.63907676941066
BIG LoBM,1998-06-30 23:59:59.999999999,1998-07-31 23:59:59.999999999,1999-06-30 23:59:59.999999999,12,0.0024135554042534115,2,5,-0.0011115298580922646,-133.38358297107175
ME2 BM3,1998-06-30 23:59:59.999999999,1998-07-31 23:59:59.999999999,1999-06-30 23:59:59.999999999,12,0.0014926593894353643,3,5,-0.007547746416183183,-905.7295699419819
ME2 BM4,1998-06-30 23:59:59.999999999,1998-07-31 23:59:59.999999999,1999-06-30 23:59:59.999999999,12,0.0014231506973519778,4,5,-0.006301740334761289,-756.2088401713547
SMALL HiBM,1998-06-30 23:59:59.999999999,1998-07-31 23:59:59.999999999,1999-06-30 23:59:59.999999999,12,0.001416201687359538,5,5,0.005087524568013869,610.5029481616643
ME4 BM1,1998-06-30 23:59:59.999999999,1998-07-31 23:59:59.999999999,1999-06-30 23:59:59.999999999,12,0.0013563265294234612,6,4,-0.0027394777127057956,-328.73732552469545
ME1 BM3,1998-06-30 23:59:59.999999999,1998-07-31 23:59:59.999999999,1999-06-30 23:59:59.999999999,12,0.0010662942797626312,7,4,0.0036885442336661994,442.62530803994395
ME3 BM4,1998-06-30 23:59:59.999999999,1998-07-31 23:59:59.999999999,1999-06-30 23:59:59.999999999,12,0.0008945443264748415,8,4,-0.008561065607938552,-1027.3278729526262
ME3 BM1,1998-06-30 23:59:59.999999999,1998-07-31 23:59:59.999999999,1999-06-30 23:59:59.999999999,12,0.00031085882917251457,9,4,-0.0037049805360894264,-444.59766433073116
ME1 BM2,1998-06-30 23:59:59.999999999,1998-07-31 23:59:59.999999999,1999-06-30 23:59:59.999999999,12,0.00022650896125269625,10,4,-0.00499087947523559,-598.9055370282707
ME5 BM3,1998-06-30 23:59:59.999999999,1998-07-31 23:59:59.999999999,1999-06-30 23:59:59.999999999,12,-0.0001264669844314688,11,3,-0.003109526774595395,-373.14321295144737
ME5 BM2,1998-06-30 23:59:59.999999999,1998-07-31 23:59:59.999999999,1999-06-30 23:59:59.999999999,12,-0.0003503339792826314,12,3,-0.0055710628338827665,-668.5275400659319
ME3 BM5,1998-06-30 23:59:59.999999999,1998-07-31 23:59:59.999999999,1999-06-30 23:59:59.999999999,12,-0.0003521895592749319,13,3,-0.00888238798397319,-1065.8865580767826
ME3 BM2,1998-06-30 23:59:59.999999999,1998-07-31 23:59:59.999999999,1999-06-30 23:59:59.999999999,12,-0.0007179459148603485,14,3,-0.0028536549916271543,-342.43859899525853
ME4 BM4,1998-06-30 23:59:59.999999999,1998-07-31 23:59:59.999999999,1999-06-30 23:59:59.999999999,12,-0.0008108469077463473,15,3,-0.0033997825381933858,-407.97390458320626
BIG HiBM,1998-06-30 23:59:59.999999999,1998-07-31 23:59:59.999999999,1999-06-30 23:59:59.999999999,12,-0.0008791384299175736,16,2,0.0021177118802776407,254.1254256333169
ME2 BM5,1998-06-30 23:59:59.999999999,1998-07-31 23:59:59.999999999,1999-06-30 23:59:59.999999999,12,-0.0009499125680799696,17,2,-0.0026907380308287925,-322.8885636994551
ME5 BM4,1998-06-30 23:59:59.999999999,1998-07-31 23:59:59.999999999,1999-06-30 23:59:59.999999999,12,-0.0009544803906305836,18,2,-0.0036886932075105247,-442.643184901263
ME2 BM1,1998-06-30 23:59:59.999999999,1998-07-31 23:59:59.999999999,1999-06-30 23:59:59.999999999,12,-0.0012875976520897565,19,2,-0.0005322693336937178,-63.872320043246134
ME4 BM5,1998-06-30 23:59:59.999999999,1998-07-31 23:59:59.999999999,1999-06-30 23:59:59.999999999,12,-0.0013386139609088113,20,2,-0.0012721845461207244,-152.66214553448694
ME4 BM2,1998-06-30 23:59:59.999999999,1998-07-31 23:59:59.999999999,1999-06-30 23:59:59.999999999,12,-0.0015712801373735537,21,1,0.0006403321191633047,76.83985429959657
ME3 BM3,1998-06-30 23:59:59.999999999,1998-07-31 23:59:59.999999999,1999-06-30 23:59:59.999999999,12,-0.0016486816274888995,22,1,-0.006653210057872787,-798.3852069447345
ME2 BM2,1998-06-30 23:59:59.999999999,1998-07-31 23:59:59.999999999,1999-06-30 23:59:59.999999999,12,-0.002087027489504859,23,1,-0.0017181280285709529,-206.17536342851434
ME4 BM3,1998-06-30 23:59:59.999999999,1998-07-31 23:59:59.999999999,1999-06-30 23:59:59.999999999,12,-0.003344919709334382,24,1,-0.006040023232725958,-724.8027879271149
SMALL LoBM,1998-06-30 23:59:59.999999999,1998-07-31 23:59:59.999999999,1999-06-30 23:59:59.999999999,12,-0.004385982430491646,25,1,-0.004077585092442521,-489.3102110931026
ME1 BM4,1999-06-30 23:59:59.999999999,1999-07-31 23:59:59.999999999,2000-06-30 23:59:59.999999999,12,0.0023834212045972508,1,5,0.015525901101876937,1863.1081322252323
SMALL HiBM,1999-06-30 23:59:59.999999999,1999-07-31 23:59:59.999999999,2000-06-30 23:59:59.999999999,12,0.0021922622736098695,2,5,-0.001878743221590913,-225.44918659090956
BIG LoBM,1999-06-30 23:59:59.999999999,1999-07-31 23:59:59.999999999,2000-06-30 23:59:59.999999999,12,0.002125356742125827,3,5,0.001798158296439846,215.77899557278153
ME1 BM3,1999-06-30 23:59:59.999999999,1999-07-31 23:59:59.999999999,2000-06-30 23:59:59.999999999,12,0.0011394987900471372,4,5,0.004395241122247806,527.4289346697367
ME4 BM1,1999-06-30 23:59:59.999999999,1999-07-31 23:59:59.999999999,2000-06-30 23:59:59.999999999,12,0.0009906984973485776,5,5,0.020912702817328602,2509.5243380794323
ME2 BM4,1999-06-30 23:59:59.999999999,1999-07-31 23:59:59.999999999,2000-06-30 23:59:59.999999999,12,0.0009124021367038614,6,4,-0.008406134055201396,-1008.7360866241677
ME2 BM3,1999-06-30 23:59:59.999999999,1999-07-31 23:59:59.999999999,2000-06-30 23:59:59.999999999,12,0.0008950081648284129,7,4,-0.021964568912694892,-2635.748269523387
ME3 BM4,1999-06-30 23:59:59.999999999,1999-07-31 23:59:59.999999999,2000-06-30 23:59:59.999999999,12,0.00010157296350610484,8,4,-0.009851569345742306,-1182.1883214890765
ME3 BM1,1999-06-30 23:59:59.999999999,1999-07-31 23:59:59.999999999,2000-06-30 23:59:59.999999999,12,9.8554839557364e-05,9,4,-0.00411697414826668,-494.03689779200164
ME1 BM2,1999-06-30 23:59:59.999999999,1999-07-31 23:59:59.999999999,2000-06-30 23:59:59.999999999,12,-0.00019928381307080043,10,4,0.03158140329754971,3789.768395705965
BIG HiBM,1999-06-30 23:59:59.999999999,1999-07-31 23:59:59.999999999,2000-06-30 23:59:59.999999999,12,-0.00041173763891408426,11,3,-0.0017362185986969914,-208.34623184363895
ME4 BM4,1999-06-30 23:59:59.999999999,1999-07-31 23:59:59.999999999,2000-06-30 23:59:59.999999999,12,-0.0007864457680888693,12,3,0.004034880546359765,484.1856655631718
ME5 BM2,1999-06-30 23:59:59.999999999,1999-07-31 23:59:59.999999999,2000-06-30 23:59:59.999999999,12,-0.000796226681114388,13,3,-0.008555436136257253,-1026.6523363508704
ME5 BM3,1999-06-30 23:59:59.999999999,1999-07-31 23:59:59.999999999,2000-06-30 23:59:59.999999999,12,-0.0008676772214913657,14,3,-0.01152580724920406,-1383.096869904487
ME3 BM2,1999-06-30 23:59:59.999999999,1999-07-31 23:59:59.999999999,2000-06-30 23:59:59.999999999,12,-0.0010242758139719327,15,3,-0.005021443082924162,-602.5731699508995
ME2 BM5,1999-06-30 23:59:59.999999999,1999-07-31 23:59:59.999999999,2000-06-30 23:59:59.999999999,12,-0.00105070137525106,16,2,-0.006117672278366552,-734.1206734039862
ME5 BM4,1999-06-30 23:59:59.999999999,1999-07-31 23:59:59.999999999,2000-06-30 23:59:59.999999999,12,-0.0010921356591322689,17,2,-0.012860917603463834,-1543.3101124156601
ME3 BM5,1999-06-30 23:59:59.999999999,1999-07-31 23:59:59.999999999,2000-06-30 23:59:59.999999999,12,-0.0011856685606921062,18,2,0.0019666595231061564,235.99914277273876
ME2 BM1,1999-06-30 23:59:59.999999999,1999-07-31 23:59:59.999999999,2000-06-30 23:59:59.999999999,12,-0.0012571224671118308,19,2,-0.006846471422112252,-821.5765706534703
ME4 BM2,1999-06-30 23:59:59.999999999,1999-07-31 23:59:59.999999999,2000-06-30 23:59:59.999999999,12,-0.0013844358511909528,20,2,-0.0064210738052655975,-770.5288566318717
ME4 BM5,1999-06-30 23:59:59.999999999,1999-07-31 23:59:59.999999999,2000-06-30 23:59:59.999999999,12,-0.001671409462589878,21,1,-0.0016363456749816923,-196.36148099780308
ME3 BM3,1999-06-30 23:59:59.999999999,1999-07-31 23:59:59.999999999,2000-06-30 23:59:59.999999999,12,-0.0018505160155925058,22,1,-0.013782786397323618,-1653.9343676788342
ME2 BM2,1999-06-30 23:59:59.999999999,1999-07-31 23:59:59.999999999,2000-06-30 23:59:59.999999999,12,-0.0021143559105560768,23,1,-0.003651868723309205,-438.2242467971046
ME4 BM3,1999-06-30 23:59:59.999999999,1999-07-31 23:59:59.999999999,2000-06-30 23:59:59.999999999,12,-0.003341040872788004,24,1,-0.00735309064887124,-882.3708778645488
SMALL LoBM,1999-06-30 23:59:59.999999999,1999-07-31 23:59:59.999999999,2000-06-30 23:59:59.999999999,12,-0.004310656617950021,25,1,0.019178419807519737,2301.4103769023686
SMALL HiBM,2000-06-30 23:59:59.999999999,2000-07-31 23:59:59.999999999,2001-06-30 23:59:59.999999999,12,0.002303472656951268,1,5,-0.002185415140828754,-262.2498168994505
ME1 BM4,2000-06-30 23:59:59.999999999,2000-07-31 23:59:59.999999999,2001-06-30 23:59:59.999999999,12,0.0019743484850925992,2,5,0.01598845424214974,1918.6145090579687
ME4 BM1,2000-06-30 23:59:59.999999999,2000-07-31 23:59:59.999999999,2001-06-30 23:59:59.999999999,12,0.0019497862041644477,3,5,0.015412066590145363,1849.4479908174435
BIG LoBM,2000-06-30 23:59:59.999999999,2000-07-31 23:59:59.999999999,2001-06-30 23:59:59.999999999,12,0.0014959609462365303,4,5,0.007960993243611117,955.319189233334
ME1 BM3,2000-06-30 23:59:59.999999999,2000-07-31 23:59:59.999999999,2001-06-30 23:59:59.999999999,12,0.0009210132144606717,5,5,0.011388083692348292,1366.5700430817951
ME1 BM2,2000-06-30 23:59:59.999999999,2000-07-31 23:59:59.999999999,2001-06-30 23:59:59.999999999,12,0.0008144533652375135,6,4,0.015407301259926976,1848.876151191237
ME3 BM1,2000-06-30 23:59:59.999999999,2000-07-31 23:59:59.999999999,2001-06-30 23:59:59.999999999,12,0.0002756271929476553,7,4,0.0028539569739841303,342.47483687809563
ME3 BM4,2000-06-30 23:59:59.999999999,2000-07-31 23:59:59.999999999,2001-06-30 23:59:59.999999999,12,-7.83140135047313e-05,8,4,0.0037990899589279152,455.8907950713498
ME4 BM4,2000-06-30 23:59:59.999999999,2000-07-31 23:59:59.999999999,2001-06-30 23:59:59.999999999,12,-0.0002182267628801943,9,4,0.008356102723536039,1002.7323268243246
ME2 BM4,2000-06-30 23:59:59.999999999,2000-07-31 23:59:59.999999999,2001-06-30 23:59:59.999999999,12,-0.0004918859084409057,10,4,0.004218027824041958,506.16333888503493
ME3 BM5,2000-06-30 23:59:59.999999999,2000-07-31 23:59:59.999999999,2001-06-30 23:59:59.999999999,12,-0.0007664549913552405,11,3,0.008905254471162981,1068.6305365395579
ME2 BM3,2000-06-30 23:59:59.999999999,2000-07-31 23:59:59.999999999,2001-06-30 23:59:59.999999999,12,-0.0008122858860013633,12,3,0.01561584014485034,1873.900817382041
ME5 BM3,2000-06-30 23:59:59.999999999,2000-07-31 23:59:59.999999999,2001-06-30 23:59:59.999999999,12,-0.001012858697937115,13,3,0.012010610470733847,1441.2732564880619
ME3 BM2,2000-06-30 23:59:59.999999999,2000-07-31 23:59:59.999999999,2001-06-30 23:59:59.999999999,12,-0.0013049744196009542,14,3,0.009063994396828331,1087.6793276193996
ME2 BM5,2000-06-30 23:59:59.999999999,2000-07-31 23:59:59.999999999,2001-06-30 23:59:59.999999999,12,-0.0015856787548127202,15,3,0.0042838726320388555,514.0647158446626
ME5 BM2,2000-06-30 23:59:59.999999999,2000-07-31 23:59:59.999999999,2001-06-30 23:59:59.999999999,12,-0.001794347175064251,16,2,0.011983469193263171,1438.0163031915804
BIG HiBM,2000-06-30 23:59:59.999999999,2000-07-31 23:59:59.999999999,2001-06-30 23:59:59.999999999,12,-0.0018082043196044,17,2,-0.0008696773398804711,-104.36128078565653
ME4 BM5,2000-06-30 23:59:59.999999999,2000-07-31 23:59:59.999999999,2001-06-30 23:59:59.999999999,12,-0.0019065739920523636,18,2,0.020405475431378273,2448.6570517653927
ME4 BM2,2000-06-30 23:59:59.999999999,2000-07-31 23:59:59.999999999,2001-06-30 23:59:59.999999999,12,-0.002078449712993437,19,2,0.009491211335779905,1138.9453602935887
ME2 BM1,2000-06-30 23:59:59.999999999,2000-07-31 23:59:59.999999999,2001-06-30 23:59:59.999999999,12,-0.0021121488059790195,20,2,0.013951668515168042,1674.200221820165
ME3 BM3,2000-06-30 23:59:59.999999999,2000-07-31 23:59:59.999999999,2001-06-30 23:59:59.999999999,12,-0.0021526123219817923,21,1,0.003536801908537897,424.41622902454765
ME4 BM3,2000-06-30 23:59:59.999999999,2000-07-31 23:59:59.999999999,2001-06-30 23:59:59.999999999,12,-0.0022868924110953023,22,1,0.011636361415358516,1396.363369843022
ME5 BM4,2000-06-30 23:59:59.999999999,2000-07-31 23:59:59.999999999,2001-06-30 23:59:59.999999999,12,-0.0022877918687128247,23,1,0.011379186389912727,1365.5023667895273
ME2 BM2,2000-06-30 23:59:59.999999999,2000-07-31 23:59:59.999999999,2001-06-30 23:59:59.999999999,12,-0.002596457749280948,24,1,0.02314534667657085,2777.441601188502
SMALL LoBM,2000-06-30 23:59:59.999999999,2000-07-31 23:59:59.999999999,2001-06-30 23:59:59.999999999,12,-0.0049942858957692906,25,1,-0.0007509442606699994,-90.11331128039993
ME1 BM4,2001-06-30 23:59:59.999999999,2001-07-31 23:59:59.999999999,2002-06-30 23:59:59.999999999,12,0.003142056990553949,1,5,0.009643753654532001,1157.2504385438401
SMALL HiBM,2001-06-30 23:59:59.999999999,2001-07-31 23:59:59.999999999,2002-06-30 23:59:59.999999999,12,0.002888023264998219,2,5,0.008125044587217207,975.0053504660648
BIG LoBM,2001-06-30 23:59:59.999999999,2001-07-31 23:59:59.999999999,2002-06-30 23:59:59.999999999,12,0.002186058930895854,3,5,0.0034804553413338483,417.6546409600618
ME4 BM1,2001-06-30 23:59:59.999999999,2001-07-31 23:59:59.999999999,2002-06-30 23:59:59.999999999,12,0.0020655995591344766,4,5,-0.002555025626193592,-306.603075143231
ME1 BM2,2001-06-30 23:59:59.999999999,2001-07-31 23:59:59.999999999,2002-06-30 23:59:59.999999999,12,0.002030861865287753,5,5,-0.02076845379573082,-2492.2144554876986
ME1 BM3,2001-06-30 23:59:59.999999999,2001-07-31 23:59:59.999999999,2002-06-30 23:59:59.999999999,12,0.0019681594990225634,6,4,-0.0021558859226615623,-258.7063107193875
ME3 BM5,2001-06-30 23:59:59.999999999,2001-07-31 23:59:59.999999999,2002-06-30 23:59:59.999999999,12,0.0012604193496924233,7,4,0.013088629518066835,1570.63554216802
ME3 BM1,2001-06-30 23:59:59.999999999,2001-07-31 23:59:59.999999999,2002-06-30 23:59:59.999999999,12,0.0008771227859115137,8,4,-0.00812782192057922,-975.3386304695065
ME2 BM3,2001-06-30 23:59:59.999999999,2001-07-31 23:59:59.999999999,2002-06-30 23:59:59.999999999,12,0.0006217980171572485,9,4,-0.0038654024649877237,-463.8482957985268
ME4 BM5,2001-06-30 23:59:59.999999999,2001-07-31 23:59:59.999999999,2002-06-30 23:59:59.999999999,12,0.00047537977015611624,10,4,-0.009058096890474087,-1086.9716268568905
ME5 BM3,2001-06-30 23:59:59.999999999,2001-07-31 23:59:59.999999999,2002-06-30 23:59:59.999999999,12,0.0003399339009402021,11,3,0.004980495704873672,597.6594845848407
ME4 BM4,2001-06-30 23:59:59.999999999,2001-07-31 23:59:59.999999999,2002-06-30 23:59:59.999999999,12,-0.00017808142977409377,12,3,0.003060028257959629,367.2033909551555
ME3 BM4,2001-06-30 23:59:59.999999999,2001-07-31 23:59:59.999999999,2002-06-30 23:59:59.999999999,12,-0.0002994505170751218,13,3,0.003239809622718789,388.77715472625465
ME2 BM2,2001-06-30 23:59:59.999999999,2001-07-31 23:59:59.999999999,2002-06-30 23:59:59.999999999,12,-0.0003053312691542314,14,3,-0.010743729234877939,-1289.2475081853527
ME5 BM2,2001-06-30 23:59:59.999999999,2001-07-31 23:59:59.999999999,2002-06-30 23:59:59.999999999,12,-0.00046240222300595105,15,3,0.004823936049742044,578.8723259690453
ME4 BM3,2001-06-30 23:59:59.999999999,2001-07-31 23:59:59.999999999,2002-06-30 23:59:59.999999999,12,-0.0005111038951559968,16,2,0.002467563141210053,296.10757694520635
ME2 BM4,2001-06-30 23:59:59.999999999,2001-07-31 23:59:59.999999999,2002-06-30 23:59:59.999999999,12,-0.0005572604332345563,17,2,0.0028262378283549195,339.1485394025903
ME2 BM5,2001-06-30 23:59:59.999999999,2001-07-31 23:59:59.999999999,2002-06-30 23:59:59.999999999,12,-0.0007478255012668216,18,2,0.0003644302114479599,43.73162537375519
ME2 BM1,2001-06-30 23:59:59.999999999,2001-07-31 23:59:59.999999999,2002-06-30 23:59:59.999999999,12,-0.0011344902823167268,19,2,-0.023770332742509503,-2852.4399291011405
BIG HiBM,2001-06-30 23:59:59.999999999,2001-07-31 23:59:59.999999999,2002-06-30 23:59:59.999999999,12,-0.0011756273797401441,20,2,-0.04782536044699529,-5739.0432536394355
ME4 BM2,2001-06-30 23:59:59.999999999,2001-07-31 23:59:59.999999999,2002-06-30 23:59:59.999999999,12,-0.0012188401732707052,21,1,0.004480392049673655,537.6470459608386
ME5 BM4,2001-06-30 23:59:59.999999999,2001-07-31 23:59:59.999999999,2002-06-30 23:59:59.999999999,12,-0.0014571379420943087,22,1,-0.009727787305581784,-1167.334476669814
ME3 BM2,2001-06-30 23:59:59.999999999,2001-07-31 23:59:59.999999999,2002-06-30 23:59:59.999999999,12,-0.0014823411139987311,23,1,-0.004758188556486664,-570.9826267783997
ME3 BM3,2001-06-30 23:59:59.999999999,2001-07-31 23:59:59.999999999,2002-06-30 23:59:59.999999999,12,-0.0018970925753146776,24,1,0.0008516425161976369,102.19710194371643
SMALL LoBM,2001-06-30 23:59:59.999999999,2001-07-31 23:59:59.999999999,2002-06-30 23:59:59.999999999,12,-0.004139420237217178,25,1,-0.031297081753373444,-3755.6498104048133
ME1 BM4,2002-06-30 23:59:59.999999999,2002-07-31 23:59:59.999999999,2003-06-30 23:59:59.999999999,12,0.0037692224646939413,1,5,0.005497754313375857,659.7305176051028
SMALL HiBM,2002-06-30 23:59:59.999999999,2002-07-31 23:59:59.999999999,2003-06-30 23:59:59.999999999,12,0.0032632755420993437,2,5,0.006909652192916245,829.1582631499494
ME1 BM3,2002-06-30 23:59:59.999999999,2002-07-31 23:59:59.999999999,2003-06-30 23:59:59.999999999,12,0.002568810163870997,3,5,-0.0023592619625945797,-283.11143551134955
BIG LoBM,2002-06-30 23:59:59.999999999,2002-07-31 23:59:59.999999999,2003-06-30 23:59:59.999999999,12,0.0019544001316604697,4,5,-0.0008408032830835207,-100.89639397002247
ME1 BM2,2002-06-30 23:59:59.999999999,2002-07-31 23:59:59.999999999,2003-06-30 23:59:59.999999999,12,0.001929173754860596,5,5,0.00582177981898481,698.6135782781772
ME4 BM1,2002-06-30 23:59:59.999999999,2002-07-31 23:59:59.999999999,2003-06-30 23:59:59.999999999,12,0.0014987604402063774,6,4,0.0009606501078949743,115.27801294739692
ME3 BM1,2002-06-30 23:59:59.999999999,2002-07-31 23:59:59.999999999,2003-06-30 23:59:59.999999999,12,0.00015263082844876603,7,4,0.0009836996416162193,118.04395699394631
ME2 BM2,2002-06-30 23:59:59.999999999,2002-07-31 23:59:59.999999999,2003-06-30 23:59:59.999999999,12,-0.0001111605248145898,8,4,-0.004925571755118996,-591.0686106142796
BIG HiBM,2002-06-30 23:59:59.999999999,2002-07-31 23:59:59.999999999,2003-06-30 23:59:59.999999999,12,-0.0004603306410648529,9,4,0.009690231272098204,1162.8277526517843
ME3 BM5,2002-06-30 23:59:59.999999999,2002-07-31 23:59:59.999999999,2003-06-30 23:59:59.999999999,12,-0.0005493267460376543,10,4,0.0002100035025858829,25.200420310305947
ME5 BM2,2002-06-30 23:59:59.999999999,2002-07-31 23:59:59.999999999,2003-06-30 23:59:59.999999999,12,-0.0005765224979725628,11,3,-0.0014670369800506584,-176.04443760607901
ME2 BM5,2002-06-30 23:59:59.999999999,2002-07-31 23:59:59.999999999,2003-06-30 23:59:59.999999999,12,-0.0008253764217544762,12,3,-0.01002864057880696,-1203.4368694568354
ME4 BM2,2002-06-30 23:59:59.999999999,2002-07-31 23:59:59.999999999,2003-06-30 23:59:59.999999999,12,-0.0010064118447856668,13,3,0.0005582232871727243,66.98679446072691
ME5 BM3,2002-06-30 23:59:59.999999999,2002-07-31 23:59:59.999999999,2003-06-30 23:59:59.999999999,12,-0.0010088553632070217,14,3,0.004097464795349095,491.69577544189144
ME4 BM4,2002-06-30 23:59:59.999999999,2002-07-31 23:59:59.999999999,2003-06-30 23:59:59.999999999,12,-0.0010835622806308226,15,3,-0.000983318589862478,-117.99823078349738
ME2 BM4,2002-06-30 23:59:59.999999999,2002-07-31 23:59:59.999999999,2003-06-30 23:59:59.999999999,12,-0.0011325905707777416,16,2,-0.0013150562191913383,-157.8067463029606
ME3 BM2,2002-06-30 23:59:59.999999999,2002-07-31 23:59:59.999999999,2003-06-30 23:59:59.999999999,12,-0.0013029339246814911,17,2,-0.0016346803451861363,-196.16164142233637
ME4 BM3,2002-06-30 23:59:59.999999999,2002-07-31 23:59:59.999999999,2003-06-30 23:59:59.999999999,12,-0.0014138519905404073,18,2,0.003241323964056767,388.958875686812
ME4 BM5,2002-06-30 23:59:59.999999999,2002-07-31 23:59:59.999999999,2003-06-30 23:59:59.999999999,12,-0.0014510244900069755,19,2,-0.0034885233700597033,-418.6228044071644
ME2 BM1,2002-06-30 23:59:59.999999999,2002-07-31 23:59:59.999999999,2003-06-30 23:59:59.999999999,12,-0.0014531554192836484,20,2,0.0035427017895655285,425.12421474786345
ME2 BM3,2002-06-30 23:59:59.999999999,2002-07-31 23:59:59.999999999,2003-06-30 23:59:59.999999999,12,-0.0016236301406884362,21,1,0.0006269331156143221,75.23197387371866
ME3 BM4,2002-06-30 23:59:59.999999999,2002-07-31 23:59:59.999999999,2003-06-30 23:59:59.999999999,12,-0.002115401072867031,22,1,-0.0006560434241869003,-78.72521090242803
ME5 BM4,2002-06-30 23:59:59.999999999,2002-07-31 23:59:59.999999999,2003-06-30 23:59:59.999999999,12,-0.0029212233111118686,23,1,0.0004237442162993779,50.84930595592535
ME3 BM3,2002-06-30 23:59:59.999999999,2002-07-31 23:59:59.999999999,2003-06-30 23:59:59.999999999,12,-0.002987839165663381,24,1,0.003250856351039584,390.1027621247501
SMALL LoBM,2002-06-30 23:59:59.999999999,2002-07-31 23:59:59.999999999,2003-06-30 23:59:59.999999999,12,-0.005941536929199864,25,1,0.00701099505615372,841.3194067384463
ME1 BM4,2003-06-30 23:59:59.999999999,2003-07-31 23:59:59.999999999,2004-06-30 23:59:59.999999999,12,0.004828848906918888,1,5,0.004104819022265282,492.57828267183373
SMALL HiBM,2003-06-30 23:59:59.999999999,2003-07-31 23:59:59.999999999,2004-06-30 23:59:59.999999999,12,0.0037992355034811662,2,5,0.011948692190801802,1433.8430628962162
BIG LoBM,2003-06-30 23:59:59.999999999,2003-07-31 23:59:59.999999999,2004-06-30 23:59:59.999999999,12,0.0026163032888940384,3,5,0.002441899964853796,293.0279957824555
ME1 BM2,2003-06-30 23:59:59.999999999,2003-07-31 23:59:59.999999999,2004-06-30 23:59:59.999999999,12,0.002405189160536855,4,5,-0.006613366270554619,-793.6039524665543
ME1 BM3,2003-06-30 23:59:59.999999999,2003-07-31 23:59:59.999999999,2004-06-30 23:59:59.999999999,12,0.002044512518701913,5,5,-0.0006525512800291603,-78.30615360349923
ME4 BM1,2003-06-30 23:59:59.999999999,2003-07-31 23:59:59.999999999,2004-06-30 23:59:59.999999999,12,0.001013920258221922,6,4,-0.003624209402391679,-434.9051282870015
ME5 BM3,2003-06-30 23:59:59.999999999,2003-07-31 23:59:59.999999999,2004-06-30 23:59:59.999999999,12,0.0004242803244778302,7,4,-0.0014543099034587893,-174.5171884150547
ME2 BM2,2003-06-30 23:59:59.999999999,2003-07-31 23:59:59.999999999,2004-06-30 23:59:59.999999999,12,-0.00020416711761997268,8,4,-0.005278155242203402,-633.3786290644082
ME3 BM5,2003-06-30 23:59:59.999999999,2003-07-31 23:59:59.999999999,2004-06-30 23:59:59.999999999,12,-0.0004413464143925534,9,4,0.0012187501946788954,146.25002336146744
ME3 BM1,2003-06-30 23:59:59.999999999,2003-07-31 23:59:59.999999999,2004-06-30 23:59:59.999999999,12,-0.00044233707777486804,10,4,-5.612479182195738e-05,-6.734975018634886
ME4 BM4,2003-06-30 23:59:59.999999999,2003-07-31 23:59:59.999999999,2004-06-30 23:59:59.999999999,12,-0.0006904777678088511,11,3,0.004051557490477897,486.1868988573476
ME4 BM2,2003-06-30 23:59:59.999999999,2003-07-31 23:59:59.999999999,2004-06-30 23:59:59.999999999,12,-0.0007144752308905883,12,3,-0.005360227703740866,-643.2273244489039
ME2 BM1,2003-06-30 23:59:59.999999999,2003-07-31 23:59:59.999999999,2004-06-30 23:59:59.999999999,12,-0.0010062885818845181,13,3,-0.003919185154696451,-470.3022185635741
ME4 BM3,2003-06-30 23:59:59.999999999,2003-07-31 23:59:59.999999999,2004-06-30 23:59:59.999999999,12,-0.001021672140130054,14,3,-0.0007879034464389408,-94.54841357267289
ME2 BM4,2003-06-30 23:59:59.999999999,2003-07-31 23:59:59.999999999,2004-06-30 23:59:59.999999999,12,-0.00108535969630142,15,3,-0.0029625173493937323,-355.5020819272479
ME5 BM2,2003-06-30 23:59:59.999999999,2003-07-31 23:59:59.999999999,2004-06-30 23:59:59.999999999,12,-0.001204708421467797,16,2,-0.0028826039986466104,-345.91247983759325
BIG HiBM,2003-06-30 23:59:59.999999999,2003-07-31 23:59:59.999999999,2004-06-30 23:59:59.999999999,12,-0.0012454644294587172,17,2,-0.00017508680173886448,-21.010416208663734
ME2 BM5,2003-06-30 23:59:59.999999999,2003-07-31 23:59:59.999999999,2004-06-30 23:59:59.999999999,12,-0.001770835302945329,18,2,-0.00025623653400199883,-30.74838408023986
ME2 BM3,2003-06-30 23:59:59.999999999,2003-07-31 23:59:59.999999999,2004-06-30 23:59:59.999999999,12,-0.0020050284847503994,19,2,-0.002443412651692034,-293.20951820304407
ME3 BM2,2003-06-30 23:59:59.999999999,2003-07-31 23:59:59.999999999,2004-06-30 23:59:59.999999999,12,-0.0024431396776981237,20,2,-0.0022442293751369895,-269.3075250164387
ME4 BM5,2003-06-30 23:59:59.999999999,2003-07-31 23:59:59.999999999,2004-06-30 23:59:59.999999999,12,-0.0024601301561345094,21,1,0.002501441031416421,300.1729237699705
ME5 BM4,2003-06-30 23:59:59.999999999,2003-07-31 23:59:59.999999999,2004-06-30 23:59:59.999999999,12,-0.002484224359443149,22,1,-0.009451951672451567,-1134.234200694188
ME3 BM4,2003-06-30 23:59:59.999999999,2003-07-31 23:59:59.999999999,2004-06-30 23:59:59.999999999,12,-0.0025370713720940683,23,1,-0.0008353474962136407,-100.24169954563688
ME3 BM3,2003-06-30 23:59:59.999999999,2003-07-31 23:59:59.999999999,2004-06-30 23:59:59.999999999,12,-0.002939007997913198,24,1,-0.006881234973431333,-825.74819681176
SMALL LoBM,2003-06-30 23:59:59.999999999,2003-07-31 23:59:59.999999999,2004-06-30 23:59:59.999999999,12,-0.005095028031437818,25,1,-0.012334762809091543,-1480.171537090985
ME1 BM4,2004-06-30 23:59:59.999999999,2004-07-31 23:59:59.999999999,2005-06-30 23:59:59.999999999,12,0.005666502007484377,1,5,-0.004032141441080984,-483.85697292971804
SMALL HiBM,2004-06-30 23:59:59.999999999,2004-07-31 23:59:59.999999999,2005-06-30 23:59:59.999999999,12,0.004187226974363642,2,5,0.00036751263533267776,44.10151623992133
BIG LoBM,2004-06-30 23:59:59.999999999,2004-07-31 23:59:59.999999999,2005-06-30 23:59:59.999999999,12,0.002648831575668407,3,5,-0.0021765124053842438,-261.18148864610924
ME1 BM3,2004-06-30 23:59:59.999999999,2004-07-31 23:59:59.999999999,2005-06-30 23:59:59.999999999,12,0.002277234917823514,4,5,-0.003320144733606293,-398.4173680327552
ME1 BM2,2004-06-30 23:59:59.999999999,2004-07-31 23:59:59.999999999,2005-06-30 23:59:59.999999999,12,0.00195008911008721,5,5,0.002158611393245595,259.0333671894714
ME4 BM1,2004-06-30 23:59:59.999999999,2004-07-31 23:59:59.999999999,2005-06-30 23:59:59.999999999,12,0.001126954594571631,6,4,0.004289452782358168,514.7343338829802
ME5 BM3,2004-06-30 23:59:59.999999999,2004-07-31 23:59:59.999999999,2005-06-30 23:59:59.999999999,12,0.00021677621889307794,7,4,7.300456512048462e-05,8.760547814458155
ME4 BM4,2004-06-30 23:59:59.999999999,2004-07-31 23:59:59.999999999,2005-06-30 23:59:59.999999999,12,0.00017348229992788844,8,4,-0.001009310171059397,-121.11722052712763
ME3 BM1,2004-06-30 23:59:59.999999999,2004-07-31 23:59:59.999999999,2005-06-30 23:59:59.999999999,12,-0.00018746996773914783,9,4,0.002230687245147863,267.68246941774356
ME2 BM2,2004-06-30 23:59:59.999999999,2004-07-31 23:59:59.999999999,2005-06-30 23:59:59.999999999,12,-0.0003454065061634735,10,4,0.000752683936472397,90.32207237668763
ME3 BM5,2004-06-30 23:59:59.999999999,2004-07-31 23:59:59.999999999,2005-06-30 23:59:59.999999999,12,-0.00041004721103283186,11,3,-0.0024985695922770663,-299.8283510732479
ME2 BM1,2004-06-30 23:59:59.999999999,2004-07-31 23:59:59.999999999,2005-06-30 23:59:59.999999999,12,-0.0005421185620546559,12,3,0.00021622501470969628,25.947001765163556
ME2 BM4,2004-06-30 23:59:59.999999999,2004-07-31 23:59:59.999999999,2005-06-30 23:59:59.999999999,12,-0.0006334944745277809,13,3,-0.0011925554410067618,-143.1066529208114
ME4 BM3,2004-06-30 23:59:59.999999999,2004-07-31 23:59:59.999999999,2005-06-30 23:59:59.999999999,12,-0.0007119104529600316,14,3,0.0011115090502894543,133.38108603473452
ME4 BM5,2004-06-30 23:59:59.999999999,2004-07-31 23:59:59.999999999,2005-06-30 23:59:59.999999999,12,-0.0007433204151688005,15,3,-0.004777442866782854,-573.2931440139424
BIG HiBM,2004-06-30 23:59:59.999999999,2004-07-31 23:59:59.999999999,2005-06-30 23:59:59.999999999,12,-0.0009532370869760049,16,2,0.005388325304860266,646.599036583232
ME4 BM2,2004-06-30 23:59:59.999999999,2004-07-31 23:59:59.999999999,2005-06-30 23:59:59.999999999,12,-0.001407077166440863,17,2,-0.0023367874281491926,-280.4144913779031
ME5 BM2,2004-06-30 23:59:59.999999999,2004-07-31 23:59:59.999999999,2005-06-30 23:59:59.999999999,12,-0.0015463100115998799,18,2,-0.004039791999255741,-484.77503991068886
ME3 BM2,2004-06-30 23:59:59.999999999,2004-07-31 23:59:59.999999999,2005-06-30 23:59:59.999999999,12,-0.0017591314347028568,19,2,-0.0015256887576315266,-183.08265091578318
ME2 BM5,2004-06-30 23:59:59.999999999,2004-07-31 23:59:59.999999999,2005-06-30 23:59:59.999999999,12,-0.0018285918185115342,20,2,0.0006944100335580655,83.32920402696786
ME2 BM3,2004-06-30 23:59:59.999999999,2004-07-31 23:59:59.999999999,2005-06-30 23:59:59.999999999,12,-0.0020477383440829647,21,1,0.0006615101485901667,79.38121783081999
ME3 BM4,2004-06-30 23:59:59.999999999,2004-07-31 23:59:59.999999999,2005-06-30 23:59:59.999999999,12,-0.0021564537614398712,22,1,-0.007217044816045866,-866.045377925504
ME5 BM4,2004-06-30 23:59:59.999999999,2004-07-31 23:59:59.999999999,2005-06-30 23:59:59.999999999,12,-0.0024519694182509448,23,1,-0.007285890937327978,-874.3069124793574
ME3 BM3,2004-06-30 23:59:59.999999999,2004-07-31 23:59:59.999999999,2005-06-30 23:59:59.999999999,12,-0.0031720345562608722,24,1,-0.0039633764651812965,-475.60517582175555
SMALL LoBM,2004-06-30 23:59:59.999999999,2004-07-31 23:59:59.999999999,2005-06-30 23:59:59.999999999,12,-0.004802535656934919,25,1,-0.003855141102542039,-462.6169323050447
ME1 BM4,2005-06-30 23:59:59.999999999,2005-07-31 23:59:59.999999999,2006-06-30 23:59:59.999999999,12,0.0036234271124636684,1,5,0.0016797775806466717,201.5733096776006
SMALL HiBM,2005-06-30 23:59:59.999999999,2005-07-31 23:59:59.999999999,2006-06-30 23:59:59.999999999,12,0.0035679047900714317,2,5,0.0022364111204477653,268.3693344537318
ME4 BM1,2005-06-30 23:59:59.999999999,2005-07-31 23:59:59.999999999,2006-06-30 23:59:59.999999999,12,0.0015304381613677905,3,5,0.002442382547836054,293.0859057403265
BIG LoBM,2005-06-30 23:59:59.999999999,2005-07-31 23:59:59.999999999,2006-06-30 23:59:59.999999999,12,0.001341257771841645,4,5,-0.0013750523376659543,-165.00628051991453
ME1 BM2,2005-06-30 23:59:59.999999999,2005-07-31 23:59:59.999999999,2006-06-30 23:59:59.999999999,12,0.001221724861244417,5,5,0.00030313537347121424,36.376244816545714
ME1 BM3,2005-06-30 23:59:59.999999999,2005-07-31 23:59:59.999999999,2006-06-30 23:59:59.999999999,12,0.0007943614602289171,6,4,-0.0014109199569627459,-169.3103948355295
ME5 BM3,2005-06-30 23:59:59.999999999,2005-07-31 23:59:59.999999999,2006-06-30 23:59:59.999999999,12,-4.607487439427509e-05,7,4,-0.0009260816659874791,-111.12979991849748
ME4 BM4,2005-06-30 23:59:59.999999999,2005-07-31 23:59:59.999999999,2006-06-30 23:59:59.999999999,12,-4.621796483766656e-05,8,4,-0.0020348401811238273,-244.18082173485928
ME3 BM1,2005-06-30 23:59:59.999999999,2005-07-31 23:59:59.999999999,2006-06-30 23:59:59.999999999,12,-0.00013572505881791414,9,4,-7.933936251402721e-05,-9.520723501683266
ME2 BM2,2005-06-30 23:59:59.999999999,2005-07-31 23:59:59.999999999,2006-06-30 23:59:59.999999999,12,-0.0004008181444679392,10,4,0.001617218059135763,194.06616709629157
ME4 BM3,2005-06-30 23:59:59.999999999,2005-07-31 23:59:59.999999999,2006-06-30 23:59:59.999999999,12,-0.0005002112510705466,11,3,-0.0010958309039479132,-131.4997084737496
BIG HiBM,2005-06-30 23:59:59.999999999,2005-07-31 23:59:59.999999999,2006-06-30 23:59:59.999999999,12,-0.000914880346331705,12,3,0.0006178712670770774,74.1445520492493
ME2 BM5,2005-06-30 23:59:59.999999999,2005-07-31 23:59:59.999999999,2006-06-30 23:59:59.999999999,12,-0.0010118726755580154,13,3,-0.005002064139038895,-600.2476966846673
ME3 BM5,2005-06-30 23:59:59.999999999,2005-07-31 23:59:59.999999999,2006-06-30 23:59:59.999999999,12,-0.0011368312144439002,14,3,-0.011701029528462402,-1404.1235434154883
ME3 BM2,2005-06-30 23:59:59.999999999,2005-07-31 23:59:59.999999999,2006-06-30 23:59:59.999999999,12,-0.0011417341817425608,15,3,0.00030608922069616865,36.73070648354024
ME2 BM4,2005-06-30 23:59:59.999999999,2005-07-31 23:59:59.999999999,2006-06-30 23:59:59.999999999,12,-0.0011709444400427728,16,2,-0.004817291001791194,-578.0749202149434
ME2 BM1,2005-06-30 23:59:59.999999999,2005-07-31 23:59:59.999999999,2006-06-30 23:59:59.999999999,12,-0.0012367449024740208,17,2,-0.0024934157712277394,-299.2098925473287
ME4 BM5,2005-06-30 23:59:59.999999999,2005-07-31 23:59:59.999999999,2006-06-30 23:59:59.999999999,12,-0.0014970034192525448,18,2,-0.004505161716512062,-540.6194059814475
ME2 BM3,2005-06-30 23:59:59.999999999,2005-07-31 23:59:59.999999999,2006-06-30 23:59:59.999999999,12,-0.0017138647040690698,19,2,0.005131870693062677,615.8244831675212
ME5 BM2,2005-06-30 23:59:59.999999999,2005-07-31 23:59:59.999999999,2006-06-30 23:59:59.999999999,12,-0.0018654022386823746,20,2,-0.004295012045629417,-515.40144547553
ME4 BM2,2005-06-30 23:59:59.999999999,2005-07-31 23:59:59.999999999,2006-06-30 23:59:59.999999999,12,-0.002113538941360379,21,1,-0.0035486446347645834,-425.83735617175006
ME5 BM4,2005-06-30 23:59:59.999999999,2005-07-31 23:59:59.999999999,2006-06-30 23:59:59.999999999,12,-0.0030104457735177646,22,1,-0.001665297238767815,-199.8356686521378
ME3 BM3,2005-06-30 23:59:59.999999999,2005-07-31 23:59:59.999999999,2006-06-30 23:59:59.999999999,12,-0.00308589313529349,23,1,-0.0003535430835524547,-42.425170026294566
ME3 BM4,2005-06-30 23:59:59.999999999,2005-07-31 23:59:59.999999999,2006-06-30 23:59:59.999999999,12,-0.0033596456170453294,24,1,-0.008642031649099385,-1037.043797891926
SMALL LoBM,2005-06-30 23:59:59.999999999,2005-07-31 23:59:59.999999999,2006-06-30 23:59:59.999999999,12,-0.0048297967732766865,25,1,-0.002138834530213594,-256.66014362563124
SMALL HiBM,2006-06-30 23:59:59.999999999,2006-07-31 23:59:59.999999999,2007-06-30 23:59:59.999999999,12,0.003454821550654126,1,5,0.00575082569131093,690.0990829573116
ME1 BM4,2006-06-30 23:59:59.999999999,2006-07-31 23:59:59.999999999,2007-06-30 23:59:59.999999999,12,0.003374496703117586,2,5,0.0009731346857765954,116.77616229319145
ME4 BM1,2006-06-30 23:59:59.999999999,2006-07-31 23:59:59.999999999,2007-06-30 23:59:59.999999999,12,0.0016461899021292322,3,5,-0.0008286615399090008,-99.4393847890801
BIG LoBM,2006-06-30 23:59:59.999999999,2006-07-31 23:59:59.999999999,2007-06-30 23:59:59.999999999,12,0.0011452773983370332,4,5,-0.0016924136574118717,-203.0896388894246
ME1 BM2,2006-06-30 23:59:59.999999999,2006-07-31 23:59:59.999999999,2007-06-30 23:59:59.999999999,12,0.001047463907732403,5,5,-0.0015216370411865734,-182.5964449423888
ME1 BM3,2006-06-30 23:59:59.999999999,2006-07-31 23:59:59.999999999,2007-06-30 23:59:59.999999999,12,0.0003872389362299639,6,4,-0.0023267747857756483,-279.2129742930778
ME4 BM4,2006-06-30 23:59:59.999999999,2006-07-31 23:59:59.999999999,2007-06-30 23:59:59.999999999,12,0.0001123852118480531,7,4,-0.00032268676705786973,-38.72241204694437
ME3 BM1,2006-06-30 23:59:59.999999999,2006-07-31 23:59:59.999999999,2007-06-30 23:59:59.999999999,12,-4.6925209134222705e-05,8,4,0.005242660986343277,629.1193183611932
ME4 BM3,2006-06-30 23:59:59.999999999,2006-07-31 23:59:59.999999999,2007-06-30 23:59:59.999999999,12,-0.00027112007028590385,9,4,-0.00015768608481625765,-18.92233017795092
ME2 BM2,2006-06-30 23:59:59.999999999,2006-07-31 23:59:59.999999999,2007-06-30 23:59:59.999999999,12,-0.0003063095970418198,10,4,-0.002235528718452778,-268.2634462143333
ME5 BM3,2006-06-30 23:59:59.999999999,2006-07-31 23:59:59.999999999,2007-06-30 23:59:59.999999999,12,-0.0004920685651313129,11,3,0.0022946114932012114,275.3533791841454
ME2 BM3,2006-06-30 23:59:59.999999999,2006-07-31 23:59:59.999999999,2007-06-30 23:59:59.999999999,12,-0.0005888669485601498,12,3,-0.00015160150143873823,-18.192180172648587
ME3 BM2,2006-06-30 23:59:59.999999999,2006-07-31 23:59:59.999999999,2007-06-30 23:59:59.999999999,12,-0.0008459548027638256,13,3,0.004031312366569384,483.75748398832604
BIG HiBM,2006-06-30 23:59:59.999999999,2006-07-31 23:59:59.999999999,2007-06-30 23:59:59.999999999,12,-0.0012559441753305926,14,3,-0.0011084155167841085,-133.00986201409304
ME4 BM5,2006-06-30 23:59:59.999999999,2006-07-31 23:59:59.999999999,2007-06-30 23:59:59.999999999,12,-0.0012830375654651898,15,3,-7.064790404868205e-06,-0.8477748485841846
ME2 BM5,2006-06-30 23:59:59.999999999,2006-07-31 23:59:59.999999999,2007-06-30 23:59:59.999999999,12,-0.001546923817077099,16,2,-0.0005655831502715735,-67.86997803258882
ME2 BM1,2006-06-30 23:59:59.999999999,2006-07-31 23:59:59.999999999,2007-06-30 23:59:59.999999999,12,-0.0016204842296797671,17,2,-0.00600014564575285,-720.017477490342
ME4 BM2,2006-06-30 23:59:59.999999999,2006-07-31 23:59:59.999999999,2007-06-30 23:59:59.999999999,12,-0.0017540340078343168,18,2,0.0033317238250789648,399.8068590094758
ME3 BM5,2006-06-30 23:59:59.999999999,2006-07-31 23:59:59.999999999,2007-06-30 23:59:59.999999999,12,-0.0019290321953406332,19,2,-6.453615544725767e-05,-7.744338653670919
ME2 BM4,2006-06-30 23:59:59.999999999,2006-07-31 23:59:59.999999999,2007-06-30 23:59:59.999999999,12,-0.002080674161096469,20,2,-0.0027674144158102237,-332.08972989722685
ME5 BM2,2006-06-30 23:59:59.999999999,2006-07-31 23:59:59.999999999,2007-06-30 23:59:59.999999999,12,-0.002493994648746625,21,1,0.0016989917819691263,203.87901383629517
ME3 BM3,2006-06-30 23:59:59.999999999,2006-07-31 23:59:59.999999999,2007-06-30 23:59:59.999999999,12,-0.002730335896192605,22,1,0.004422016892180231,530.6420270616277
ME5 BM4,2006-06-30 23:59:59.999999999,2006-07-31 23:59:59.999999999,2007-06-30 23:59:59.999999999,12,-0.0027359774547358984,23,1,-0.0018630399099456671,-223.56478919348007
ME3 BM4,2006-06-30 23:59:59.999999999,2006-07-31 23:59:59.999999999,2007-06-30 23:59:59.999999999,12,-0.004418421716469461,24,1,0.0022004033338896625,264.0484000667595
SMALL LoBM,2006-06-30 23:59:59.999999999,2006-07-31 23:59:59.999999999,2007-06-30 23:59:59.999999999,12,-0.0046817693557513135,25,1,-0.00441564511101246,-529.8774133214952
SMALL HiBM,2007-06-30 23:59:59.999999999,2007-07-31 23:59:59.999999999,2008-06-30 23:59:59.999999999,12,0.00363486971957465,1,5,-0.012727514506205656,-1527.3017407446787
ME1 BM4,2007-06-30 23:59:59.999999999,2007-07-31 23:59:59.999999999,2008-06-30 23:59:59.999999999,12,0.0026111408560886124,2,5,-0.0010021775343471444,-120.26130412165732
ME4 BM1,2007-06-30 23:59:59.999999999,2007-07-31 23:59:59.999999999,2008-06-30 23:59:59.999999999,12,0.0017120611657878686,3,5,0.009284676618193405,1114.1611941832086
ME1 BM2,2007-06-30 23:59:59.999999999,2007-07-31 23:59:59.999999999,2008-06-30 23:59:59.999999999,12,0.0012724533359473452,4,5,-0.0016650243291405013,-199.80291949686014
ME3 BM1,2007-06-30 23:59:59.999999999,2007-07-31 23:59:59.999999999,2008-06-30 23:59:59.999999999,12,0.0011344350156071601,5,5,0.0012926458709845207,155.11750451814248
BIG LoBM,2007-06-30 23:59:59.999999999,2007-07-31 23:59:59.999999999,2008-06-30 23:59:59.999999999,12,0.0006283501850515551,6,4,0.002763890597079941,331.6668716495929
ME4 BM4,2007-06-30 23:59:59.999999999,2007-07-31 23:59:59.999999999,2008-06-30 23:59:59.999999999,12,0.0002802075683315939,7,4,0.008349257160249672,1001.9108592299606
ME3 BM2,2007-06-30 23:59:59.999999999,2007-07-31 23:59:59.999999999,2008-06-30 23:59:59.999999999,12,0.0001165294633636197,8,4,0.014764861061965418,1771.7833274358502
ME1 BM3,2007-06-30 23:59:59.999999999,2007-07-31 23:59:59.999999999,2008-06-30 23:59:59.999999999,12,-9.443558413125999e-06,9,4,-0.008099627843228388,-971.9553411874066
ME4 BM3,2007-06-30 23:59:59.999999999,2007-07-31 23:59:59.999999999,2008-06-30 23:59:59.999999999,12,-0.0001464202189076769,10,4,0.00704835208503396,845.8022502040752
ME2 BM2,2007-06-30 23:59:59.999999999,2007-07-31 23:59:59.999999999,2008-06-30 23:59:59.999999999,12,-0.00026382385028598794,11,3,0.009966808948237203,1196.0170737884644
ME5 BM3,2007-06-30 23:59:59.999999999,2007-07-31 23:59:59.999999999,2008-06-30 23:59:59.999999999,12,-0.0003529195239341527,12,3,0.001936397878533433,232.36774542401196
BIG HiBM,2007-06-30 23:59:59.999999999,2007-07-31 23:59:59.999999999,2008-06-30 23:59:59.999999999,12,-0.0004842297162403199,13,3,0.004984428311223454,598.1313973468145
ME4 BM5,2007-06-30 23:59:59.999999999,2007-07-31 23:59:59.999999999,2008-06-30 23:59:59.999999999,12,-0.0005018679050469228,14,3,-0.00768506671210643,-922.2080054527717
ME2 BM3,2007-06-30 23:59:59.999999999,2007-07-31 23:59:59.999999999,2008-06-30 23:59:59.999999999,12,-0.000566343125371799,15,3,0.014104872959205811,1692.5847551046975
ME4 BM2,2007-06-30 23:59:59.999999999,2007-07-31 23:59:59.999999999,2008-06-30 23:59:59.999999999,12,-0.0008835334568401356,16,2,0.012605003295670108,1512.600395480413
ME2 BM5,2007-06-30 23:59:59.999999999,2007-07-31 23:59:59.999999999,2008-06-30 23:59:59.999999999,12,-0.0011907396044252903,17,2,0.0011301525199138758,135.6183023896651
ME3 BM3,2007-06-30 23:59:59.999999999,2007-07-31 23:59:59.999999999,2008-06-30 23:59:59.999999999,12,-0.0013273156769655048,18,2,0.016565191147300994,1987.8229376761192
ME3 BM5,2007-06-30 23:59:59.999999999,2007-07-31 23:59:59.999999999,2008-06-30 23:59:59.999999999,12,-0.0014894347978525765,19,2,0.017939935001626318,2152.7922001951583
ME5 BM2,2007-06-30 23:59:59.999999999,2007-07-31 23:59:59.999999999,2008-06-30 23:59:59.999999999,12,-0.0016129093551186936,20,2,0.00860198018111262,1032.2376217335145
ME2 BM1,2007-06-30 23:59:59.999999999,2007-07-31 23:59:59.999999999,2008-06-30 23:59:59.999999999,12,-0.00171490303905837,21,1,0.00568044191184361,681.6530294212332
ME5 BM4,2007-06-30 23:59:59.999999999,2007-07-31 23:59:59.999999999,2008-06-30 23:59:59.999999999,12,-0.0021659189655993233,22,1,-0.0063536796318171065,-762.4415558180527
ME2 BM4,2007-06-30 23:59:59.999999999,2007-07-31 23:59:59.999999999,2008-06-30 23:59:59.999999999,12,-0.0024055533150355557,23,1,0.012717413117902263,1526.0895741482716
ME3 BM4,2007-06-30 23:59:59.999999999,2007-07-31 23:59:59.999999999,2008-06-30 23:59:59.999999999,12,-0.003276924347591083,24,1,0.014532922485544395,1743.9506982653274
SMALL LoBM,2007-06-30 23:59:59.999999999,2007-07-31 23:59:59.999999999,2008-06-30 23:59:59.999999999,12,-0.0036478967131963846,25,1,-0.007501791511681204,-900.2149814017445
ME1 BM4,2008-06-30 23:59:59.999999999,2008-07-31 23:59:59.999999999,2009-06-30 23:59:59.999999999,12,0.0026238191687734053,1,5,-0.002251343536179366,-270.1612243415239
SMALL HiBM,2008-06-30 23:59:59.999999999,2008-07-31 23:59:59.999999999,2009-06-30 23:59:59.999999999,12,0.002121977223104656,2,5,-0.005392562219185059,-647.1074663022071
ME4 BM1,2008-06-30 23:59:59.999999999,2008-07-31 23:59:59.999999999,2009-06-30 23:59:59.999999999,12,0.00196890086605206,3,5,-0.001858033208597905,-222.96398503174862
ME3 BM2,2008-06-30 23:59:59.999999999,2008-07-31 23:59:59.999999999,2009-06-30 23:59:59.999999999,12,0.0017893023171858212,4,5,0.0004791437561004991,57.4972507320599
ME1 BM2,2008-06-30 23:59:59.999999999,2008-07-31 23:59:59.999999999,2009-06-30 23:59:59.999999999,12,0.0016385098181297783,5,5,0.002575144365719311,309.01732388631734
ME2 BM2,2008-06-30 23:59:59.999999999,2008-07-31 23:59:59.999999999,2009-06-30 23:59:59.999999999,12,0.0015775003145121714,6,4,0.005862199725599542,703.463967071945
ME4 BM4,2008-06-30 23:59:59.999999999,2008-07-31 23:59:59.999999999,2009-06-30 23:59:59.999999999,12,0.0014691763300703105,7,4,0.005401449309534794,648.1739171441752
ME4 BM2,2008-06-30 23:59:59.999999999,2008-07-31 23:59:59.999999999,2009-06-30 23:59:59.999999999,12,0.0011917937585110353,8,4,0.006638371503118378,796.6045803742054
BIG HiBM,2008-06-30 23:59:59.999999999,2008-07-31 23:59:59.999999999,2009-06-30 23:59:59.999999999,12,0.0010966069876974442,9,4,0.022255139721569988,2670.6167665883986
ME2 BM3,2008-06-30 23:59:59.999999999,2008-07-31 23:59:59.999999999,2009-06-30 23:59:59.999999999,12,0.0009370745820924996,10,4,0.007766919683888022,932.0303620665627
ME3 BM1,2008-06-30 23:59:59.999999999,2008-07-31 23:59:59.999999999,2009-06-30 23:59:59.999999999,12,0.0009098687096059034,11,3,-0.004952645490278021,-594.3174588333625
BIG LoBM,2008-06-30 23:59:59.999999999,2008-07-31 23:59:59.999999999,2009-06-30 23:59:59.999999999,12,0.0008967655512243475,12,3,0.00324315000745373,389.1780008944476
ME5 BM3,2008-06-30 23:59:59.999999999,2008-07-31 23:59:59.999999999,2009-06-30 23:59:59.999999999,12,0.0005869997900338716,13,3,0.0034071858953109244,408.8623074373109
ME3 BM3,2008-06-30 23:59:59.999999999,2008-07-31 23:59:59.999999999,2009-06-30 23:59:59.999999999,12,0.0005784332561642519,14,3,0.008377977910936828,1005.3573493124193
ME5 BM2,2008-06-30 23:59:59.999999999,2008-07-31 23:59:59.999999999,2009-06-30 23:59:59.999999999,12,0.0004910022751617717,15,3,0.0019909170841870415,238.91005010244498
ME4 BM3,2008-06-30 23:59:59.999999999,2008-07-31 23:59:59.999999999,2009-06-30 23:59:59.999999999,12,0.0004382173729017074,16,2,-0.007186846155340028,-862.4215386408034
ME3 BM5,2008-06-30 23:59:59.999999999,2008-07-31 23:59:59.999999999,2009-06-30 23:59:59.999999999,12,0.00028374678856803886,17,2,0.015233395567190834,1828.0074680629002
ME2 BM1,2008-06-30 23:59:59.999999999,2008-07-31 23:59:59.999999999,2009-06-30 23:59:59.999999999,12,0.00017506794713494848,18,2,0.006141301612480628,736.9561934976754
ME1 BM3,2008-06-30 23:59:59.999999999,2008-07-31 23:59:59.999999999,2009-06-30 23:59:59.999999999,12,-0.00022733448525305512,19,2,0.0025103811506672446,301.2457380800693
ME4 BM5,2008-06-30 23:59:59.999999999,2008-07-31 23:59:59.999999999,2009-06-30 23:59:59.999999999,12,-0.0003051589231909122,20,2,-0.005675351933998991,-681.042232079879
ME2 BM5,2008-06-30 23:59:59.999999999,2008-07-31 23:59:59.999999999,2009-06-30 23:59:59.999999999,12,-0.0005326360199608313,21,1,0.0017430725014178337,209.16870017014006
ME2 BM4,2008-06-30 23:59:59.999999999,2008-07-31 23:59:59.999999999,2009-06-30 23:59:59.999999999,12,-0.0007656554985565381,22,1,0.0015880534852770448,190.56641823324537
ME3 BM4,2008-06-30 23:59:59.999999999,2008-07-31 23:59:59.999999999,2009-06-30 23:59:59.999999999,12,-0.0008681934637548318,23,1,0.0030067070031558757,360.8048403787051
ME5 BM4,2008-06-30 23:59:59.999999999,2008-07-31 23:59:59.999999999,2009-06-30 23:59:59.999999999,12,-0.001976531281882566,24,1,-0.0159919350639649,-1919.0322076757882
SMALL LoBM,2008-06-30 23:59:59.999999999,2008-07-31 23:59:59.999999999,2009-06-30 23:59:59.999999999,12,-0.0022853619398510126,25,1,0.0014951596087670084,179.419153052041
ME1 BM4,2009-06-30 23:59:59.999999999,2009-07-31 23:59:59.999999999,2010-06-30 23:59:59.999999999,12,0.002592541100989524,1,5,-0.0028377276472881592,-340.52731767457914
ME1 BM2,2009-06-30 23:59:59.999999999,2009-07-31 23:59:59.999999999,2010-06-30 23:59:59.999999999,12,0.002415003854647181,2,5,-0.009720121421311121,-1166.4145705573344
SMALL HiBM,2009-06-30 23:59:59.999999999,2009-07-31 23:59:59.999999999,2010-06-30 23:59:59.999999999,12,0.0023803672557892617,3,5,0.008422772413612174,1010.732689633461
ME4 BM1,2009-06-30 23:59:59.999999999,2009-07-31 23:59:59.999999999,2010-06-30 23:59:59.999999999,12,0.0022428221017797107,4,5,0.007212149487156208,865.4579384587449
ME3 BM2,2009-06-30 23:59:59.999999999,2009-07-31 23:59:59.999999999,2010-06-30 23:59:59.999999999,12,0.0020855015595357893,5,5,-0.0005458790740556213,-65.50548888667456
ME2 BM3,2009-06-30 23:59:59.999999999,2009-07-31 23:59:59.999999999,2010-06-30 23:59:59.999999999,12,0.001764015828417751,6,4,-0.002226061472773122,-267.1273767327746
ME4 BM4,2009-06-30 23:59:59.999999999,2009-07-31 23:59:59.999999999,2010-06-30 23:59:59.999999999,12,0.0017162658421733452,7,4,-0.000564861792461159,-67.78341509533908
ME4 BM2,2009-06-30 23:59:59.999999999,2009-07-31 23:59:59.999999999,2010-06-30 23:59:59.999999999,12,0.0017110127132499578,8,4,0.001893144416639529,227.17732999674348
ME3 BM3,2009-06-30 23:59:59.999999999,2009-07-31 23:59:59.999999999,2010-06-30 23:59:59.999999999,12,0.0015701982072523768,9,4,0.0015897420503621334,190.769046043456
BIG HiBM,2009-06-30 23:59:59.999999999,2009-07-31 23:59:59.999999999,2010-06-30 23:59:59.999999999,12,0.0012719043849009379,10,4,-0.010814009043868832,-1297.6810852642598
ME5 BM3,2009-06-30 23:59:59.999999999,2009-07-31 23:59:59.999999999,2010-06-30 23:59:59.999999999,12,0.0011968229699680284,11,3,-0.00011325246374884028,-13.590295649860835
ME2 BM2,2009-06-30 23:59:59.999999999,2009-07-31 23:59:59.999999999,2010-06-30 23:59:59.999999999,12,0.0011776998704377839,12,3,-0.0022558461711788113,-270.70154054145735
ME4 BM3,2009-06-30 23:59:59.999999999,2009-07-31 23:59:59.999999999,2010-06-30 23:59:59.999999999,12,0.0011481402564610717,13,3,-0.0011869080713207553,-142.42896855849062
ME5 BM2,2009-06-30 23:59:59.999999999,2009-07-31 23:59:59.999999999,2010-06-30 23:59:59.999999999,12,0.0011283084097869576,14,3,-0.0010436055292048704,-125.23266350458445
ME3 BM5,2009-06-30 23:59:59.999999999,2009-07-31 23:59:59.999999999,2010-06-30 23:59:59.999999999,12,0.0009823977384412013,15,3,0.0074800495706032226,897.6059484723867
ME3 BM1,2009-06-30 23:59:59.999999999,2009-07-31 23:59:59.999999999,2010-06-30 23:59:59.999999999,12,0.0006309396619124566,16,2,-5.324635006139841e-05,-6.389562007367809
BIG LoBM,2009-06-30 23:59:59.999999999,2009-07-31 23:59:59.999999999,2010-06-30 23:59:59.999999999,12,0.00014196508012073456,17,2,0.0010323778535751016,123.8853424290122
ME1 BM3,2009-06-30 23:59:59.999999999,2009-07-31 23:59:59.999999999,2010-06-30 23:59:59.999999999,12,-1.367097831003923e-05,18,2,-0.005004100296450007,-600.4920355740009
ME2 BM1,2009-06-30 23:59:59.999999999,2009-07-31 23:59:59.999999999,2010-06-30 23:59:59.999999999,12,-0.0003070345059592454,19,2,-0.007088335821817628,-850.6002986181153
ME3 BM4,2009-06-30 23:59:59.999999999,2009-07-31 23:59:59.999999999,2010-06-30 23:59:59.999999999,12,-0.0006288017552830626,20,2,0.005798352495004447,695.8022994005336
ME4 BM5,2009-06-30 23:59:59.999999999,2009-07-31 23:59:59.999999999,2010-06-30 23:59:59.999999999,12,-0.0008017239504915058,21,1,0.011100528566754734,1332.063428010568
ME2 BM4,2009-06-30 23:59:59.999999999,2009-07-31 23:59:59.999999999,2010-06-30 23:59:59.999999999,12,-0.0008495233759202673,22,1,-0.004614273494280639,-553.7128193136767
ME2 BM5,2009-06-30 23:59:59.999999999,2009-07-31 23:59:59.999999999,2010-06-30 23:59:59.999999999,12,-0.0015674911555077294,23,1,-0.0039022234579015615,-468.26681494818735
SMALL LoBM,2009-06-30 23:59:59.999999999,2009-07-31 23:59:59.999999999,2010-06-30 23:59:59.999999999,12,-0.002042187191674182,24,1,-0.01355362821000141,-1626.4353852001693
ME5 BM4,2009-06-30 23:59:59.999999999,2009-07-31 23:59:59.999999999,2010-06-30 23:59:59.999999999,12,-0.0025108593672288028,25,1,-0.010093831925993337,-1211.2598311192005
SMALL HiBM,2010-06-30 23:59:59.999999999,2010-07-31 23:59:59.999999999,2011-06-30 23:59:59.999999999,12,0.0029186617355584396,1,5,-0.0036119149801218226,-433.4297976146187
ME2 BM3,2010-06-30 23:59:59.999999999,2010-07-31 23:59:59.999999999,2011-06-30 23:59:59.999999999,12,0.002826512890268356,2,5,0.009090767194906852,1090.8920633888222
ME5 BM3,2010-06-30 23:59:59.999999999,2010-07-31 23:59:59.999999999,2011-06-30 23:59:59.999999999,12,0.0023132104418447474,3,5,0.008671945108878401,1040.6334130654081
ME4 BM1,2010-06-30 23:59:59.999999999,2010-07-31 23:59:59.999999999,2011-06-30 23:59:59.999999999,12,0.0020523337747835445,4,5,-0.0019621129309956055,-235.45355171947267
ME1 BM4,2010-06-30 23:59:59.999999999,2010-07-31 23:59:59.999999999,2011-06-30 23:59:59.999999999,12,0.0019880848500674637,5,5,0.0033708179101644736,404.49814921973683
ME4 BM2,2010-06-30 23:59:59.999999999,2010-07-31 23:59:59.999999999,2011-06-30 23:59:59.999999999,12,0.0019129445876926738,6,4,0.009109306006682747,1093.1167208019297
ME3 BM2,2010-06-30 23:59:59.999999999,2010-07-31 23:59:59.999999999,2011-06-30 23:59:59.999999999,12,0.0019063766165560007,7,4,0.012274460878058195,1472.9353053669834
ME3 BM3,2010-06-30 23:59:59.999999999,2010-07-31 23:59:59.999999999,2011-06-30 23:59:59.999999999,12,0.0017996360955844872,8,4,0.006437958009931755,772.5549611918107
ME4 BM4,2010-06-30 23:59:59.999999999,2010-07-31 23:59:59.999999999,2011-06-30 23:59:59.999999999,12,0.0016472342917770069,9,4,0.007667615584298729,920.1138701158475
ME2 BM2,2010-06-30 23:59:59.999999999,2010-07-31 23:59:59.999999999,2011-06-30 23:59:59.999999999,12,0.001361212573231395,10,4,0.007692808221295929,923.1369865555115
ME1 BM2,2010-06-30 23:59:59.999999999,2010-07-31 23:59:59.999999999,2011-06-30 23:59:59.999999999,12,0.001161285384681124,11,3,-0.007638704818203355,-916.6445781844027
ME5 BM2,2010-06-30 23:59:59.999999999,2010-07-31 23:59:59.999999999,2011-06-30 23:59:59.999999999,12,0.0011399472780631683,12,3,0.003584000692171197,430.08008306054364
BIG HiBM,2010-06-30 23:59:59.999999999,2010-07-31 23:59:59.999999999,2011-06-30 23:59:59.999999999,12,0.0010986728273055827,13,3,-0.009068101655316824,-1088.172198638019
ME4 BM3,2010-06-30 23:59:59.999999999,2010-07-31 23:59:59.999999999,2011-06-30 23:59:59.999999999,12,0.0009661806706406192,14,3,0.006373369989476618,764.8043987371941
ME3 BM5,2010-06-30 23:59:59.999999999,2010-07-31 23:59:59.999999999,2011-06-30 23:59:59.999999999,12,0.0005976889221262734,15,3,0.0010568773651731065,126.82528382077278
ME3 BM1,2010-06-30 23:59:59.999999999,2010-07-31 23:59:59.999999999,2011-06-30 23:59:59.999999999,12,0.0004913170024096126,16,2,-7.156752378411673e-05,-8.588102854094007
ME4 BM5,2010-06-30 23:59:59.999999999,2010-07-31 23:59:59.999999999,2011-06-30 23:59:59.999999999,12,0.0002534357843067641,17,2,-0.00475484867390956,-570.5818408691472
BIG LoBM,2010-06-30 23:59:59.999999999,2010-07-31 23:59:59.999999999,2011-06-30 23:59:59.999999999,12,3.3626449530842705e-05,18,2,0.00021650432071061414,25.980518485273695
ME2 BM1,2010-06-30 23:59:59.999999999,2010-07-31 23:59:59.999999999,2011-06-30 23:59:59.999999999,12,-2.851641065804134e-05,19,2,-0.0025790507780031726,-309.4860933603807
ME3 BM4,2010-06-30 23:59:59.999999999,2010-07-31 23:59:59.999999999,2011-06-30 23:59:59.999999999,12,-3.245806870082017e-05,20,2,0.010153755740440498,1218.4506888528597
ME1 BM3,2010-06-30 23:59:59.999999999,2010-07-31 23:59:59.999999999,2011-06-30 23:59:59.999999999,12,-0.00044624489354833086,21,1,0.0016023183944031672,192.27820732838006
ME2 BM4,2010-06-30 23:59:59.999999999,2010-07-31 23:59:59.999999999,2011-06-30 23:59:59.999999999,12,-0.0008560879666974758,22,1,0.004547829792141464,545.7395750569757
ME2 BM5,2010-06-30 23:59:59.999999999,2010-07-31 23:59:59.999999999,2011-06-30 23:59:59.999999999,12,-0.0015439352156430015,23,1,0.002545624501186289,305.4749401423547
ME5 BM4,2010-06-30 23:59:59.999999999,2010-07-31 23:59:59.999999999,2011-06-30 23:59:59.999999999,12,-0.0025273127324369643,24,1,0.0003548288899964189,42.57946679957027
SMALL LoBM,2010-06-30 23:59:59.999999999,2010-07-31 23:59:59.999999999,2011-06-30 23:59:59.999999999,12,-0.002933513649322893,25,1,-0.017708670568317753,-2125.0404681981304
SMALL HiBM,2011-06-30 23:59:59.999999999,2011-07-31 23:59:59.999999999,2012-06-30 23:59:59.999999999,12,0.002820041538807323,1,5,0.0075509809177717055,906.1177101326047
ME2 BM3,2011-06-30 23:59:59.999999999,2011-07-31 23:59:59.999999999,2012-06-30 23:59:59.999999999,12,0.0024325525957403287,2,5,-0.003774512249447302,-452.9414699336763
ME5 BM3,2011-06-30 23:59:59.999999999,2011-07-31 23:59:59.999999999,2012-06-30 23:59:59.999999999,12,0.0020444932415510492,3,5,0.0026452269706408703,317.42723647690445
ME4 BM1,2011-06-30 23:59:59.999999999,2011-07-31 23:59:59.999999999,2012-06-30 23:59:59.999999999,12,0.001973564729903183,4,5,-0.002147416489271824,-257.6899787126189
ME4 BM4,2011-06-30 23:59:59.999999999,2011-07-31 23:59:59.999999999,2012-06-30 23:59:59.999999999,12,0.0015258428402447966,5,5,0.002410913631482771,289.3096357779325
ME3 BM2,2011-06-30 23:59:59.999999999,2011-07-31 23:59:59.999999999,2012-06-30 23:59:59.999999999,12,0.0013671151215190792,6,4,-0.0018171403294568167,-218.056839534818
ME3 BM3,2011-06-30 23:59:59.999999999,2011-07-31 23:59:59.999999999,2012-06-30 23:59:59.999999999,12,0.0013340728221117042,7,4,-0.0039187715004112686,-470.2525800493522
ME4 BM2,2011-06-30 23:59:59.999999999,2011-07-31 23:59:59.999999999,2012-06-30 23:59:59.999999999,12,0.0012281015499821324,8,4,-0.005895628654974676,-707.4754385969611
ME1 BM4,2011-06-30 23:59:59.999999999,2011-07-31 23:59:59.999999999,2012-06-30 23:59:59.999999999,12,0.0011949475711686337,9,4,0.0024534074634912886,294.40889561895466
BIG HiBM,2011-06-30 23:59:59.999999999,2011-07-31 23:59:59.999999999,2012-06-30 23:59:59.999999999,12,0.000909799520641642,10,4,-0.012227541201873887,-1467.3049442248664
ME3 BM1,2011-06-30 23:59:59.999999999,2011-07-31 23:59:59.999999999,2012-06-30 23:59:59.999999999,12,0.0006439696966650569,11,3,-0.006650032527874832,-798.0039033449798
ME5 BM2,2011-06-30 23:59:59.999999999,2011-07-31 23:59:59.999999999,2012-06-30 23:59:59.999999999,12,0.0005777833946657737,12,3,0.0022255808019187233,267.0696962302468
ME2 BM2,2011-06-30 23:59:59.999999999,2011-07-31 23:59:59.999999999,2012-06-30 23:59:59.999999999,12,0.0005715656001280608,13,3,-0.0009224829003856167,-110.697948046274
ME1 BM2,2011-06-30 23:59:59.999999999,2011-07-31 23:59:59.999999999,2012-06-30 23:59:59.999999999,12,0.000288490007358304,14,3,8.470697347814366e-05,10.164836817377239
ME3 BM5,2011-06-30 23:59:59.999999999,2011-07-31 23:59:59.999999999,2012-06-30 23:59:59.999999999,12,0.00028283523039713485,15,3,-0.002154723696264857,-258.5668435517828
ME4 BM3,2011-06-30 23:59:59.999999999,2011-07-31 23:59:59.999999999,2012-06-30 23:59:59.999999999,12,0.0002325291211832728,16,2,-0.005456037666275902,-654.7245199531083
ME3 BM4,2011-06-30 23:59:59.999999999,2011-07-31 23:59:59.999999999,2012-06-30 23:59:59.999999999,12,-0.0002693167055404214,17,2,-0.0016798858920504386,-201.58630704605264
BIG LoBM,2011-06-30 23:59:59.999999999,2011-07-31 23:59:59.999999999,2012-06-30 23:59:59.999999999,12,-0.0002965535906192457,18,2,0.002755894518395394,330.70734220744725
ME2 BM1,2011-06-30 23:59:59.999999999,2011-07-31 23:59:59.999999999,2012-06-30 23:59:59.999999999,12,-0.00037983079273593755,19,2,0.005107260939813619,612.8713127776343
ME4 BM5,2011-06-30 23:59:59.999999999,2011-07-31 23:59:59.999999999,2012-06-30 23:59:59.999999999,12,-0.0006130910632795329,20,2,-0.0039965283442320665,-479.583401307848
ME2 BM4,2011-06-30 23:59:59.999999999,2011-07-31 23:59:59.999999999,2012-06-30 23:59:59.999999999,12,-0.0009817940505477895,21,1,0.005179642610903535,621.5571133084243
ME1 BM3,2011-06-30 23:59:59.999999999,2011-07-31 23:59:59.999999999,2012-06-30 23:59:59.999999999,12,-0.0013560592397262978,22,1,-0.0010154508014805356,-121.85409617766426
ME2 BM5,2011-06-30 23:59:59.999999999,2011-07-31 23:59:59.999999999,2012-06-30 23:59:59.999999999,12,-0.001629396190238329,23,1,-0.001943472952312719,-233.2167542775263
ME5 BM4,2011-06-30 23:59:59.999999999,2011-07-31 23:59:59.999999999,2012-06-30 23:59:59.999999999,12,-0.003412128370284654,24,1,0.006115547674527023,733.8657209432426
SMALL LoBM,2011-06-30 23:59:59.999999999,2011-07-31 23:59:59.999999999,2012-06-30 23:59:59.999999999,12,-0.0034283037563736375,25,1,-0.009243187675278187,-1109.1825210333825
SMALL HiBM,2012-06-30 23:59:59.999999999,2012-07-31 23:59:59.999999999,2013-06-30 23:59:59.999999999,12,0.0031844738274613735,1,5,-0.002784277331248543,-334.11327974982515
ME4 BM4,2012-06-30 23:59:59.999999999,2012-07-31 23:59:59.999999999,2013-06-30 23:59:59.999999999,12,0.0020820166367182084,2,5,0.005501919053477495,660.2302864172995
ME5 BM3,2012-06-30 23:59:59.999999999,2012-07-31 23:59:59.999999999,2013-06-30 23:59:59.999999999,12,0.001764037999587462,3,5,-0.0014412993961854129,-172.95592754224955
ME4 BM1,2012-06-30 23:59:59.999999999,2012-07-31 23:59:59.999999999,2013-06-30 23:59:59.999999999,12,0.0016930520607222946,4,5,0.003987102002686932,478.4522403224318
ME2 BM3,2012-06-30 23:59:59.999999999,2012-07-31 23:59:59.999999999,2013-06-30 23:59:59.999999999,12,0.0014006339492744376,5,5,0.0016802154432322628,201.62585318787154
ME3 BM2,2012-06-30 23:59:59.999999999,2012-07-31 23:59:59.999999999,2013-06-30 23:59:59.999999999,12,0.001228233562891014,6,4,0.0069468550863406855,833.6226103608823
ME1 BM4,2012-06-30 23:59:59.999999999,2012-07-31 23:59:59.999999999,2013-06-30 23:59:59.999999999,12,0.0007880121088747335,7,4,-5.3097904474405166e-05,-6.37174853692862
ME5 BM2,2012-06-30 23:59:59.999999999,2012-07-31 23:59:59.999999999,2013-06-30 23:59:59.999999999,12,0.0006480225540476173,8,4,0.0009635423042116372,115.62507650539646
ME2 BM2,2012-06-30 23:59:59.999999999,2012-07-31 23:59:59.999999999,2013-06-30 23:59:59.999999999,12,0.0006063397616067206,9,4,-0.00038514416712955545,-46.21730005554665
ME3 BM5,2012-06-30 23:59:59.999999999,2012-07-31 23:59:59.999999999,2013-06-30 23:59:59.999999999,12,0.0005966338549542343,10,4,-0.004815883516161915,-577.9060219394298
ME3 BM3,2012-06-30 23:59:59.999999999,2012-07-31 23:59:59.999999999,2013-06-30 23:59:59.999999999,12,0.0005768337583522056,11,3,0.00031681373340197196,38.017648008236634
ME1 BM2,2012-06-30 23:59:59.999999999,2012-07-31 23:59:59.999999999,2013-06-30 23:59:59.999999999,12,0.0005488824591897454,12,3,-0.0007200720923834237,-86.40865108601083
ME2 BM1,2012-06-30 23:59:59.999999999,2012-07-31 23:59:59.999999999,2013-06-30 23:59:59.999999999,12,0.0004757623578215058,13,3,0.00027448280017215027,32.93793602065803
ME4 BM2,2012-06-30 23:59:59.999999999,2012-07-31 23:59:59.999999999,2013-06-30 23:59:59.999999999,12,0.0004507091754226903,14,3,0.0032384332010233653,388.61198412280385
ME3 BM1,2012-06-30 23:59:59.999999999,2012-07-31 23:59:59.999999999,2013-06-30 23:59:59.999999999,12,0.000361674553392401,15,3,-0.0013612691309075073,-163.3522957089009
BIG HiBM,2012-06-30 23:59:59.999999999,2012-07-31 23:59:59.999999999,2013-06-30 23:59:59.999999999,12,0.00010473089626199396,16,2,0.004319600723813864,518.3520868576637
BIG LoBM,2012-06-30 23:59:59.999999999,2012-07-31 23:59:59.999999999,2013-06-30 23:59:59.999999999,12,1.975089216042455e-05,17,2,-0.002465690175766311,-295.88282109195734
ME3 BM4,2012-06-30 23:59:59.999999999,2012-07-31 23:59:59.999999999,2013-06-30 23:59:59.999999999,12,-0.00026893467279160587,18,2,0.004481052223466513,537.7262668159816
ME2 BM4,2012-06-30 23:59:59.999999999,2012-07-31 23:59:59.999999999,2013-06-30 23:59:59.999999999,12,-0.00042323524106568233,19,2,-0.0010082066536795367,-120.9847984415444
ME4 BM3,2012-06-30 23:59:59.999999999,2012-07-31 23:59:59.999999999,2013-06-30 23:59:59.999999999,12,-0.0005839601147984857,20,2,-0.0025333035005841577,-303.9964200700989
ME4 BM5,2012-06-30 23:59:59.999999999,2012-07-31 23:59:59.999999999,2013-06-30 23:59:59.999999999,12,-0.0012122324262719445,21,1,0.0031856271107653243,382.27525329183896
ME2 BM5,2012-06-30 23:59:59.999999999,2012-07-31 23:59:59.999999999,2013-06-30 23:59:59.999999999,12,-0.0015131843699378394,22,1,-0.000660094438327857,-79.21133259934284
ME1 BM3,2012-06-30 23:59:59.999999999,2012-07-31 23:59:59.999999999,2013-06-30 23:59:59.999999999,12,-0.0015999520144509235,23,1,-0.0018705497103811755,-224.46596524574105
ME5 BM4,2012-06-30 23:59:59.999999999,2012-07-31 23:59:59.999999999,2013-06-30 23:59:59.999999999,12,-0.0018081354742611117,24,1,-0.005223110547552794,-626.7732657063353
SMALL LoBM,2012-06-30 23:59:59.999999999,2012-07-31 23:59:59.999999999,2013-06-30 23:59:59.999999999,12,-0.003331103453177164,25,1,-0.0025400231582538434,-304.8027789904612
ME4 BM4,2013-06-30 23:59:59.999999999,2013-07-31 23:59:59.999999999,2014-06-30 23:59:59.999999999,12,0.002618855105679555,1,5,0.0015154062485901619,181.84874983081943
SMALL HiBM,2013-06-30 23:59:59.999999999,2013-07-31 23:59:59.999999999,2014-06-30 23:59:59.999999999,12,0.002269609531908952,2,5,-0.001609846254389977,-193.18155052679725
ME3 BM2,2013-06-30 23:59:59.999999999,2013-07-31 23:59:59.999999999,2014-06-30 23:59:59.999999999,12,0.0020724804823281377,3,5,0.0025337587951033314,304.05105541239976
ME4 BM1,2013-06-30 23:59:59.999999999,2013-07-31 23:59:59.999999999,2014-06-30 23:59:59.999999999,12,0.0017001128104617664,4,5,0.0005978660790813835,71.74392948976602
ME2 BM3,2013-06-30 23:59:59.999999999,2013-07-31 23:59:59.999999999,2014-06-30 23:59:59.999999999,12,0.0016499293938781903,5,5,0.0018751490083803357,225.01788100564028
ME2 BM2,2013-06-30 23:59:59.999999999,2013-07-31 23:59:59.999999999,2014-06-30 23:59:59.999999999,12,0.0012608805592229995,6,4,-0.0021235683702209222,-254.82820442651064
ME5 BM2,2013-06-30 23:59:59.999999999,2013-07-31 23:59:59.999999999,2014-06-30 23:59:59.999999999,12,0.0011329416991196055,7,4,-0.00028458756303516053,-34.15050756421926
ME5 BM3,2013-06-30 23:59:59.999999999,2013-07-31 23:59:59.999999999,2014-06-30 23:59:59.999999999,12,0.001010645238368984,8,4,0.00036645303291724064,43.97436395006888
ME4 BM2,2013-06-30 23:59:59.999999999,2013-07-31 23:59:59.999999999,2014-06-30 23:59:59.999999999,12,0.0007552461660815478,9,4,-0.0006938267608030973,-83.25921129637167
ME2 BM1,2013-06-30 23:59:59.999999999,2013-07-31 23:59:59.999999999,2014-06-30 23:59:59.999999999,12,0.000419090706515607,10,4,-0.000957080076468174,-114.84960917618088
ME3 BM3,2013-06-30 23:59:59.999999999,2013-07-31 23:59:59.999999999,2014-06-30 23:59:59.999999999,12,0.0003817998465839764,11,3,3.853857495788194e-06,0.4624628994945833
ME3 BM4,2013-06-30 23:59:59.999999999,2013-07-31 23:59:59.999999999,2014-06-30 23:59:59.999999999,12,0.0001898902991546544,12,3,0.00393998854691197,472.7986256294364
ME1 BM4,2013-06-30 23:59:59.999999999,2013-07-31 23:59:59.999999999,2014-06-30 23:59:59.999999999,12,1.4089138698003935e-05,13,3,0.005260261620060637,631.2313944072764
ME1 BM2,2013-06-30 23:59:59.999999999,2013-07-31 23:59:59.999999999,2014-06-30 23:59:59.999999999,12,-2.5053607682645773e-06,14,3,0.0056216916373786835,674.6029964854421
ME4 BM5,2013-06-30 23:59:59.999999999,2013-07-31 23:59:59.999999999,2014-06-30 23:59:59.999999999,12,-4.071919217521811e-05,15,3,0.003262457483047304,391.4948979656765
BIG HiBM,2013-06-30 23:59:59.999999999,2013-07-31 23:59:59.999999999,2014-06-30 23:59:59.999999999,12,-0.00014563070780275776,16,2,-0.0037690906658980616,-452.2908799077674
BIG LoBM,2013-06-30 23:59:59.999999999,2013-07-31 23:59:59.999999999,2014-06-30 23:59:59.999999999,12,-0.0001581063445552755,17,2,0.002513888189416679,301.6665827300015
ME3 BM5,2013-06-30 23:59:59.999999999,2013-07-31 23:59:59.999999999,2014-06-30 23:59:59.999999999,12,-0.0001617260902604494,18,2,0.003899303636275772,467.91643635309265
ME3 BM1,2013-06-30 23:59:59.999999999,2013-07-31 23:59:59.999999999,2014-06-30 23:59:59.999999999,12,-0.00019469692132430207,19,2,-0.002209758474312956,-265.1710169175547
ME2 BM4,2013-06-30 23:59:59.999999999,2013-07-31 23:59:59.999999999,2014-06-30 23:59:59.999999999,12,-0.0005751150121568577,20,2,-5.3040837935015794e-05,-6.364900552201895
ME2 BM5,2013-06-30 23:59:59.999999999,2013-07-31 23:59:59.999999999,2014-06-30 23:59:59.999999999,12,-0.0006842539349962427,21,1,-0.0016209041637986535,-194.50849965583842
ME4 BM3,2013-06-30 23:59:59.999999999,2013-07-31 23:59:59.999999999,2014-06-30 23:59:59.999999999,12,-0.0013696055714285526,22,1,0.0004955007286664507,59.46008743997408
ME1 BM3,2013-06-30 23:59:59.999999999,2013-07-31 23:59:59.999999999,2014-06-30 23:59:59.999999999,12,-0.0014642125548594504,23,1,-0.0015451375523983667,-185.416506287804
ME5 BM4,2013-06-30 23:59:59.999999999,2013-07-31 23:59:59.999999999,2014-06-30 23:59:59.999999999,12,-0.0020523830029945483,24,1,-0.00409642147551371,-491.5705770616452
SMALL LoBM,2013-06-30 23:59:59.999999999,2013-07-31 23:59:59.999999999,2014-06-30 23:59:59.999999999,12,-0.0037659550496453574,25,1,-0.007492321547702893,-899.0785857243471
ME3 BM2,2014-06-30 23:59:59.999999999,2014-07-31 23:59:59.999999999,2015-06-30 23:59:59.999999999,12,0.002303449242282044,1,5,0.0013645429201323443,163.7451504158813
ME4 BM4,2014-06-30 23:59:59.999999999,2014-07-31 23:59:59.999999999,2015-06-30 23:59:59.999999999,12,0.001926840026229816,2,5,-0.0034670856552454117,-416.0502786294494
ME2 BM3,2014-06-30 23:59:59.999999999,2014-07-31 23:59:59.999999999,2015-06-30 23:59:59.999999999,12,0.0016157221639521583,3,5,-0.0013375365661742918,-160.50438794091502
SMALL HiBM,2014-06-30 23:59:59.999999999,2014-07-31 23:59:59.999999999,2015-06-30 23:59:59.999999999,12,0.0015768130812951503,4,5,0.0016372358337360046,196.46830004832054
ME4 BM1,2014-06-30 23:59:59.999999999,2014-07-31 23:59:59.999999999,2015-06-30 23:59:59.999999999,12,0.0014096146992225403,5,5,0.0027861006860174244,334.3320823220909
ME2 BM2,2014-06-30 23:59:59.999999999,2014-07-31 23:59:59.999999999,2015-06-30 23:59:59.999999999,12,0.0010846637965438572,6,4,0.00410988765555485,493.18651866658206
ME5 BM2,2014-06-30 23:59:59.999999999,2014-07-31 23:59:59.999999999,2015-06-30 23:59:59.999999999,12,0.0010599868662579126,7,4,0.0011317614576649572,135.81137491979484
ME1 BM2,2014-06-30 23:59:59.999999999,2014-07-31 23:59:59.999999999,2015-06-30 23:59:59.999999999,12,0.0009660442713791599,8,4,0.00549218086622997,659.0617039475965
ME2 BM1,2014-06-30 23:59:59.999999999,2014-07-31 23:59:59.999999999,2015-06-30 23:59:59.999999999,12,0.0009022243506905596,9,4,0.0032268486961659526,387.22184353991435
ME5 BM3,2014-06-30 23:59:59.999999999,2014-07-31 23:59:59.999999999,2015-06-30 23:59:59.999999999,12,0.0008612134843532882,10,4,0.0010575998723152398,126.91198467782877
ME4 BM2,2014-06-30 23:59:59.999999999,2014-07-31 23:59:59.999999999,2015-06-30 23:59:59.999999999,12,0.0006088363735131622,11,3,-0.0029530704066805806,-354.3684488016697
ME3 BM3,2014-06-30 23:59:59.999999999,2014-07-31 23:59:59.999999999,2015-06-30 23:59:59.999999999,12,0.00045733779035941094,12,3,-0.0018017142711896448,-216.20571254275737
ME1 BM4,2014-06-30 23:59:59.999999999,2014-07-31 23:59:59.999999999,2015-06-30 23:59:59.999999999,12,0.00042915192572606163,13,3,0.0033981515958632115,407.7781915035854
ME4 BM5,2014-06-30 23:59:59.999999999,2014-07-31 23:59:59.999999999,2015-06-30 23:59:59.999999999,12,0.00029908032613089276,14,3,-0.002580221692589523,-309.62660311074274
ME3 BM5,2014-06-30 23:59:59.999999999,2014-07-31 23:59:59.999999999,2015-06-30 23:59:59.999999999,12,0.000152029437395516,15,3,-0.0025114611388539505,-301.37533666247407
ME3 BM4,2014-06-30 23:59:59.999999999,2014-07-31 23:59:59.999999999,2015-06-30 23:59:59.999999999,12,0.00013130395513442705,16,2,-0.004676586552109062,-561.1903862530875
BIG LoBM,2014-06-30 23:59:59.999999999,2014-07-31 23:59:59.999999999,2015-06-30 23:59:59.999999999,12,-0.00012706061631636016,17,2,0.0011719609689962438,140.63531627954924
BIG HiBM,2014-06-30 23:59:59.999999999,2014-07-31 23:59:59.999999999,2015-06-30 23:59:59.999999999,12,-0.0001327423803966045,18,2,0.007437141560855435,892.4569873026522
ME3 BM1,2014-06-30 23:59:59.999999999,2014-07-31 23:59:59.999999999,2015-06-30 23:59:59.999999999,12,-0.0005073663124992168,19,2,0.004303369861027955,516.4043833233546
ME2 BM4,2014-06-30 23:59:59.999999999,2014-07-31 23:59:59.999999999,2015-06-30 23:59:59.999999999,12,-0.0005793751910699602,20,2,0.0018800989048697887,225.61186858437463
ME4 BM3,2014-06-30 23:59:59.999999999,2014-07-31 23:59:59.999999999,2015-06-30 23:59:59.999999999,12,-0.0009260421860118073,21,1,0.0027537522980072802,330.45027576087364
ME1 BM3,2014-06-30 23:59:59.999999999,2014-07-31 23:59:59.999999999,2015-06-30 23:59:59.999999999,12,-0.0011244603872424257,22,1,-0.004240799414056453,-508.8959296867744
ME2 BM5,2014-06-30 23:59:59.999999999,2014-07-31 23:59:59.999999999,2015-06-30 23:59:59.999999999,12,-0.001134515125095361,23,1,-0.0026858622890817813,-322.30347468981375
ME5 BM4,2014-06-30 23:59:59.999999999,2014-07-31 23:59:59.999999999,2015-06-30 23:59:59.999999999,12,-0.0014399543775179323,24,1,-0.005191199699750531,-622.9439639700637
SMALL LoBM,2014-06-30 23:59:59.999999999,2014-07-31 23:59:59.999999999,2015-06-30 23:59:59.999999999,12,-0.0030358512078353314,25,1,-0.007162467883240729,-859.4961459888875
ME3 BM2,2015-06-30 23:59:59.999999999,2015-07-31 23:59:59.999999999,2016-06-30 23:59:59.999999999,12,0.002289102364975538,1,5,-0.0014990375211248119,-179.88450253497743
SMALL HiBM,2015-06-30 23:59:59.999999999,2015-07-31 23:59:59.999999999,2016-06-30 23:59:59.999999999,12,0.001770977692367364,2,5,0.0002497903576728678,29.97484292074413
ME4 BM1,2015-06-30 23:59:59.999999999,2015-07-31 23:59:59.999999999,2016-06-30 23:59:59.999999999,12,0.0012328419927740914,3,5,-0.002684524465529098,-322.14293586349174
ME4 BM4,2015-06-30 23:59:59.999999999,2015-07-31 23:59:59.999999999,2016-06-30 23:59:59.999999999,12,0.0011949199384251948,4,5,-0.00033669627878591063,-40.403553454309275
ME2 BM2,2015-06-30 23:59:59.999999999,2015-07-31 23:59:59.999999999,2016-06-30 23:59:59.999999999,12,0.0011843517886119316,5,5,0.002961757465401428,355.4108958481714
ME1 BM4,2015-06-30 23:59:59.999999999,2015-07-31 23:59:59.999999999,2016-06-30 23:59:59.999999999,12,0.0009539846601580487,6,4,-0.0019199817688407255,-230.39781226088706
ME1 BM2,2015-06-30 23:59:59.999999999,2015-07-31 23:59:59.999999999,2016-06-30 23:59:59.999999999,12,0.0009253844739157317,7,4,-0.005108186441203645,-612.9823729444374
ME2 BM3,2015-06-30 23:59:59.999999999,2015-07-31 23:59:59.999999999,2016-06-30 23:59:59.999999999,12,0.0008482559311786521,8,4,0.0020613388430023847,247.36066116028618
ME2 BM1,2015-06-30 23:59:59.999999999,2015-07-31 23:59:59.999999999,2016-06-30 23:59:59.999999999,12,0.0007723746510393384,9,4,-0.007812437299810491,-937.4924759772589
ME5 BM3,2015-06-30 23:59:59.999999999,2015-07-31 23:59:59.999999999,2016-06-30 23:59:59.999999999,12,0.0007597052028623485,10,4,0.004754822653904812,570.5787184685774
ME5 BM2,2015-06-30 23:59:59.999999999,2015-07-31 23:59:59.999999999,2016-06-30 23:59:59.999999999,12,0.0007374794137686465,11,3,0.0022498813168863457,269.9857580263615
ME4 BM2,2015-06-30 23:59:59.999999999,2015-07-31 23:59:59.999999999,2016-06-30 23:59:59.999999999,12,0.00024051041467297498,12,3,-0.0007006481262076784,-84.07777514492142
ME4 BM5,2015-06-30 23:59:59.999999999,2015-07-31 23:59:59.999999999,2016-06-30 23:59:59.999999999,12,0.0002302415368483188,13,3,-0.007524317451918185,-902.9180942301822
BIG LoBM,2015-06-30 23:59:59.999999999,2015-07-31 23:59:59.999999999,2016-06-30 23:59:59.999999999,12,0.0002287852044634207,14,3,-0.00016730328664301018,-20.076394397161224
ME3 BM3,2015-06-30 23:59:59.999999999,2015-07-31 23:59:59.999999999,2016-06-30 23:59:59.999999999,12,0.00018711467307469803,15,3,-0.0004299880144112001,-51.59856172934401
BIG HiBM,2015-06-30 23:59:59.999999999,2015-07-31 23:59:59.999999999,2016-06-30 23:59:59.999999999,12,-2.650541726597087e-05,16,2,-0.013526438504771596,-1623.1726205725915
ME3 BM1,2015-06-30 23:59:59.999999999,2015-07-31 23:59:59.999999999,2016-06-30 23:59:59.999999999,12,-7.573887875661888e-05,17,2,-0.006022548835204172,-722.7058602245007
ME3 BM5,2015-06-30 23:59:59.999999999,2015-07-31 23:59:59.999999999,2016-06-30 23:59:59.999999999,12,-0.00013546152112263254,18,2,-0.00029397197712706266,-35.276637255247515
ME3 BM4,2015-06-30 23:59:59.999999999,2015-07-31 23:59:59.999999999,2016-06-30 23:59:59.999999999,12,-0.00032237525770958367,19,2,-0.0018464093666907208,-221.5691240028865
ME2 BM4,2015-06-30 23:59:59.999999999,2015-07-31 23:59:59.999999999,2016-06-30 23:59:59.999999999,12,-0.000619853277520646,20,2,0.002745881658431849,329.50579901182186
ME1 BM3,2015-06-30 23:59:59.999999999,2015-07-31 23:59:59.999999999,2016-06-30 23:59:59.999999999,12,-0.001202827611492764,21,1,-0.0040754626576138065,-489.0555189136568
ME5 BM4,2015-06-30 23:59:59.999999999,2015-07-31 23:59:59.999999999,2016-06-30 23:59:59.999999999,12,-0.0013264109600127092,22,1,0.00031757187771512047,38.10862532581446
ME2 BM5,2015-06-30 23:59:59.999999999,2015-07-31 23:59:59.999999999,2016-06-30 23:59:59.999999999,12,-0.0015266562299665089,23,1,0.00019538493461003164,23.446192153203796
ME4 BM3,2015-06-30 23:59:59.999999999,2015-07-31 23:59:59.999999999,2016-06-30 23:59:59.999999999,12,-0.0016213585606077337,24,1,0.002160973806953769,259.31685683445227
SMALL LoBM,2015-06-30 23:59:59.999999999,2015-07-31 23:59:59.999999999,2016-06-30 23:59:59.999999999,12,-0.003014091831131953,25,1,-0.01730143392155431,-2076.1720705865173
ME3 BM2,2016-06-30 23:59:59.999999999,2016-07-31 23:59:59.999999999,2017-06-30 23:59:59.999999999,12,0.002401660884181918,1,5,-0.002586236998787185,-310.3484398544622
SMALL HiBM,2016-06-30 23:59:59.999999999,2016-07-31 23:59:59.999999999,2017-06-30 23:59:59.999999999,12,0.0016447862140865624,2,5,9.554556214258261e-06,1.1465467457109912
ME4 BM4,2016-06-30 23:59:59.999999999,2016-07-31 23:59:59.999999999,2017-06-30 23:59:59.999999999,12,0.0013690651453481188,3,5,-0.006239257149582633,-748.7108579499161
ME1 BM4,2016-06-30 23:59:59.999999999,2016-07-31 23:59:59.999999999,2017-06-30 23:59:59.999999999,12,0.0010258145127530606,4,5,0.007591240807271475,910.948896872577
ME5 BM2,2016-06-30 23:59:59.999999999,2016-07-31 23:59:59.999999999,2017-06-30 23:59:59.999999999,12,0.0008873812224805983,5,5,0.0006536488130574563,78.43785756689476
ME2 BM2,2016-06-30 23:59:59.999999999,2016-07-31 23:59:59.999999999,2017-06-30 23:59:59.999999999,12,0.0007035785360572205,6,4,-0.0019335355214298152,-232.02426257157782
ME3 BM5,2016-06-30 23:59:59.999999999,2016-07-31 23:59:59.999999999,2017-06-30 23:59:59.999999999,12,0.0006306203056987302,7,4,-0.0035625762439309935,-427.50914927171925
ME5 BM3,2016-06-30 23:59:59.999999999,2016-07-31 23:59:59.999999999,2017-06-30 23:59:59.999999999,12,0.0005957046562027065,8,4,-0.005965409930828295,-715.8491916993954
ME4 BM1,2016-06-30 23:59:59.999999999,2016-07-31 23:59:59.999999999,2017-06-30 23:59:59.999999999,12,0.0005168287369761493,9,4,-0.0014716501460104142,-176.5980175212497
ME1 BM2,2016-06-30 23:59:59.999999999,2016-07-31 23:59:59.999999999,2017-06-30 23:59:59.999999999,12,0.0005161836990125166,10,4,-0.0030282775862205138,-363.39331034646165
BIG LoBM,2016-06-30 23:59:59.999999999,2016-07-31 23:59:59.999999999,2017-06-30 23:59:59.999999999,12,0.00040111748865464153,11,3,0.002941452372466446,352.97428469597355
ME4 BM2,2016-06-30 23:59:59.999999999,2016-07-31 23:59:59.999999999,2017-06-30 23:59:59.999999999,12,0.0002034609992914065,12,3,-0.0020216384610779736,-242.59661532935684
ME3 BM4,2016-06-30 23:59:59.999999999,2016-07-31 23:59:59.999999999,2017-06-30 23:59:59.999999999,12,0.00018686498672021667,13,3,-0.0023517923954432638,-282.21508745319164
ME2 BM1,2016-06-30 23:59:59.999999999,2016-07-31 23:59:59.999999999,2017-06-30 23:59:59.999999999,12,-1.8000678431711807e-05,14,3,0.0071218394222499455,854.6207306699935
ME2 BM3,2016-06-30 23:59:59.999999999,2016-07-31 23:59:59.999999999,2017-06-30 23:59:59.999999999,12,-0.00013886966672833366,15,3,-0.0028492664012326244,-341.91196814791493
ME2 BM4,2016-06-30 23:59:59.999999999,2016-07-31 23:59:59.999999999,2017-06-30 23:59:59.999999999,12,-0.00017506112043014856,16,2,0.002314982777373219,277.79793328478627
ME4 BM5,2016-06-30 23:59:59.999999999,2016-07-31 23:59:59.999999999,2017-06-30 23:59:59.999999999,12,-0.00019751349331936416,17,2,0.0053933908206361325,647.2068984763358
ME3 BM1,2016-06-30 23:59:59.999999999,2016-07-31 23:59:59.999999999,2017-06-30 23:59:59.999999999,12,-0.0002800847561469548,18,2,-0.0015593440990536835,-187.121291886442
BIG HiBM,2016-06-30 23:59:59.999999999,2016-07-31 23:59:59.999999999,2017-06-30 23:59:59.999999999,12,-0.0003452721314709467,19,2,0.007298046258939377,875.7655510727252
ME3 BM3,2016-06-30 23:59:59.999999999,2016-07-31 23:59:59.999999999,2017-06-30 23:59:59.999999999,12,-0.0003630013708948002,20,2,0.001690846897577328,202.90162770927935
ME2 BM5,2016-06-30 23:59:59.999999999,2016-07-31 23:59:59.999999999,2017-06-30 23:59:59.999999999,12,-0.001229087590265944,21,1,-0.0037779315579983884,-453.3517869598066
ME5 BM4,2016-06-30 23:59:59.999999999,2016-07-31 23:59:59.999999999,2017-06-30 23:59:59.999999999,12,-0.0014165925205638264,22,1,-0.006371762815201604,-764.6115378241924
ME1 BM3,2016-06-30 23:59:59.999999999,2016-07-31 23:59:59.999999999,2017-06-30 23:59:59.999999999,12,-0.001521602158738129,23,1,0.0076806451910309105,921.6774229237093
ME4 BM3,2016-06-30 23:59:59.999999999,2016-07-31 23:59:59.999999999,2017-06-30 23:59:59.999999999,12,-0.0017051794710702345,24,1,-0.001363889903926453,-163.66678847117439
SMALL LoBM,2016-06-30 23:59:59.999999999,2016-07-31 23:59:59.999999999,2017-06-30 23:59:59.999999999,12,-0.003924452707876597,25,1,0.007324607899137384,878.9529478964861
ME1 BM4,2017-06-30 23:59:59.999999999,2017-07-31 23:59:59.999999999,2018-06-30 23:59:59.999999999,12,0.0015836557147838734,1,5,0.0021112149831824657,253.34579798189586
ME3 BM2,2017-06-30 23:59:59.999999999,2017-07-31 23:59:59.999999999,2018-06-30 23:59:59.999999999,12,0.0012569271522868703,2,5,-0.0031987330775751373,-383.84796930901643
ME2 BM2,2017-06-30 23:59:59.999999999,2017-07-31 23:59:59.999999999,2018-06-30 23:59:59.999999999,12,0.0011407421351083797,3,5,0.004299253108933006,515.9103730719607
ME2 BM1,2017-06-30 23:59:59.999999999,2017-07-31 23:59:59.999999999,2018-06-30 23:59:59.999999999,12,0.0009654283590844707,4,5,-0.006891279313972403,-826.9535176766883
BIG LoBM,2017-06-30 23:59:59.999999999,2017-07-31 23:59:59.999999999,2018-06-30 23:59:59.999999999,12,0.0009218388955833108,5,5,0.006272538282197087,752.7045938636505
SMALL HiBM,2017-06-30 23:59:59.999999999,2017-07-31 23:59:59.999999999,2018-06-30 23:59:59.999999999,12,0.000898014434490621,6,4,0.004455991380418046,534.7189656501655
ME4 BM4,2017-06-30 23:59:59.999999999,2017-07-31 23:59:59.999999999,2018-06-30 23:59:59.999999999,12,0.0006778596366913684,7,4,-0.005901463694459905,-708.1756433351886
ME5 BM2,2017-06-30 23:59:59.999999999,2017-07-31 23:59:59.999999999,2018-06-30 23:59:59.999999999,12,0.000558314886903138,8,4,-0.003282326422653798,-393.8791707184558
ME2 BM4,2017-06-30 23:59:59.999999999,2017-07-31 23:59:59.999999999,2018-06-30 23:59:59.999999999,12,0.0005536208667928784,9,4,0.0006810978900307702,81.73174680369242
ME4 BM1,2017-06-30 23:59:59.999999999,2017-07-31 23:59:59.999999999,2018-06-30 23:59:59.999999999,12,0.00048735886475445486,10,4,-0.00036008995501010535,-43.21079460121264
ME4 BM5,2017-06-30 23:59:59.999999999,2017-07-31 23:59:59.999999999,2018-06-30 23:59:59.999999999,12,0.0002826747118236809,11,3,0.0022009462885619643,264.1135546274357
ME4 BM2,2017-06-30 23:59:59.999999999,2017-07-31 23:59:59.999999999,2018-06-30 23:59:59.999999999,12,9.539757739548023e-05,12,3,0.0010723905848902286,128.68687018682743
ME1 BM3,2017-06-30 23:59:59.999999999,2017-07-31 23:59:59.999999999,2018-06-30 23:59:59.999999999,12,2.1572502822798158e-05,13,3,-0.00015731074184056055,-18.877289020867266
ME3 BM4,2017-06-30 23:59:59.999999999,2017-07-31 23:59:59.999999999,2018-06-30 23:59:59.999999999,12,-0.00014168768192968588,14,3,-0.0008384000233416326,-100.6080028009959
ME5 BM3,2017-06-30 23:59:59.999999999,2017-07-31 23:59:59.999999999,2018-06-30 23:59:59.999999999,12,-0.0002071150596377564,15,3,0.0008467494487228206,101.60993384673847
ME1 BM2,2017-06-30 23:59:59.999999999,2017-07-31 23:59:59.999999999,2018-06-30 23:59:59.999999999,12,-0.00035901796386825886,16,2,0.00022333710135174754,26.800452162209705
ME3 BM5,2017-06-30 23:59:59.999999999,2017-07-31 23:59:59.999999999,2018-06-30 23:59:59.999999999,12,-0.0004357149715771045,17,2,-0.0012043524006616635,-144.52228807939963
BIG HiBM,2017-06-30 23:59:59.999999999,2017-07-31 23:59:59.999999999,2018-06-30 23:59:59.999999999,12,-0.0004433398522273012,18,2,-0.0020843124949703378,-250.11749939644054
ME3 BM3,2017-06-30 23:59:59.999999999,2017-07-31 23:59:59.999999999,2018-06-30 23:59:59.999999999,12,-0.0005590789009656195,19,2,-0.004652744050724388,-558.3292860869266
ME2 BM3,2017-06-30 23:59:59.999999999,2017-07-31 23:59:59.999999999,2018-06-30 23:59:59.999999999,12,-0.0005616220355010666,20,2,-0.0022782339516410266,-273.3880741969232
ME4 BM3,2017-06-30 23:59:59.999999999,2017-07-31 23:59:59.999999999,2018-06-30 23:59:59.999999999,12,-0.0009493797518435613,21,1,-0.003783296067086083,-453.99552805032994
ME3 BM1,2017-06-30 23:59:59.999999999,2017-07-31 23:59:59.999999999,2018-06-30 23:59:59.999999999,12,-0.001080596362590248,22,1,-0.002146741695217472,-257.60900342609665
ME2 BM5,2017-06-30 23:59:59.999999999,2017-07-31 23:59:59.999999999,2018-06-30 23:59:59.999999999,12,-0.0016812469975462272,23,1,-0.0003166024586833607,-37.992295042003285
ME5 BM4,2017-06-30 23:59:59.999999999,2017-07-31 23:59:59.999999999,2018-06-30 23:59:59.999999999,12,-0.0019614550613187994,24,1,-0.0018971500366934569,-227.65800440321485
SMALL LoBM,2017-06-30 23:59:59.999999999,2017-07-31 23:59:59.999999999,2018-06-30 23:59:59.999999999,12,-0.002745053238168721,25,1,0.00164782401805179,197.7388821662148
ME1 BM4,2018-06-30 23:59:59.999999999,2018-07-31 23:59:59.999999999,2019-06-30 23:59:59.999999999,12,0.001679888410517159,1,5,-0.002647415763553918,-317.68989162647017
ME2 BM2,2018-06-30 23:59:59.999999999,2018-07-31 23:59:59.999999999,2019-06-30 23:59:59.999999999,12,0.0015032157793974379,2,5,0.005361367172409042,643.364060689085
BIG LoBM,2018-06-30 23:59:59.999999999,2018-07-31 23:59:59.999999999,2019-06-30 23:59:59.999999999,12,0.0013993188323347364,3,5,-0.0018602821126677477,-223.2338535201297
SMALL HiBM,2018-06-30 23:59:59.999999999,2018-07-31 23:59:59.999999999,2019-06-30 23:59:59.999999999,12,0.0013211128691011057,4,5,-0.002397734404102702,-287.72812849232423
ME3 BM2,2018-06-30 23:59:59.999999999,2018-07-31 23:59:59.999999999,2019-06-30 23:59:59.999999999,12,0.0007833756889958211,5,5,0.0031583972908561923,379.0076749027431
ME4 BM5,2018-06-30 23:59:59.999999999,2018-07-31 23:59:59.999999999,2019-06-30 23:59:59.999999999,12,0.000706768650298771,6,4,0.0011136330905141961,133.63597086170353
ME2 BM4,2018-06-30 23:59:59.999999999,2018-07-31 23:59:59.999999999,2019-06-30 23:59:59.999999999,12,0.0006076871664732384,7,4,-0.005791498113376324,-694.9797736051588
ME4 BM4,2018-06-30 23:59:59.999999999,2018-07-31 23:59:59.999999999,2019-06-30 23:59:59.999999999,12,0.0003037563297167898,8,4,-0.0034032178543781173,-408.3861425253741
ME4 BM1,2018-06-30 23:59:59.999999999,2018-07-31 23:59:59.999999999,2019-06-30 23:59:59.999999999,12,0.00028254977320499314,9,4,0.005691902162277125,683.028259473255
ME5 BM3,2018-06-30 23:59:59.999999999,2018-07-31 23:59:59.999999999,2019-06-30 23:59:59.999999999,12,0.00018323024937501878,10,4,0.0018574111132567447,222.88933359080934
ME2 BM1,2018-06-30 23:59:59.999999999,2018-07-31 23:59:59.999999999,2019-06-30 23:59:59.999999999,12,0.00013710110843346678,11,3,0.0031909663755581206,382.9159650669744
ME4 BM2,2018-06-30 23:59:59.999999999,2018-07-31 23:59:59.999999999,2019-06-30 23:59:59.999999999,12,8.058521324731747e-05,12,3,0.001284625460377663,154.15505524531955
ME1 BM3,2018-06-30 23:59:59.999999999,2018-07-31 23:59:59.999999999,2019-06-30 23:59:59.999999999,12,2.114961931514467e-05,13,3,-0.004314097046226208,-517.691645547145
ME3 BM4,2018-06-30 23:59:59.999999999,2018-07-31 23:59:59.999999999,2019-06-30 23:59:59.999999999,12,2.0438804417357605e-05,14,3,0.001309048226618723,157.08578719424676
ME5 BM2,2018-06-30 23:59:59.999999999,2018-07-31 23:59:59.999999999,2019-06-30 23:59:59.999999999,12,-0.00016993372341155986,15,3,0.0010736270825659675,128.83524990791608
ME1 BM2,2018-06-30 23:59:59.999999999,2018-07-31 23:59:59.999999999,2019-06-30 23:59:59.999999999,12,-0.0002280698667966821,16,2,0.0012479599036095592,149.7551884331471
BIG HiBM,2018-06-30 23:59:59.999999999,2018-07-31 23:59:59.999999999,2019-06-30 23:59:59.999999999,12,-0.0004937521899772967,17,2,0.0037316000108934427,447.7920013072131
ME2 BM3,2018-06-30 23:59:59.999999999,2018-07-31 23:59:59.999999999,2019-06-30 23:59:59.999999999,12,-0.0007494680869367493,18,2,0.0032798185589550644,393.5782270746077
ME3 BM5,2018-06-30 23:59:59.999999999,2018-07-31 23:59:59.999999999,2019-06-30 23:59:59.999999999,12,-0.0010095558686479406,19,2,-0.0030479167101278098,-365.7500052153371
ME3 BM1,2018-06-30 23:59:59.999999999,2018-07-31 23:59:59.999999999,2019-06-30 23:59:59.999999999,12,-0.0011296564458140987,20,2,0.0010928097350332208,131.1371682039865
ME3 BM3,2018-06-30 23:59:59.999999999,2018-07-31 23:59:59.999999999,2019-06-30 23:59:59.999999999,12,-0.0011818099600343216,21,1,0.0058831330263693325,705.9759631643199
ME2 BM5,2018-06-30 23:59:59.999999999,2018-07-31 23:59:59.999999999,2019-06-30 23:59:59.999999999,12,-0.0012422950450175357,22,1,0.00049586125670859,59.50335080503081
ME4 BM3,2018-06-30 23:59:59.999999999,2018-07-31 23:59:59.999999999,2019-06-30 23:59:59.999999999,12,-0.0012574382151163222,23,1,-0.004110868797545766,-493.30425570549187
ME5 BM4,2018-06-30 23:59:59.999999999,2018-07-31 23:59:59.999999999,2019-06-30 23:59:59.999999999,12,-0.0020230645471298026,24,1,-0.00463138381480463,-555.7660577765556
SMALL LoBM,2018-06-30 23:59:59.999999999,2018-07-31 23:59:59.999999999,2019-06-30 23:59:59.999999999,12,-0.0025074526335431353,25,1,-0.0028319919118966097,-339.8390294275932
ME1 BM4,2019-06-30 23:59:59.999999999,2019-07-31 23:59:59.999999999,2020-06-30 23:59:59.999999999,12,0.001759101406221462,1,5,-0.005312886801671478,-637.5464162005773
ME2 BM2,2019-06-30 23:59:59.999999999,2019-07-31 23:59:59.999999999,2020-06-30 23:59:59.999999999,12,0.0015674568523824746,2,5,-0.008603902715841452,-1032.4683259009742
SMALL HiBM,2019-06-30 23:59:59.999999999,2019-07-31 23:59:59.999999999,2020-06-30 23:59:59.999999999,12,0.0013490536637494896,3,5,0.003875340425643905,465.04085107726854
ME3 BM2,2019-06-30 23:59:59.999999999,2019-07-31 23:59:59.999999999,2020-06-30 23:59:59.999999999,12,0.001167365743304067,4,5,-0.0031430489762487544,-377.16587714985053
ME4 BM5,2019-06-30 23:59:59.999999999,2019-07-31 23:59:59.999999999,2020-06-30 23:59:59.999999999,12,0.0008024747856045995,5,5,-0.006615588006260717,-793.8705607512861
BIG LoBM,2019-06-30 23:59:59.999999999,2019-07-31 23:59:59.999999999,2020-06-30 23:59:59.999999999,12,0.0007333442491102228,6,4,0.0016061080614229418,192.73296737075302
ME2 BM1,2019-06-30 23:59:59.999999999,2019-07-31 23:59:59.999999999,2020-06-30 23:59:59.999999999,12,0.0007029039037262544,7,4,-0.004965184756063507,-595.8221707276208
ME4 BM1,2019-06-30 23:59:59.999999999,2019-07-31 23:59:59.999999999,2020-06-30 23:59:59.999999999,12,0.0005866776892848691,8,4,7.967436942208472e-05,9.560924330650165
ME5 BM3,2019-06-30 23:59:59.999999999,2019-07-31 23:59:59.999999999,2020-06-30 23:59:59.999999999,12,0.0003614617497453194,9,4,-0.007729366768904814,-927.5240122685776
ME5 BM2,2019-06-30 23:59:59.999999999,2019-07-31 23:59:59.999999999,2020-06-30 23:59:59.999999999,12,0.00025182984907865305,10,4,-0.0014510920678318332,-174.13104813982
ME1 BM3,2019-06-30 23:59:59.999999999,2019-07-31 23:59:59.999999999,2020-06-30 23:59:59.999999999,12,0.00018977022829991025,11,3,-0.0012388352437409874,-148.6602292489185
ME1 BM2,2019-06-30 23:59:59.999999999,2019-07-31 23:59:59.999999999,2020-06-30 23:59:59.999999999,12,0.0001030103575734063,12,3,0.005108729835770592,613.047580292471
ME4 BM3,2019-06-30 23:59:59.999999999,2019-07-31 23:59:59.999999999,2020-06-30 23:59:59.999999999,12,1.8141316443078068e-06,13,3,-0.00939732022775493,-1127.6784273305916
ME3 BM4,2019-06-30 23:59:59.999999999,2019-07-31 23:59:59.999999999,2020-06-30 23:59:59.999999999,12,-4.524755070712337e-05,14,3,-0.0025012434350269665,-300.149212203236
ME2 BM4,2019-06-30 23:59:59.999999999,2019-07-31 23:59:59.999999999,2020-06-30 23:59:59.999999999,12,-0.0001645852087934251,15,3,-0.006560187788359442,-787.2225346031331
ME4 BM2,2019-06-30 23:59:59.999999999,2019-07-31 23:59:59.999999999,2020-06-30 23:59:59.999999999,12,-0.0002909991177376441,16,2,-0.004302049586365947,-516.2459503639136
ME4 BM4,2019-06-30 23:59:59.999999999,2019-07-31 23:59:59.999999999,2020-06-30 23:59:59.999999999,12,-0.00038208954225180266,17,2,-0.011656145031648012,-1398.7374037977615
ME3 BM3,2019-06-30 23:59:59.999999999,2019-07-31 23:59:59.999999999,2020-06-30 23:59:59.999999999,12,-0.0004699430462636381,18,2,-0.009740278326920725,-1168.833399230487
ME2 BM3,2019-06-30 23:59:59.999999999,2019-07-31 23:59:59.999999999,2020-06-30 23:59:59.999999999,12,-0.0005241598839800802,19,2,-0.007799378620380268,-935.9254344456322
ME3 BM1,2019-06-30 23:59:59.999999999,2019-07-31 23:59:59.999999999,2020-06-30 23:59:59.999999999,12,-0.0005409975843524703,20,2,-0.006186006670394474,-742.320800447337
ME2 BM5,2019-06-30 23:59:59.999999999,2019-07-31 23:59:59.999999999,2020-06-30 23:59:59.999999999,12,-0.0006597896163597426,21,1,0.00322969642414858,387.56357089782966
ME5 BM4,2019-06-30 23:59:59.999999999,2019-07-31 23:59:59.999999999,2020-06-30 23:59:59.999999999,12,-0.0006772201490230099,22,1,-0.009610307167960202,-1153.2368601552243
BIG HiBM,2019-06-30 23:59:59.999999999,2019-07-31 23:59:59.999999999,2020-06-30 23:59:59.999999999,12,-0.0010752739626803435,23,1,0.0038723164796886068,464.6779775626328
SMALL LoBM,2019-06-30 23:59:59.999999999,2019-07-31 23:59:59.999999999,2020-06-30 23:59:59.999999999,12,-0.001371665979277877,24,1,0.004976005988278936,597.1207185934722
ME3 BM5,2019-06-30 23:59:59.999999999,2019-07-31 23:59:59.999999999,2020-06-30 23:59:59.999999999,12,-0.002087563818154858,25,1,-0.009433037224332147,-1131.9644669198576
ME1 BM4,2020-06-30 23:59:59.999999999,2020-07-31 23:59:59.999999999,2021-06-30 23:59:59.999999999,12,0.001494734158115033,1,5,-0.0010521461409163872,-126.25753690996645
ME2 BM2,2020-06-30 23:59:59.999999999,2020-07-31 23:59:59.999999999,2021-06-30 23:59:59.999999999,12,0.0012601977594823917,2,5,0.000926745301281799,111.20943615381587
ME3 BM2,2020-06-30 23:59:59.999999999,2020-07-31 23:59:59.999999999,2021-06-30 23:59:59.999999999,12,0.0012116354925314791,3,5,-0.0007924607503584721,-95.09529004301666
SMALL HiBM,2020-06-30 23:59:59.999999999,2020-07-31 23:59:59.999999999,2021-06-30 23:59:59.999999999,12,0.0010993437306483225,4,5,0.03452601176430831,4143.1214117169975
BIG LoBM,2020-06-30 23:59:59.999999999,2020-07-31 23:59:59.999999999,2021-06-30 23:59:59.999999999,12,0.0007158943876401057,5,5,0.0040154958125188465,481.8594975022616
ME4 BM1,2020-06-30 23:59:59.999999999,2020-07-31 23:59:59.999999999,2021-06-30 23:59:59.999999999,12,0.0006011205883967231,6,4,-0.001827914330364934,-219.34971964379207
ME2 BM1,2020-06-30 23:59:59.999999999,2020-07-31 23:59:59.999999999,2021-06-30 23:59:59.999999999,12,0.0004339358528545154,7,4,-0.0011592148201105556,-139.10577841326668
ME5 BM3,2020-06-30 23:59:59.999999999,2020-07-31 23:59:59.999999999,2021-06-30 23:59:59.999999999,12,0.0003352304226752335,8,4,0.0018343177734867298,220.11813281840756
ME5 BM2,2020-06-30 23:59:59.999999999,2020-07-31 23:59:59.999999999,2021-06-30 23:59:59.999999999,12,0.00015323885683637446,9,4,0.003590439133954815,430.8526960745778
ME4 BM5,2020-06-30 23:59:59.999999999,2020-07-31 23:59:59.999999999,2021-06-30 23:59:59.999999999,12,0.00015146225693025403,10,4,-0.003994620200120047,-479.3544240144057
ME3 BM4,2020-06-30 23:59:59.999999999,2020-07-31 23:59:59.999999999,2021-06-30 23:59:59.999999999,12,3.1985159575305714e-05,11,3,-0.0015077313709214956,-180.92776451057946
ME1 BM2,2020-06-30 23:59:59.999999999,2020-07-31 23:59:59.999999999,2021-06-30 23:59:59.999999999,12,8.970744645735878e-07,12,3,-0.0003738011492204609,-44.85613790645531
ME1 BM3,2020-06-30 23:59:59.999999999,2020-07-31 23:59:59.999999999,2021-06-30 23:59:59.999999999,12,-5.406202317608918e-05,13,3,-0.002675764538021193,-321.09174456254317
ME2 BM4,2020-06-30 23:59:59.999999999,2020-07-31 23:59:59.999999999,2021-06-30 23:59:59.999999999,12,-7.124611457204748e-05,14,3,-0.0043534626550221535,-522.4155186026584
ME4 BM3,2020-06-30 23:59:59.999999999,2020-07-31 23:59:59.999999999,2021-06-30 23:59:59.999999999,12,-0.0004134932041115079,15,3,0.0014413790267506592,172.9654832100791
ME4 BM2,2020-06-30 23:59:59.999999999,2020-07-31 23:59:59.999999999,2021-06-30 23:59:59.999999999,12,-0.0004699138686483329,16,2,-0.005300716347903853,-636.0859617484624
ME3 BM3,2020-06-30 23:59:59.999999999,2020-07-31 23:59:59.999999999,2021-06-30 23:59:59.999999999,12,-0.0006661775936739713,17,2,-0.0071797048908731715,-861.5645869047805
ME2 BM3,2020-06-30 23:59:59.999999999,2020-07-31 23:59:59.999999999,2021-06-30 23:59:59.999999999,12,-0.0006702821990155164,18,2,-0.002227198508405134,-267.2638210086161
ME4 BM4,2020-06-30 23:59:59.999999999,2020-07-31 23:59:59.999999999,2021-06-30 23:59:59.999999999,12,-0.0009664584353152967,19,2,0.0016762707342693507,201.1524881123221
ME2 BM5,2020-06-30 23:59:59.999999999,2020-07-31 23:59:59.999999999,2021-06-30 23:59:59.999999999,12,-0.0009690319165828463,20,2,0.00372964640795093,447.5575689541116
ME5 BM4,2020-06-30 23:59:59.999999999,2020-07-31 23:59:59.999999999,2021-06-30 23:59:59.999999999,12,-0.0011062722340380352,21,1,-0.0003885575614056179,-46.626907368674146
ME3 BM1,2020-06-30 23:59:59.999999999,2020-07-31 23:59:59.999999999,2021-06-30 23:59:59.999999999,12,-0.001188725766459718,22,1,-0.005739270645880891,-688.7124775057068
BIG HiBM,2020-06-30 23:59:59.999999999,2020-07-31 23:59:59.999999999,2021-06-30 23:59:59.999999999,12,-0.0014334453563768406,23,1,-0.0004993969339906918,-59.92763207888302
SMALL LoBM,2020-06-30 23:59:59.999999999,2020-07-31 23:59:59.999999999,2021-06-30 23:59:59.999999999,12,-0.0020302966914763597,24,1,0.0010194425036329634,122.33310043595561
ME3 BM5,2020-06-30 23:59:59.999999999,2020-07-31 23:59:59.999999999,2021-06-30 23:59:59.999999999,12,-0.0025594222555523943,25,1,0.0008110444002564226,97.32532803077072
ME1 BM4,2021-06-30 23:59:59.999999999,2021-07-31 23:59:59.999999999,2022-06-30 23:59:59.999999999,12,0.0015797125241701364,1,5,-0.004407909306435905,-528.9491167723086
ME2 BM2,2021-06-30 23:59:59.999999999,2021-07-31 23:59:59.999999999,2022-06-30 23:59:59.999999999,12,0.0014261749767997306,2,5,-0.006451995687101911,-774.2394824522294
SMALL HiBM,2021-06-30 23:59:59.999999999,2021-07-31 23:59:59.999999999,2022-06-30 23:59:59.999999999,12,0.0010681558846736038,3,5,0.010012331973122684,1201.4798367747221
ME3 BM2,2021-06-30 23:59:59.999999999,2021-07-31 23:59:59.999999999,2022-06-30 23:59:59.999999999,12,0.0009846878809209377,4,5,0.0012888523630460568,154.66228356552682
BIG LoBM,2021-06-30 23:59:59.999999999,2021-07-31 23:59:59.999999999,2022-06-30 23:59:59.999999999,12,0.000823993340840184,5,5,0.007174457267428508,860.9348720914209
ME2 BM1,2021-06-30 23:59:59.999999999,2021-07-31 23:59:59.999999999,2022-06-30 23:59:59.999999999,12,0.0006645167905552006,6,4,-0.007377382440579714,-885.2858928695657
ME4 BM1,2021-06-30 23:59:59.999999999,2021-07-31 23:59:59.999999999,2022-06-30 23:59:59.999999999,12,0.0005486918919699138,7,4,-0.0045280385672966,-543.364628075592
ME5 BM3,2021-06-30 23:59:59.999999999,2021-07-31 23:59:59.999999999,2022-06-30 23:59:59.999999999,12,0.00038368596763069197,8,4,-0.006399869459777506,-767.9843351733007
ME5 BM2,2021-06-30 23:59:59.999999999,2021-07-31 23:59:59.999999999,2022-06-30 23:59:59.999999999,12,0.0003492648919587373,9,4,-0.0026884963959638735,-322.6195675156648
ME1 BM2,2021-06-30 23:59:59.999999999,2021-07-31 23:59:59.999999999,2022-06-30 23:59:59.999999999,12,0.00027968373871082154,10,4,-0.009498251289138032,-1139.7901546965638
ME4 BM5,2021-06-30 23:59:59.999999999,2021-07-31 23:59:59.999999999,2022-06-30 23:59:59.999999999,12,0.00023604486686514505,11,3,0.0034950237986317487,419.4028558358098
ME3 BM4,2021-06-30 23:59:59.999999999,2021-07-31 23:59:59.999999999,2022-06-30 23:59:59.999999999,12,5.081423299776452e-05,12,3,-0.003623448463947228,-434.81381567366736
ME2 BM4,2021-06-30 23:59:59.999999999,2021-07-31 23:59:59.999999999,2022-06-30 23:59:59.999999999,12,-6.117647083371381e-05,13,3,0.005045153154301079,605.4183785161295
ME1 BM3,2021-06-30 23:59:59.999999999,2021-07-31 23:59:59.999999999,2022-06-30 23:59:59.999999999,12,-0.00020867196603521478,14,3,-0.003295808705600072,-395.49704467200866
ME4 BM3,2021-06-30 23:59:59.999999999,2021-07-31 23:59:59.999999999,2022-06-30 23:59:59.999999999,12,-0.00024728329566425116,15,3,0.003914185981501834,469.7023177802201
ME3 BM3,2021-06-30 23:59:59.999999999,2021-07-31 23:59:59.999999999,2022-06-30 23:59:59.999999999,12,-0.0005144406382532706,16,2,0.0004101428474282411,49.217141691388925
ME2 BM3,2021-06-30 23:59:59.999999999,2021-07-31 23:59:59.999999999,2022-06-30 23:59:59.999999999,12,-0.000541263329175302,17,2,0.004965924885984865,595.9109863181839
ME4 BM2,2021-06-30 23:59:59.999999999,2021-07-31 23:59:59.999999999,2022-06-30 23:59:59.999999999,12,-0.0006087629091432381,18,2,0.0026382999964123764,316.5959995694852
ME4 BM4,2021-06-30 23:59:59.999999999,2021-07-31 23:59:59.999999999,2022-06-30 23:59:59.999999999,12,-0.0007326105888185219,19,2,-0.0010566490651504514,-126.79788781805416
ME5 BM4,2021-06-30 23:59:59.999999999,2021-07-31 23:59:59.999999999,2022-06-30 23:59:59.999999999,12,-0.0008317486059295705,20,2,-0.002233811758302487,-268.0574109962984
ME2 BM5,2021-06-30 23:59:59.999999999,2021-07-31 23:59:59.999999999,2022-06-30 23:59:59.999999999,12,-0.0008739579311323995,21,1,0.003390922073820271,406.9106488584325
ME3 BM1,2021-06-30 23:59:59.999999999,2021-07-31 23:59:59.999999999,2022-06-30 23:59:59.999999999,12,-0.0010117722443886222,22,1,-0.0014463355826485936,-173.56026991783125
BIG HiBM,2021-06-30 23:59:59.999999999,2021-07-31 23:59:59.999999999,2022-06-30 23:59:59.999999999,12,-0.0011534646230998717,23,1,-0.004934094522383983,-592.091342686078
SMALL LoBM,2021-06-30 23:59:59.999999999,2021-07-31 23:59:59.999999999,2022-06-30 23:59:59.999999999,12,-0.0016819461775870348,24,1,-0.018736656541780916,-2248.39878501371
ME3 BM5,2021-06-30 23:59:59.999999999,2021-07-31 23:59:59.999999999,2022-06-30 23:59:59.999999999,12,-0.002187248716501182,25,1,0.002879062654040859,345.4875184849031
ME1 BM4,2022-06-30 23:59:59.999999999,2022-07-31 23:59:59.999999999,2023-06-30 23:59:59.999999999,12,0.0015592011306686624,1,5,-0.0030603709783497794,-367.24451740197355
ME3 BM2,2022-06-30 23:59:59.999999999,2022-07-31 23:59:59.999999999,2023-06-30 23:59:59.999999999,12,0.0014063542230971773,2,5,0.003823147628930016,458.7777154716019
SMALL HiBM,2022-06-30 23:59:59.999999999,2022-07-31 23:59:59.999999999,2023-06-30 23:59:59.999999999,12,0.0011669245976816077,3,5,-0.003794285269085998,-455.31423229031975
ME2 BM2,2022-06-30 23:59:59.999999999,2022-07-31 23:59:59.999999999,2023-06-30 23:59:59.999999999,12,0.001158341628251686,4,5,0.004819086654189561,578.2903985027474
BIG LoBM,2022-06-30 23:59:59.999999999,2022-07-31 23:59:59.999999999,2023-06-30 23:59:59.999999999,12,0.0009716965611509672,5,5,0.0026848138248555544,322.1776589826665
ME4 BM5,2022-06-30 23:59:59.999999999,2022-07-31 23:59:59.999999999,2023-06-30 23:59:59.999999999,12,0.0008967744564402591,6,4,-0.013209435401176792,-1585.132248141215
ME4 BM1,2022-06-30 23:59:59.999999999,2022-07-31 23:59:59.999999999,2023-06-30 23:59:59.999999999,12,0.0008142287885208802,7,4,-0.002827707813351482,-339.32493760217784
ME4 BM3,2022-06-30 23:59:59.999999999,2022-07-31 23:59:59.999999999,2023-06-30 23:59:59.999999999,12,0.0006825639450191173,8,4,-0.002497288464598426,-299.67461575181113
ME5 BM3,2022-06-30 23:59:59.999999999,2022-07-31 23:59:59.999999999,2023-06-30 23:59:59.999999999,12,0.0005029219294898143,9,4,-0.005733197392285341,-687.983687074241
ME2 BM1,2022-06-30 23:59:59.999999999,2022-07-31 23:59:59.999999999,2023-06-30 23:59:59.999999999,12,0.0004952881030905548,10,4,-0.003352296883037146,-402.2756259644575
ME4 BM2,2022-06-30 23:59:59.999999999,2022-07-31 23:59:59.999999999,2023-06-30 23:59:59.999999999,12,0.00037037286256264056,11,3,-0.0004523995406781507,-54.28794488137809
ME3 BM3,2022-06-30 23:59:59.999999999,2022-07-31 23:59:59.999999999,2023-06-30 23:59:59.999999999,12,0.000324110932218009,12,3,0.004678446188394035,561.4135426072842
ME1 BM2,2022-06-30 23:59:59.999999999,2022-07-31 23:59:59.999999999,2023-06-30 23:59:59.999999999,12,0.00032173724938256874,13,3,-0.011242812484648174,-1349.1374981577808
ME2 BM3,2022-06-30 23:59:59.999999999,2022-07-31 23:59:59.999999999,2023-06-30 23:59:59.999999999,12,0.0002962316594098984,14,3,0.0009656177948282274,115.8741353793873
ME5 BM2,2022-06-30 23:59:59.999999999,2022-07-31 23:59:59.999999999,2023-06-30 23:59:59.999999999,12,7.320683357581602e-05,15,3,-0.0028044290540960547,-336.53148649152655
ME3 BM4,2022-06-30 23:59:59.999999999,2022-07-31 23:59:59.999999999,2023-06-30 23:59:59.999999999,12,5.092911222473093e-05,16,2,0.0030223010026970715,362.6761203236486
ME1 BM3,2022-06-30 23:59:59.999999999,2022-07-31 23:59:59.999999999,2023-06-30 23:59:59.999999999,12,-0.00011458601653468426,17,2,0.001256007648459341,150.72091781512094
ME2 BM4,2022-06-30 23:59:59.999999999,2022-07-31 23:59:59.999999999,2023-06-30 23:59:59.999999999,12,-0.0001160270882817045,18,2,0.005983691674288492,718.0430009146191
ME2 BM5,2022-06-30 23:59:59.999999999,2022-07-31 23:59:59.999999999,2023-06-30 23:59:59.999999999,12,-0.00021295365516178454,19,2,-0.0048695571946179746,-584.346863354157
BIG HiBM,2022-06-30 23:59:59.999999999,2022-07-31 23:59:59.999999999,2023-06-30 23:59:59.999999999,12,-0.0002612175478726254,20,2,0.0007213975829657495,86.56770995588994
ME3 BM1,2022-06-30 23:59:59.999999999,2022-07-31 23:59:59.999999999,2023-06-30 23:59:59.999999999,12,-0.0006229400621717288,21,1,-0.009074133989693964,-1088.8960787632757
ME4 BM4,2022-06-30 23:59:59.999999999,2022-07-31 23:59:59.999999999,2023-06-30 23:59:59.999999999,12,-0.0012232660484618818,22,1,0.0029701624354357883,356.4194922522946
ME5 BM4,2022-06-30 23:59:59.999999999,2022-07-31 23:59:59.999999999,2023-06-30 23:59:59.999999999,12,-0.0012632244625214216,23,1,0.001189810746402508,142.77728956830097
SMALL LoBM,2022-06-30 23:59:59.999999999,2022-07-31 23:59:59.999999999,2023-06-30 23:59:59.999999999,12,-0.0016248008693621723,24,1,-0.010488582256492317,-1258.629870779078
ME3 BM5,2022-06-30 23:59:59.999999999,2022-07-31 23:59:59.999999999,2023-06-30 23:59:59.999999999,12,-0.0019357370049875795,25,1,0.00020505506571763822,24.606607886116585
ME2 BM2,2023-06-30 23:59:59.999999999,2023-07-31 23:59:59.999999999,2024-06-30 23:59:59.999999999,12,0.0018160513226942038,1,5,-0.001950325431152948,-234.03905173835375
BIG LoBM,2023-06-30 23:59:59.999999999,2023-07-31 23:59:59.999999999,2024-06-30 23:59:59.999999999,12,0.001309215977588146,2,5,0.0019227127574457834,230.725530893494
ME3 BM2,2023-06-30 23:59:59.999999999,2023-07-31 23:59:59.999999999,2024-06-30 23:59:59.999999999,12,0.0012782072122505832,3,5,-0.004868901560898749,-584.2681873078498
SMALL HiBM,2023-06-30 23:59:59.999999999,2023-07-31 23:59:59.999999999,2024-06-30 23:59:59.999999999,12,0.0012744231491010412,4,5,0.004663381643376505,559.6057972051806
ME2 BM1,2023-06-30 23:59:59.999999999,2023-07-31 23:59:59.999999999,2024-06-30 23:59:59.999999999,12,0.0012344002104479348,5,5,-0.0035799310554850265,-429.5917266582032
ME1 BM4,2023-06-30 23:59:59.999999999,2023-07-31 23:59:59.999999999,2024-06-30 23:59:59.999999999,12,0.0011033278483544445,6,4,0.0010361747902947881,124.34097483537458
ME4 BM3,2023-06-30 23:59:59.999999999,2023-07-31 23:59:59.999999999,2024-06-30 23:59:59.999999999,12,0.0010066471229857373,7,4,-0.011875250694217942,-1425.030083306153
ME3 BM4,2023-06-30 23:59:59.999999999,2023-07-31 23:59:59.999999999,2024-06-30 23:59:59.999999999,12,0.0008071124849969652,8,4,-0.002610581049127928,-313.26972589535137
ME4 BM1,2023-06-30 23:59:59.999999999,2023-07-31 23:59:59.999999999,2024-06-30 23:59:59.999999999,12,0.0007968022724038107,9,4,-0.004226985555615931,-507.2382666739117
ME3 BM3,2023-06-30 23:59:59.999999999,2023-07-31 23:59:59.999999999,2024-06-30 23:59:59.999999999,12,0.0007556218743888259,10,4,-0.007072177386582122,-848.6612863898546
ME4 BM2,2023-06-30 23:59:59.999999999,2023-07-31 23:59:59.999999999,2024-06-30 23:59:59.999999999,12,0.0006959320462383027,11,3,-0.004381658336414255,-525.7990003697106
ME1 BM3,2023-06-30 23:59:59.999999999,2023-07-31 23:59:59.999999999,2024-06-30 23:59:59.999999999,12,0.0005096540520166981,12,3,-0.0006012273443476995,-72.14728132172395
BIG HiBM,2023-06-30 23:59:59.999999999,2023-07-31 23:59:59.999999999,2024-06-30 23:59:59.999999999,12,0.0005030973126017442,13,3,0.0035319018321515318,423.8282198581838
ME4 BM5,2023-06-30 23:59:59.999999999,2023-07-31 23:59:59.999999999,2024-06-30 23:59:59.999999999,12,0.0004466470922883526,14,3,-0.0031203456839778328,-374.4414820773399
ME1 BM2,2023-06-30 23:59:59.999999999,2023-07-31 23:59:59.999999999,2024-06-30 23:59:59.999999999,12,0.0004207931605154306,15,3,-0.0002713561698686323,-32.56274038423587
ME5 BM3,2023-06-30 23:59:59.999999999,2023-07-31 23:59:59.999999999,2024-06-30 23:59:59.999999999,12,0.00024470548479729515,16,2,0.000227214497637866,27.26573971654392
ME2 BM3,2023-06-30 23:59:59.999999999,2023-07-31 23:59:59.999999999,2024-06-30 23:59:59.999999999,12,0.00023684072537554356,17,2,0.0009989856530408974,119.87827836490769
ME2 BM4,2023-06-30 23:59:59.999999999,2023-07-31 23:59:59.999999999,2024-06-30 23:59:59.999999999,12,0.000228774977247025,18,2,0.003165371245898873,379.84454950786477
ME5 BM2,2023-06-30 23:59:59.999999999,2023-07-31 23:59:59.999999999,2024-06-30 23:59:59.999999999,12,0.00014286946947632203,19,2,-0.0018566283078772236,-222.79539694526684
ME2 BM5,2023-06-30 23:59:59.999999999,2023-07-31 23:59:59.999999999,2024-06-30 23:59:59.999999999,12,-0.00011442134266473493,20,2,-0.0011303131559943227,-135.63757871931873
ME3 BM5,2023-06-30 23:59:59.999999999,2023-07-31 23:59:59.999999999,2024-06-30 23:59:59.999999999,12,-0.0004811256203495966,21,1,0.00019899691271426547,23.879629525711856
ME3 BM1,2023-06-30 23:59:59.999999999,2023-07-31 23:59:59.999999999,2024-06-30 23:59:59.999999999,12,-0.0005582297885887381,22,1,-0.0011319407471083204,-135.83288965299846
ME5 BM4,2023-06-30 23:59:59.999999999,2023-07-31 23:59:59.999999999,2024-06-30 23:59:59.999999999,12,-0.0007035023247445136,23,1,-0.0030349907074882936,-364.1988848985953
ME4 BM4,2023-06-30 23:59:59.999999999,2023-07-31 23:59:59.999999999,2024-06-30 23:59:59.999999999,12,-0.0008211072258061452,24,1,-0.0014236662502361888,-170.83995002834266
SMALL LoBM,2023-06-30 23:59:59.999999999,2023-07-31 23:59:59.999999999,2024-06-30 23:59:59.999999999,12,-0.0014074076645605234,25,1,-0.005541395143742758,-664.967417249131
ME2 BM2,2024-06-30 23:59:59.999999999,2024-07-31 23:59:59.999999999,2025-06-30 23:59:59.999999999,12,0.0019400836162562533,1,5,0.0021461343519746205,257.53612223695444
BIG LoBM,2024-06-30 23:59:59.999999999,2024-07-31 23:59:59.999999999,2025-06-30 23:59:59.999999999,12,0.0014410846393529014,2,5,-0.001128728104500883,-135.44737254010596
SMALL HiBM,2024-06-30 23:59:59.999999999,2024-07-31 23:59:59.999999999,2025-06-30 23:59:59.999999999,12,0.0012000114247381207,3,5,0.009267194420335391,1112.063330440247
BIG HiBM,2024-06-30 23:59:59.999999999,2024-07-31 23:59:59.999999999,2025-06-30 23:59:59.999999999,12,0.0009982299475235334,4,5,0.008770480146239655,1052.4576175487584
ME3 BM2,2024-06-30 23:59:59.999999999,2024-07-31 23:59:59.999999999,2025-06-30 23:59:59.999999999,12,0.0008232997060924009,5,5,-0.006211941109998932,-745.4329331998719
ME2 BM1,2024-06-30 23:59:59.999999999,2024-07-31 23:59:59.999999999,2025-06-30 23:59:59.999999999,12,0.0007933395478252529,6,4,0.003204069835759819,384.48838029117826
ME4 BM1,2024-06-30 23:59:59.999999999,2024-07-31 23:59:59.999999999,2025-06-30 23:59:59.999999999,12,0.0007006118830696229,7,4,-0.002698735593472184,-323.8482712166621
ME4 BM2,2024-06-30 23:59:59.999999999,2024-07-31 23:59:59.999999999,2025-06-30 23:59:59.999999999,12,0.0006065428653147827,8,4,-0.004385727760301251,-526.2873312361501
ME1 BM4,2024-06-30 23:59:59.999999999,2024-07-31 23:59:59.999999999,2025-06-30 23:59:59.999999999,12,0.0005949207002756179,9,4,-0.004764577350787489,-571.7492820944988
ME2 BM4,2024-06-30 23:59:59.999999999,2024-07-31 23:59:59.999999999,2025-06-30 23:59:59.999999999,12,0.0005811488343235264,10,4,0.0008127013063546125,97.52415676255349
ME3 BM4,2024-06-30 23:59:59.999999999,2024-07-31 23:59:59.999999999,2025-06-30 23:59:59.999999999,12,0.0005247368162982096,11,3,-0.007360967919056864,-883.3161502868236
ME3 BM3,2024-06-30 23:59:59.999999999,2024-07-31 23:59:59.999999999,2025-06-30 23:59:59.999999999,12,0.0005040861717846249,12,3,-0.0026638391986230346,-319.66070383476415
ME5 BM3,2024-06-30 23:59:59.999999999,2024-07-31 23:59:59.999999999,2025-06-30 23:59:59.999999999,12,0.0004098031896277865,13,3,-0.009950104128046021,-1194.0124953655227
ME1 BM3,2024-06-30 23:59:59.999999999,2024-07-31 23:59:59.999999999,2025-06-30 23:59:59.999999999,12,0.0002996326146802574,14,3,0.002804120422325699,336.49445067908385
ME5 BM2,2024-06-30 23:59:59.999999999,2024-07-31 23:59:59.999999999,2025-06-30 23:59:59.999999999,12,0.00026006833461232127,15,3,0.003581712995055351,429.8055594066421
ME2 BM3,2024-06-30 23:59:59.999999999,2024-07-31 23:59:59.999999999,2025-06-30 23:59:59.999999999,12,0.00010334800879681813,16,2,-0.005030368019007893,-603.6441622809472
ME2 BM5,2024-06-30 23:59:59.999999999,2024-07-31 23:59:59.999999999,2025-06-30 23:59:59.999999999,12,7.109475303450062e-05,17,2,-0.0018908926415475513,-226.90711698570618
ME4 BM5,2024-06-30 23:59:59.999999999,2024-07-31 23:59:59.999999999,2025-06-30 23:59:59.999999999,12,3.48431164138072e-05,18,2,0.003929571428993814,471.5485714792577
ME4 BM3,2024-06-30 23:59:59.999999999,2024-07-31 23:59:59.999999999,2025-06-30 23:59:59.999999999,12,4.938958931709225e-06,19,2,-0.0037908104792376343,-454.89725750851613
ME1 BM2,2024-06-30 23:59:59.999999999,2024-07-31 23:59:59.999999999,2025-06-30 23:59:59.999999999,12,-1.0982900488935897e-06,20,2,-0.0002812707065709622,-33.75248478851546
ME3 BM1,2024-06-30 23:59:59.999999999,2024-07-31 23:59:59.999999999,2025-06-30 23:59:59.999999999,12,-0.0005293269706696622,21,1,0.0011412378045324908,136.94853654389888
ME5 BM4,2024-06-30 23:59:59.999999999,2024-07-31 23:59:59.999999999,2025-06-30 23:59:59.999999999,12,-0.001049945557170949,22,1,0.006004590148018852,720.5508177622623
ME3 BM5,2024-06-30 23:59:59.999999999,2024-07-31 23:59:59.999999999,2025-06-30 23:59:59.999999999,12,-0.0010603867016177274,23,1,0.0021124465259150255,253.49358310980307
ME4 BM4,2024-06-30 23:59:59.999999999,2024-07-31 23:59:59.999999999,2025-06-30 23:59:59.999999999,12,-0.0012656700035381572,24,1,0.009905095872455314,1188.6115046946377
SMALL LoBM,2024-06-30 23:59:59.999999999,2024-07-31 23:59:59.999999999,2025-06-30 23:59:59.999999999,12,-0.0019520587851311927,25,1,0.01917921224319408,2301.5054691832897
