portfolio,factor_model,sample_start,sample_end,n_obs,alpha,alpha_hac_se,alpha_hac_t_stat,alpha_p_value,hac_lags,r_squared,residual_volatility,coef_alpha,hac_se_alpha,hac_t_alpha,p_value_alpha,coef_mkt_rf,hac_se_mkt_rf,hac_t_mkt_rf,p_value_mkt_rf,coef_smb,hac_se_smb,hac_t_smb,p_value_smb,coef_hml,hac_se_hml,hac_t_hml,p_value_hml,prior_mean_alpha,prior_tau,shrinkage_weight,posterior_alpha,posterior_alpha_sd,posterior_alpha_ci_low,posterior_alpha_ci_high,posterior_probability_alpha_positive,posterior_alpha_annualized_bps,posterior_shortfall_annualized_bps,alpha_fdr_q_value,performance_rank,window_start,window_end,window_length,rolling_step_months,rank,quintile,sensitivity_window
ME5 BM4,ff3,1936-07-31 23:59:59.999999999,1941-06-30 23:59:59.999999999,60,0.0017111910970053364,0.0013569178780418406,1.2610867059064363,0.20727760976750842,12,0.9730101834053512,0.015568742050813832,0.0017111910970053364,0.0013569178780418406,1.2610867059064363,0.20727760976750842,0.9864940830007529,0.03974358519028027,24.821466867614422,5.2585068669779926e-136,-0.03127701994052424,0.08524612933382533,-0.36690252314029276,0.7136917293218117,0.6641394744776477,0.07006332270357267,9.47913186029617,2.564073370728268e-21,-0.00017371566655231645,0.0033983682313304883,0.9151609576576375,0.002816130727828587,0.0009943328070129262,0.0008672384260832516,0.0047650230295739225,0.9976884182456844,337.9356873394304,0.0,0.8217710551909565,1,1936-07-31 23:59:59.999999999,1941-06-30 23:59:59.999999999,60,120,1,5,60
ME5 BM3,ff3,1936-07-31 23:59:59.999999999,1941-06-30 23:59:59.999999999,60,0.001702152531644356,0.0018119633418756656,0.939396781549875,0.3475270648319889,12,0.9558500857967974,0.014579596176005271,0.001702152531644356,0.0018119633418756656,0.939396781549875,0.3475270648319889,0.9029916320550142,0.050541339314349336,17.866396979287078,2.154695612698051e-71,-0.23138119696505297,0.068647864998854,-3.370551975198582,0.0007501775306264986,0.17364036502527205,0.06528995375356077,2.6595265434048816,0.007825056389943994,-0.00017371566655231645,0.0033983682313304883,0.8608161734300706,0.002489613072470704,0.0012696159140015743,1.1658810276180681e-06,0.0049780602639137896,0.9750557225623808,298.7535686964845,0.0,0.8217710551909565,2,1936-07-31 23:59:59.999999999,1941-06-30 23:59:59.999999999,60,120,2,5,60
ME1 BM4,ff3,1936-07-31 23:59:59.999999999,1941-06-30 23:59:59.999999999,60,-0.0012884206167962093,0.0031209888741769065,-0.41282448247624803,0.6797352127684013,12,0.9715938985449349,0.022053365247872422,-0.0012884206167962093,0.0031209888741769065,-0.41282448247624803,0.6797352127684013,1.0383440406422597,0.06927698082253185,14.988298108749936,8.756844443015306e-51,1.0553304307849536,0.06115585762062807,17.25640800152866,1.0015033970062425e-66,0.44154042926352377,0.0791712945841048,5.577026769398965,2.4466423093534693e-08,-0.00017371566655231645,0.0033983682313304883,0.7689176865485852,0.0021545890056018004,0.0016389829396552108,-0.0010578175561224128,0.005366995567326014,0.9056759718594036,258.55068067221606,0.0,0.8217710551909565,3,1936-07-31 23:59:59.999999999,1941-06-30 23:59:59.999999999,60,120,3,5,60
ME3 BM3,ff3,1936-07-31 23:59:59.999999999,1941-06-30 23:59:59.999999999,60,0.003381468818840914,0.0011218257875002028,3.0142548482290996,0.0025761131148261955,12,0.9764699131576984,0.01636112416021453,0.003381468818840914,0.0011218257875002028,3.0142548482290996,0.0025761131148261955,1.0140229651695878,0.024114381967920966,42.05054753294232,0.0,0.6303474073899993,0.06120007795245913,10.299781119227656,7.062180582324118e-25,0.2258889338635184,0.03866326372205146,5.842469365427199,5.143264699695661e-09,-0.00017371566655231645,0.0033983682313304883,0.9419615036119632,0.0020792387675318165,0.0008188763133763311,0.00047424119331420755,0.0036842363417494252,0.994443677762396,249.50865210381798,0.0,0.032201413935327446,4,1936-07-31 23:59:59.999999999,1941-06-30 23:59:59.999999999,60,120,4,5,60
ME3 BM2,ff3,1936-07-31 23:59:59.999999999,1941-06-30 23:59:59.999999999,60,0.0035409389250333012,0.0025298879036534327,1.3996426165443145,0.16162036548097236,12,0.9693321450947212,0.018888260756049737,0.0035409389250333012,0.0025298879036534327,1.3996426165443145,0.16162036548097236,1.165522314460547,0.05641053080037989,20.661431437065968,7.704621050728918e-95,0.6155397751089232,0.10995772943024361,5.597967312515463,2.168796303782329e-08,-0.1878784030863365,0.07941916343153807,-2.3656557809034826,0.017998169608680226,-0.00017371566655231645,0.0033983682313304883,0.8095713956732561,0.0018593551650624152,0.001520705788153661,-0.0011212281797187604,0.004839938509843591,0.8892770203060922,223.12261980748983,0.0,0.8217710551909565,5,1936-07-31 23:59:59.999999999,1941-06-30 23:59:59.999999999,60,120,5,5,60
BIG HiBM,ff3,1936-07-31 23:59:59.999999999,1941-06-30 23:59:59.999999999,60,0.0014933300032947648,0.0046071093428297965,0.324136002028883,0.7458350713631534,12,0.9491359321835879,0.030231893771638676,0.0014933300032947648,0.0046071093428297965,0.324136002028883,0.7458350713631534,1.2244148160112909,0.051336090424390454,23.850955651066784,9.897806101238003e-126,-0.1593123015071332,0.1381286414710782,-1.1533618213460133,0.24876190511896756,1.4007179342553528,0.08660237189065766,16.174128995264358,7.677584902235273e-59,-0.00017371566655231645,0.0033983682313304883,0.6909574302500295,0.0016948554345734583,0.0019388222639179452,-0.002105236202705714,0.005494947071852631,0.8089864821320871,203.382652148815,0.0,0.8217710551909565,6,1936-07-31 23:59:59.999999999,1941-06-30 23:59:59.999999999,60,120,6,4,60
ME4 BM1,ff3,1936-07-31 23:59:59.999999999,1941-06-30 23:59:59.999999999,60,0.0017081118832561167,0.0015995570198244402,1.067865579086134,0.28558115117191174,12,0.9513209189312871,0.018651289045341995,0.0017081118832561167,0.0015995570198244402,1.067865579086134,0.28558115117191174,1.0348714171682794,0.07535939189239083,13.732480997803437,6.487338353666075e-43,0.1515621754685692,0.08490582077278723,1.7850622500212106,0.07425122027392002,-0.12853848291844439,0.08729949353170088,-1.4723852077305406,0.14091688537839142,-0.00017371566655231645,0.0033983682313304883,0.89188047955815,0.0016268866415098853,0.0011238565439350662,-0.0005758721846028446,0.003829645467622615,0.9261345170472636,195.22639698118624,0.0,0.8217710551909565,7,1936-07-31 23:59:59.999999999,1941-06-30 23:59:59.999999999,60,120,7,4,60
ME4 BM3,ff3,1936-07-31 23:59:59.999999999,1941-06-30 23:59:59.999999999,60,-0.0008293572451627193,0.0026001192934170963,-0.31896892087315415,0.7497500803030059,12,0.9497302189180553,0.021387248254477215,-0.0008293572451627193,0.0026001192934170963,-0.31896892087315415,0.7497500803030059,1.0335561447499648,0.08492791852741867,12.169804260730645,4.501607063033328e-34,0.2851513881433953,0.18053926039116122,1.5794425407835317,0.11423458621996016,0.14727120398573984,0.08279241907287238,1.7788005911038112,0.07527246025842543,-0.00017371566655231645,0.0033983682313304883,0.8485129007143953,0.0014245701036169657,0.0013398847618061075,-0.001201604029523005,0.004050744236756936,0.8561551512824084,170.94841243403587,0.0,0.8217710551909565,8,1936-07-31 23:59:59.999999999,1941-06-30 23:59:59.999999999,60,120,8,4,60
ME2 BM4,ff3,1936-07-31 23:59:59.999999999,1941-06-30 23:59:59.999999999,60,0.002337693299020679,0.0017851971541997414,1.309487466704263,0.1903692804970959,12,0.9845384004902326,0.014205649246791251,0.002337693299020679,0.0017851971541997414,1.309487466704263,0.1903692804970959,0.9956088212154296,0.023094894130134373,43.1094776016467,0.0,0.8256822916333862,0.05843785122494333,14.129237717093815,2.5084485398921343e-45,0.30706626520511343,0.05855060677210632,5.244459146261157,1.5674143006786294e-07,-0.00017371566655231645,0.0033983682313304883,0.8929941729100793,0.0012940751101632314,0.0011116662831339335,-0.0008847908047792783,0.003472941025105741,0.8778054106845365,155.28901321958776,0.0,0.8217710551909565,9,1936-07-31 23:59:59.999999999,1941-06-30 23:59:59.999999999,60,120,9,4,60
ME3 BM5,ff3,1936-07-31 23:59:59.999999999,1941-06-30 23:59:59.999999999,60,0.0035031090412105826,0.0039426585284525785,0.8885144416971583,0.37426409100338665,12,0.9683383947475753,0.027784134626807566,0.0035031090412105826,0.0039426585284525785,0.8885144416971583,0.37426409100338665,1.0456621311998435,0.10491193589461845,9.967046383074909,2.1245287940735684e-23,1.0961734211818195,0.20371029218963324,5.381040935140358,7.405635021257788e-08,1.1583585841555712,0.09815946773287432,11.80078306157755,3.866961183603408e-32,-0.00017371566655231645,0.0033983682313304883,0.6671602708482804,0.0012230526091441124,0.0019622548836336303,-0.002622966962777803,0.005069072181066028,0.7334528088556829,146.76631309729348,0.0,0.8217710551909565,10,1936-07-31 23:59:59.999999999,1941-06-30 23:59:59.999999999,60,120,10,4,60
ME3 BM1,ff3,1936-07-31 23:59:59.999999999,1941-06-30 23:59:59.999999999,60,0.0008191584653796715,0.0017496489479303557,0.46818447000390956,0.6396526770060829,12,0.9767143067370465,0.016846307428454367,0.0008191584653796715,0.0017496489479303557,0.46818447000390956,0.6396526770060829,1.1864315979062863,0.04674454407903205,25.38117808787181,4.06997592769717e-142,0.7067670123616402,0.05438377595159655,12.99591652096183,1.290523800616668e-38,-0.2686034881306294,0.06448430293399192,-4.165408881066452,3.1079503855059785e-05,-0.00017371566655231645,0.0033983682313304883,0.874902547479336,0.0010847559136922217,0.00121288680563277,-0.0012925022253480075,0.0034620140527324506,0.8144350092366983,130.1707096430666,0.0,0.8217710551909565,11,1936-07-31 23:59:59.999999999,1941-06-30 23:59:59.999999999,60,120,11,3,60
ME2 BM2,ff3,1936-07-31 23:59:59.999999999,1941-06-30 23:59:59.999999999,60,0.001872620563401031,0.0019094739130078378,0.9806997365317472,0.32674083385134556,12,0.9772011719964966,0.018349833893691714,0.001872620563401031,0.0019094739130078378,0.9806997365317472,0.32674083385134556,1.0967818749922118,0.05214401899133917,21.033704271517337,3.224623739212607e-98,1.0034035975450153,0.1113919930284699,9.007861070306573,2.1011431441449715e-19,0.03617199475174238,0.060990523732425375,0.5930756540218343,0.55313052286124,-0.00017371566655231645,0.0033983682313304883,0.8559525080059387,0.0002504598265680389,0.0012928609659645025,-0.0022835476667223856,0.0027844673198584636,0.5768044939873648,30.05517918816467,0.0,0.8217710551909565,12,1936-07-31 23:59:59.999999999,1941-06-30 23:59:59.999999999,60,120,12,3,60
BIG LoBM,ff3,1936-07-31 23:59:59.999999999,1941-06-30 23:59:59.999999999,60,-0.00025718489303011804,0.0008101219237873761,-0.3174644278576746,0.7508912269770843,12,0.9895384577110119,0.007717339387512847,-0.00025718489303011804,0.0008101219237873761,-0.3174644278576746,0.7508912269770843,1.0266038827914332,0.013049234919988923,78.67157646299042,0.0,0.0036917799984832887,0.02704106251190729,0.13652496076504564,0.8914062934515818,-0.26079926389990715,0.035094157275382724,-7.4314154875817,1.0744164026926693e-13,-0.00017371566655231645,0.0033983682313304883,0.9778820792476324,9.744064221796415e-05,0.0005063293932666466,-0.000894964968584663,0.0010898462530205915,0.5763032404276258,11.692877066155699,0.0,0.8217710551909565,13,1936-07-31 23:59:59.999999999,1941-06-30 23:59:59.999999999,60,120,13,3,60
ME2 BM3,ff3,1936-07-31 23:59:59.999999999,1941-06-30 23:59:59.999999999,60,-0.0004043243468937884,0.0018056981787613947,-0.22391579703044928,0.8228228235501159,12,0.9795278970353258,0.016201938729270223,-0.0004043243468937884,0.0018056981787613947,-0.22391579703044928,0.8228228235501159,0.993906911805556,0.05313651249126882,18.70478255359478,4.525750398141276e-78,0.7717060487847466,0.09807747307682907,7.868331275013887,3.594028479932837e-15,0.3361036192420351,0.073957752338855,4.544535340961913,5.505656983671764e-06,-0.00017371566655231645,0.0033983682313304883,0.8629205753912826,9.644816382167601e-05,0.0013017296239794917,-0.0024549418991781278,0.00264783822682148,0.5295315356589297,11.573779658601122,0.0,0.8228228235501159,14,1936-07-31 23:59:59.999999999,1941-06-30 23:59:59.999999999,60,120,14,3,60
ME3 BM4,ff3,1936-07-31 23:59:59.999999999,1941-06-30 23:59:59.999999999,60,0.0005608994801054079,0.002212190472407377,0.25354936073611195,0.7998437225775876,12,0.9657271006837266,0.017137958315719817,0.0005608994801054079,0.002212190472407377,0.25354936073611195,0.7998437225775876,0.8696139280002114,0.06557314546056443,13.261738809269042,3.8584435724655285e-40,0.5825155916450133,0.12364931155551753,4.711029801273649,2.4646818815443293e-06,0.15993644877052088,0.10942144225441468,1.4616554623604237,0.14383564771215096,-0.00017371566655231645,0.0033983682313304883,0.9257563001967456,-7.667891023745491e-05,0.0009262254203691899,-0.001892080734161067,0.0017387229136861574,0.46701067354612164,-9.20146922849459,9.20146922849459,0.8228228235501159,15,1936-07-31 23:59:59.999999999,1941-06-30 23:59:59.999999999,60,120,15,3,60
ME4 BM2,ff3,1936-07-31 23:59:59.999999999,1941-06-30 23:59:59.999999999,60,-0.0011291679348292912,0.0016064197962479296,-0.7029096239144074,0.48211207318654015,12,0.9714592185208668,0.015636396501477436,-0.0011291679348292912,0.0016064197962479296,-0.7029096239144074,0.48211207318654015,1.0599169050187618,0.04474789221107963,23.686409630626695,4.978275876604772e-124,0.2771147916376416,0.04161744919069341,6.658620290923803,2.7641001256492588e-11,0.0030173780173838914,0.07191877658070284,0.04195535798635249,0.9665342859230139,-0.00017371566655231645,0.0033983682313304883,0.895663144267784,-0.0002938589169149532,0.0011145935867874928,-0.002478462347018439,0.0018907445131885329,0.39602608633898634,-35.26307002979438,35.26307002979438,0.8217710551909565,16,1936-07-31 23:59:59.999999999,1941-06-30 23:59:59.999999999,60,120,16,2,60
ME4 BM4,ff3,1936-07-31 23:59:59.999999999,1941-06-30 23:59:59.999999999,60,0.0014219876231350694,0.0027939731162781208,0.5089482124399655,0.6107885246065919,12,0.9549277519017406,0.02255456518557468,0.0014219876231350694,0.0027939731162781208,0.5089482124399655,0.6107885246065919,1.1015064377212491,0.06461847159761205,17.04630905819745,3.7231400833161636e-65,0.41292168555447745,0.14909908763404278,2.76944475051367,0.00561519268408636,0.19982087376850338,0.09470806309309157,2.109861264632696,0.03487030757258976,-0.00017371566655231645,0.0033983682313304883,0.7659292029588392,-0.00043430208158929816,0.0016448778642447282,-0.0036582626955089653,0.0027896585323303694,0.3958772347977053,-52.11624979071578,52.11624979071578,0.8217710551909565,17,1936-07-31 23:59:59.999999999,1941-06-30 23:59:59.999999999,60,120,17,2,60
ME2 BM1,ff3,1936-07-31 23:59:59.999999999,1941-06-30 23:59:59.999999999,60,-0.001043821131054476,0.0025451156522528387,-0.4101271901457702,0.6817126479513871,12,0.9367388279130568,0.030772750501875806,-0.001043821131054476,0.0025451156522528387,-0.4101271901457702,0.6817126479513871,1.1211385611178917,0.10631273121554086,10.545666058045953,5.319458849779962e-26,0.9807418100195819,0.14039726121305574,6.985476793106997,2.8389018813045677e-12,-0.07107341397038365,0.11629289454661994,-0.6111586975925813,0.5410945236248115,-0.00017371566655231645,0.0033983682313304883,0.7565121731951732,-0.0004873795974344507,0.0017783867510162224,-0.003973017629426246,0.002998258434557345,0.39202035297882,-58.48555169213408,58.48555169213408,0.8217710551909565,18,1936-07-31 23:59:59.999999999,1941-06-30 23:59:59.999999999,60,120,18,2,60
ME5 BM2,ff3,1936-07-31 23:59:59.999999999,1941-06-30 23:59:59.999999999,60,-0.0005453344025581372,0.0008712930926700332,-0.625890882351641,0.5313865152962238,12,0.9724037511514271,0.01241655629796835,-0.0005453344025581372,0.0008712930926700332,-0.625890882351641,0.5313865152962238,1.0305585721541397,0.051988430986104665,19.822844286829596,1.8911214453164351e-87,-0.11147591358449559,0.05039635177041081,-2.2119837978023322,0.02696778445570709,-0.18048986236908365,0.05886859603694247,-3.065978713944848,0.002169587598665035,-0.00017371566655231645,0.0033983682313304883,0.9619512092064721,-0.0006133793755032634,0.0006656210525020773,-0.0019179966384073347,0.000691237887400808,0.17839096696504464,-73.60552506039161,73.60552506039161,0.8217710551909565,19,1936-07-31 23:59:59.999999999,1941-06-30 23:59:59.999999999,60,120,19,2,60
ME4 BM5,ff3,1936-07-31 23:59:59.999999999,1941-06-30 23:59:59.999999999,60,-0.0008947032654767831,0.0028796453700869746,-0.3106991141238201,0.75602937077568,12,0.944432950493832,0.03231360496850758,-0.0008947032654767831,0.0028796453700869746,-0.3106991141238201,0.75602937077568,1.378540672795972,0.11494031451303549,11.993534893621945,3.8415436898301373e-33,0.06931060669464995,0.1562078137222055,0.44370768044874825,0.6572539418500777,0.8937515953795919,0.14720993641935204,6.071272205658669,1.2690087374163598e-09,-0.00017371566655231645,0.0033983682313304883,0.7272958945883232,-0.0007227662751148238,0.001784196434194279,-0.0042197912861356105,0.0027742587359059633,0.34270441332952506,-86.73195301377886,86.73195301377886,0.8217710551909565,20,1936-07-31 23:59:59.999999999,1941-06-30 23:59:59.999999999,60,120,20,2,60
SMALL LoBM,ff3,1936-07-31 23:59:59.999999999,1941-06-30 23:59:59.999999999,60,-0.00921666023905817,0.013468142176532848,-0.6843304828722003,0.49376650239289677,12,0.8352973967127788,0.081763356178125,-0.00921666023905817,0.013468142176532848,-0.6843304828722003,0.49376650239289677,0.7815668654824582,0.24410292681972995,3.2017922753529517,0.0013657544550849273,2.438320960244524,0.5457535160971391,4.467806231798102,7.902583705507628e-06,1.0117455575116707,0.48146120795827785,2.1014061793309544,0.03560532597765653,-0.00017371566655231645,0.0033983682313304883,0.1625289912185159,-0.0020206461868835612,0.0032189020922827076,-0.008329694287757669,0.004288401913990545,0.2650858575188458,-242.47754242602733,242.47754242602733,0.8217710551909565,21,1936-07-31 23:59:59.999999999,1941-06-30 23:59:59.999999999,60,120,21,1,60
ME2 BM5,ff3,1936-07-31 23:59:59.999999999,1941-06-30 23:59:59.999999999,60,-0.0033801741425395315,0.0022538677681621156,-1.499721585395334,0.13368653677854475,12,0.9816658258073991,0.019424068512502536,-0.0033801741425395315,0.0022538677681621156,-1.499721585395334,0.13368653677854475,1.0139558608864037,0.04149382403554202,24.436307919412005,7.036640019643132e-132,1.055787241532036,0.06277653214584591,16.818183570242024,1.7958076018202787e-63,0.9226781999064456,0.0375825682386078,24.55069579195488,4.25162648407687e-133,-0.00017371566655231645,0.0033983682313304883,0.7944870825251733,-0.0021563951743967906,0.001555050892675185,-0.005204294924040153,0.0008915045752465717,0.08276603183492409,-258.76742092761486,258.76742092761486,0.8217710551909565,22,1936-07-31 23:59:59.999999999,1941-06-30 23:59:59.999999999,60,120,22,1,60
SMALL HiBM,ff3,1936-07-31 23:59:59.999999999,1941-06-30 23:59:59.999999999,60,-0.002372772607351384,0.00376639785474287,-0.6299845897489159,0.5287046666829245,12,0.9583680164578252,0.033267332868338655,-0.002372772607351384,0.00376639785474287,-0.6299845897489159,0.5287046666829245,0.7454922932923682,0.11281713114672932,6.607970666465407,3.896238623060084e-11,1.6323986093828309,0.23146577511210423,7.052440511311975,1.7580658407640436e-12,1.3226432215072326,0.18749605407851044,7.05424563736899,1.7353958388971762e-12,-0.00017371566655231645,0.0033983682313304883,0.773535184060556,-0.002232773195421544,0.0016280409868504803,-0.005423733529648485,0.0009581871388053974,0.08511770595802326,-267.93278345058525,267.93278345058525,0.8217710551909565,23,1936-07-31 23:59:59.999999999,1941-06-30 23:59:59.999999999,60,120,23,1,60
ME1 BM3,ff3,1936-07-31 23:59:59.999999999,1941-06-30 23:59:59.999999999,60,-0.002642051982100953,0.003173931777081819,-0.832422423562649,0.4051705494009873,12,0.9316325270383121,0.042566376578629814,-0.002642051982100953,0.003173931777081819,-0.832422423562649,0.4051705494009873,1.0492926174342856,0.06855885868306151,15.304989575235286,7.081333876083311e-53,1.683433201690071,0.23077898528212365,7.294568869137286,2.9961693877747286e-13,0.5444967738234479,0.17220069532843213,3.161989403033181,0.0015669526648132693,-0.00017371566655231645,0.0033983682313304883,0.6827949374276153,-0.0024423448641561468,0.001935787994448818,-0.00623648933327583,0.0013517996049635366,0.1035319905399304,-293.0813836987376,293.0813836987376,0.8217710551909565,24,1936-07-31 23:59:59.999999999,1941-06-30 23:59:59.999999999,60,120,24,1,60
ME1 BM2,ff3,1936-07-31 23:59:59.999999999,1941-06-30 23:59:59.999999999,60,-0.02435314995726879,0.003906591880547802,-6.23386079271067,4.550775162179904e-10,12,0.8149197110158849,0.06242615862642524,-0.02435314995726879,0.003906591880547802,-6.23386079271067,4.550775162179904e-10,1.1796420174475781,0.10100025594716082,11.679594337510574,1.6206711996135196e-31,1.1978514361847774,0.19493342353497806,6.144925864752177,8.000087086062772e-10,-0.06295970309745805,0.1608411538786844,-0.3914402600278898,0.6954718383390752,-0.00017371566655231645,0.0033983682313304883,0.5467013847401666,-0.0130538382699585,0.00231057302061955,-0.017582561390372817,-0.008525115149544182,8.040575794543373e-09,-1566.46059239502,1566.46059239502,1.137693790544976e-08,25,1936-07-31 23:59:59.999999999,1941-06-30 23:59:59.999999999,60,120,25,1,60
BIG LoBM,ff3,1946-07-31 23:59:59.999999999,1951-06-30 23:59:59.999999999,60,0.0021608088220489026,0.0008101325702954409,2.6672286750067267,0.0076479614512442685,12,0.9804402894224239,0.0056751212266735315,0.0021608088220489026,0.0008101325702954409,2.6672286750067267,0.0076479614512442685,1.0609376712808667,0.023953346386725298,44.29183522636435,0.0,-0.03212896960278359,0.03274189661980349,-0.9812800393289012,0.3264546632623323,-0.3621622585676628,0.02539895440231857,-14.258943609686645,3.9437924219372244e-46,-0.00033197537284837075,0.0017104126641308433,0.9087660403580554,0.0021562316411709447,0.0005166338208950637,0.0011436293522166198,0.0031688339301252696,0.9999850099134138,258.74779694051335,0.0,0.09559951814055336,1,1946-07-31 23:59:59.999999999,1951-06-30 23:59:59.999999999,60,120,1,5,60
ME4 BM3,ff3,1946-07-31 23:59:59.999999999,1951-06-30 23:59:59.999999999,60,0.0025222388143228626,0.0016121372670669764,1.5645310519442734,0.11769290653007544,12,0.9327226505698318,0.012755255882431525,0.0025222388143228626,0.0016121372670669764,1.5645310519442734,0.11769290653007544,1.0341346592808216,0.05993855787503407,17.253245589206358,1.0578633971682743e-66,0.5017784318899445,0.07363775819675457,6.814145951445591,9.48253975380834e-12,0.16406733467516768,0.05378312588204647,3.0505354976017776,0.0022843367555525395,-0.00033197537284837075,0.0017104126641308433,0.826008879296142,0.0019407776460883498,0.0007159133007704306,0.0005375875765783059,0.0033439677155983937,0.9966450740200794,232.89331753060196,0.0,0.3269247403613207,2,1946-07-31 23:59:59.999999999,1951-06-30 23:59:59.999999999,60,120,2,5,60
ME3 BM5,ff3,1946-07-31 23:59:59.999999999,1951-06-30 23:59:59.999999999,60,0.0018432403577113281,0.002216148904022826,0.8317312768855097,0.40556064224332333,12,0.9518073018781449,0.014485582127243494,0.0018432403577113281,0.002216148904022826,0.8317312768855097,0.40556064224332333,1.0012199197305276,0.04803706080009832,20.84265571320047,1.7770212419648941e-96,0.9847016383659332,0.14397828496287626,6.839237171215307,7.96159821337891e-12,0.9947303779424422,0.0870861437770074,11.422372547457686,3.232860106498273e-30,-0.00033197537284837075,0.0017104126641308433,0.7284915479845344,0.0017641245795459652,0.0008922772441347822,1.5261181041792155e-05,0.0035129879780501382,0.9759850412981645,211.6949495455158,0.0,0.6759344037388721,3,1946-07-31 23:59:59.999999999,1951-06-30 23:59:59.999999999,60,120,3,5,60
ME4 BM5,ff3,1946-07-31 23:59:59.999999999,1951-06-30 23:59:59.999999999,60,0.0022231260578594926,0.0014159035411889388,1.5701112351147357,0.11638923523723671,12,0.9364088071822774,0.01646796838187713,0.0022231260578594926,0.0014159035411889388,1.5701112351147357,0.11638923523723671,1.101260248687195,0.038389937162079724,28.686169608398902,5.676418096344318e-181,0.87633845884831,0.09345435926647097,9.377181179420035,6.7760003332807595e-21,0.7943316914389655,0.05775204595092994,13.754174044567765,4.8073958319440305e-43,-0.00033197537284837075,0.0017104126641308433,0.7610760917185991,0.0013414707054508514,0.0008430146280151576,-0.0003108379654588574,0.00299377937636056,0.9442264970758785,160.97648465410217,0.0,0.3269247403613207,4,1946-07-31 23:59:59.999999999,1951-06-30 23:59:59.999999999,60,120,4,5,60
ME2 BM5,ff3,1946-07-31 23:59:59.999999999,1951-06-30 23:59:59.999999999,60,0.0013587527542811956,0.0014686207415832789,0.9251896802276961,0.3548672505579634,12,0.9643045475903556,0.012110571318817669,0.0013587527542811956,0.0014686207415832789,0.9251896802276961,0.3548672505579634,1.0664011386134824,0.023166556418649693,46.03192288669201,0.0,0.8203440025724059,0.07811112237271217,10.502268789047513,8.432854936871511e-26,0.8824538515655921,0.048344219113986495,18.253554773217733,1.9387349616434435e-74,-0.00033197537284837075,0.0017104126641308433,0.773529786628421,0.0013248290396748606,0.0008174914848032979,-0.0002774542705396032,0.0029271123498893245,0.9474485809403981,158.9794847609833,0.0,0.633691518853506,5,1946-07-31 23:59:59.999999999,1951-06-30 23:59:59.999999999,60,120,5,5,60
ME2 BM2,ff3,1946-07-31 23:59:59.999999999,1951-06-30 23:59:59.999999999,60,0.0014156964314453368,0.0006902489246124775,2.050994041374484,0.040267527025016674,12,0.9643256271457268,0.009109949961713387,0.0014156964314453368,0.0006902489246124775,2.050994041374484,0.040267527025016674,0.9813788594170891,0.033444734555151116,29.343299400351746,2.9094355860631636e-189,0.9092832916977485,0.04713633989975584,19.290494205352132,6.455329784067087e-83,-0.06698868804381242,0.0352900061928987,-1.8982339554616554,0.05766526968419762,-0.00033197537284837075,0.0017104126641308433,0.9092646264684909,0.0013032465655197605,0.0005230834978868141,0.000278002909661605,0.002328490221377916,0.9936392050213199,156.38958786237126,0.0,0.3269247403613207,6,1946-07-31 23:59:59.999999999,1951-06-30 23:59:59.999999999,60,120,6,4,60
SMALL HiBM,ff3,1946-07-31 23:59:59.999999999,1951-06-30 23:59:59.999999999,60,0.0018781213780418957,0.0014141868591197627,1.328057438753816,0.18415913238128445,12,0.9719796624871029,0.010701041388697964,0.0018781213780418957,0.0014141868591197627,1.328057438753816,0.18415913238128445,1.0381746683971649,0.03583814816200123,28.968423918117768,1.6448991529781855e-184,1.1662682225073808,0.10442686306421232,11.168277857683417,5.830024204858308e-29,0.7409836834920721,0.043744914504522954,16.938738865644805,2.3306769395725187e-64,-0.00033197537284837075,0.0017104126641308433,0.7893958790081065,0.0010573447524286341,0.000791466375420967,-0.0004939293433964612,0.0026086188482537295,0.9092141454088081,126.8813702914361,0.0,0.39456480488357165,7,1946-07-31 23:59:59.999999999,1951-06-30 23:59:59.999999999,60,120,7,4,60
ME3 BM3,ff3,1946-07-31 23:59:59.999999999,1951-06-30 23:59:59.999999999,60,0.0005270156383822201,0.0012658966845782817,0.41631804933416744,0.6771772867128867,12,0.9466398101364604,0.01131745172369617,0.0005270156383822201,0.0012658966845782817,0.41631804933416744,0.6771772867128867,1.0428240103829085,0.04145951732157566,25.15282564180311,1.3161002788396718e-139,0.6787273588195144,0.08852537932122773,7.667037001407806,1.7601501496805154e-14,-0.021904469521432244,0.05013062943978311,-0.4369478254356228,0.6621491866728029,-0.00033197537284837075,0.0017104126641308433,0.8470365788856097,0.0005158371375422943,0.0006756410218052994,-0.0008084192651960924,0.001840093540280681,0.7774108470467019,61.90045650507531,0.0,0.7695196439919166,8,1946-07-31 23:59:59.999999999,1951-06-30 23:59:59.999999999,60,120,8,4,60
ME1 BM3,ff3,1946-07-31 23:59:59.999999999,1951-06-30 23:59:59.999999999,60,-0.0008709383583755682,0.0016997642331125923,-0.5123877426110526,0.6083796678135583,12,0.8980457713482447,0.020175683309729704,-0.0008709383583755682,0.0016997642331125923,-0.5123877426110526,0.6083796678135583,1.1080718358713075,0.09154807838055215,12.10371485095747,1.0093782027952768e-33,1.3189294298125498,0.11110218076551705,11.871319003145148,1.6681658536465132e-32,0.22386928352841826,0.11508358799014741,1.9452754944309196,0.0517418298701284,-0.00033197537284837075,0.0017104126641308433,0.6347860033404864,0.00021132391140766562,0.0010607967789238845,-0.0018678377752831478,0.0022904855980984793,0.5789517144270474,25.358869368919873,0.0,0.7604745847669478,9,1946-07-31 23:59:59.999999999,1951-06-30 23:59:59.999999999,60,120,9,4,60
ME5 BM3,ff3,1946-07-31 23:59:59.999999999,1951-06-30 23:59:59.999999999,60,0.0009782306384667411,0.002247117411961617,0.43532689180348455,0.6633251679872612,12,0.8531808664660125,0.013934864232222073,0.0009782306384667411,0.002247117411961617,0.43532689180348455,0.6633251679872612,0.8272185302081938,0.057333774785058425,14.42811908529303,3.443441638984724e-47,-0.2681130438930778,0.09485271874018104,-2.826624765785454,0.00470414146880063,0.19407407928326803,0.08939084199308053,2.171073400318689,0.02992562438180909,-0.00033197537284837075,0.0017104126641308433,0.5930735767660241,5.4840466491351525e-05,0.0010911044938510157,-0.002083724341456639,0.002193405274439342,0.5200429682859976,6.580855978962183,0.0,0.7695196439919166,10,1946-07-31 23:59:59.999999999,1951-06-30 23:59:59.999999999,60,120,10,4,60
ME5 BM4,ff3,1946-07-31 23:59:59.999999999,1951-06-30 23:59:59.999999999,60,0.000499548844005485,0.0016322323281903867,0.3060525363808483,0.7595646454153081,12,0.9363284963234249,0.011127054717600348,0.000499548844005485,0.0016322323281903867,0.3060525363808483,0.7595646454153081,0.8968395170447596,0.04193991157525982,21.383915305481985,1.886214804019261e-101,-0.2532188293237057,0.12079934297787309,-2.0961937629916414,0.0360650060067114,0.5962884295278644,0.10232561666415417,5.827362189127672,5.631031552506576e-09,-0.00033197537284837075,0.0017104126641308433,0.7767674677392695,4.3027934365076474e-05,0.0008127650720706759,-0.0015499916068934484,0.0016360474756236011,0.5211102173972374,5.163352123809177,0.0,0.7912131723076126,11,1946-07-31 23:59:59.999999999,1951-06-30 23:59:59.999999999,60,120,11,3,60
SMALL LoBM,ff3,1946-07-31 23:59:59.999999999,1951-06-30 23:59:59.999999999,60,-0.0018024936460910865,0.0026331548253833723,-0.6845376613312716,0.49363571615876456,12,0.8192172098056445,0.030990011978868394,-0.0018024936460910865,0.0026331548253833723,-0.6845376613312716,0.49363571615876456,1.139949864906495,0.1696874235368831,6.717939615947534,1.843120356989775e-11,1.9008880535462973,0.3889447573830497,4.887295734068013,1.022304730401059e-06,0.001831801826325772,0.14541968028433871,0.0125966569500363,0.9899495876953511,-0.00033197537284837075,0.0017104126641308433,0.3803507788439417,-0.00011943553792003624,0.001364416526310663,-0.002793691929488936,0.002554820853648863,0.46512274359223155,-14.33226455040435,14.33226455040435,0.7161755053651924,12,1946-07-31 23:59:59.999999999,1951-06-30 23:59:59.999999999,60,120,12,3,60
ME2 BM3,ff3,1946-07-31 23:59:59.999999999,1951-06-30 23:59:59.999999999,60,0.00026373968906306076,0.0007252688065667379,0.36364405400467464,0.7161238254047112,12,0.965389751159156,0.009360823124601863,0.00026373968906306076,0.0007252688065667379,0.36364405400467464,0.7161238254047112,1.00299867629104,0.036788831612997994,27.263673031047468,1.1442498083858726e-163,0.846409435318744,0.05857595764531745,14.449775459819662,2.515044240825544e-47,0.13141676458609983,0.0652536265154868,2.0139380997454657,0.04401603280789383,-0.00033197537284837075,0.0017104126641308433,0.9114279364862635,-0.00016033021446465389,0.0005129629368119769,-0.0011657375706161286,0.0008450771416868208,0.37730858285143387,-19.239625735758466,19.239625735758466,0.7783954623964252,13,1946-07-31 23:59:59.999999999,1951-06-30 23:59:59.999999999,60,120,13,3,60
ME4 BM2,ff3,1946-07-31 23:59:59.999999999,1951-06-30 23:59:59.999999999,60,-0.0006711622676620954,0.0012816926385863954,-0.5236530564787621,0.6005198718518137,12,0.9596444276728608,0.008383096218694852,-0.0006711622676620954,0.0012816926385863954,-0.5236530564787621,0.6005198718518137,0.9922930820479452,0.028984891205918965,34.23483893723604,7.332993313694004e-257,0.20417719008343463,0.043228967906613104,4.723156715758646,2.3221176945502735e-06,-0.06111934007796347,0.020422719461619613,-2.992713100369662,0.0027650955028658253,-0.00033197537284837075,0.0017104126641308433,0.8153898589086155,-0.00051719811176477,0.0007351717313832371,-0.0019581347052759148,0.0009237384817463748,0.24087007018772932,-62.0637734117724,62.0637734117724,0.7604745847669478,14,1946-07-31 23:59:59.999999999,1951-06-30 23:59:59.999999999,60,120,14,3,60
ME3 BM4,ff3,1946-07-31 23:59:59.999999999,1951-06-30 23:59:59.999999999,60,-0.0007038019767537339,0.0010826540212244477,-0.6500709949405221,0.5156463638629385,12,0.9530031035908886,0.011533558980149043,-0.0007038019767537339,0.0010826540212244477,-0.6500709949405221,0.5156463638629385,1.0818920410552402,0.04503763316145562,24.0219559757228,1.6399032868757838e-127,0.534446805503405,0.1293510978958177,4.131753144715173,3.6000692773842674e-05,0.3412309829787813,0.07459147726775836,4.574664498919583,4.7698371656401575e-06,-0.00033197537284837075,0.0017104126641308433,0.8621287819968216,-0.0006198069343298408,0.0006356812361327694,-0.0018657421571500689,0.0006261282884903873,0.1647732128513591,-74.3768321195809,74.3768321195809,0.7161755053651924,15,1946-07-31 23:59:59.999999999,1951-06-30 23:59:59.999999999,60,120,15,3,60
ME3 BM1,ff3,1946-07-31 23:59:59.999999999,1951-06-30 23:59:59.999999999,60,-0.0003217455528656339,0.0014367772939535852,-0.22393557736445396,0.822807431894758,12,0.945593684608771,0.01088090115305865,-0.0003217455528656339,0.0014367772939535852,-0.22393557736445396,0.822807431894758,1.0132550208706401,0.03747250820812929,27.03995727328507,5.0132541339662715e-161,0.7265870913036074,0.10468368203587322,6.940786540681852,3.899228160547561e-12,-0.24929826501119248,0.04022380121154952,-6.1977798592444096,5.726515766629928e-10,-0.00033197537284837075,0.0017104126641308433,0.7595144659228491,-0.0007218293802971537,0.0008394648689165732,-0.002367180523373637,0.0009235217627793297,0.1949307727947811,-86.61952563565843,86.61952563565843,0.822807431894758,16,1946-07-31 23:59:59.999999999,1951-06-30 23:59:59.999999999,60,120,16,2,60
ME2 BM4,ff3,1946-07-31 23:59:59.999999999,1951-06-30 23:59:59.999999999,60,-0.0012937582334657523,0.0012932566359178052,-1.0003878561563235,0.3171228445928399,12,0.9686829838435864,0.009428037973270749,-0.0012937582334657523,0.0012932566359178052,-1.0003878561563235,0.3171228445928399,1.0556140646541474,0.0346271782828212,30.485130957894004,4.102721990759299e-204,0.7727794167965516,0.1220763486851461,6.330295959208856,2.446913978969824e-10,0.27653019626024006,0.03992286894724645,6.926611327097845,4.310407032455355e-12,-0.00033197537284837075,0.0017104126641308433,0.88092776137991,-0.0009527544684641874,0.0005949155852081043,-0.002118789015472072,0.00021328007854369698,0.0546336384840649,-114.33053621570248,114.33053621570248,0.6098516242169998,17,1946-07-31 23:59:59.999999999,1951-06-30 23:59:59.999999999,60,120,17,2,60
ME3 BM2,ff3,1946-07-31 23:59:59.999999999,1951-06-30 23:59:59.999999999,60,-0.001730731603383364,0.0009449448971318722,-1.831568812781081,0.06701568682049112,12,0.9503180427628997,0.010478102324507126,-0.001730731603383364,0.0009449448971318722,-1.831568812781081,0.06701568682049112,1.0776794103617113,0.034331508202654834,31.39038937643803,2.7368347655907007e-216,0.520047638695098,0.13023967595775843,3.9930047036032916,6.524127379460233e-05,-0.2470466842169658,0.04158634033885747,-5.940572846852075,2.840278086367398e-09,-0.00033197537284837075,0.0017104126641308433,0.8736730733664945,-0.0010721727177969015,0.0006126728446170182,-0.0022730114932462573,0.00012866605765245414,0.04005982721707261,-128.66072613562818,128.66072613562818,0.3269247403613207,18,1946-07-31 23:59:59.999999999,1951-06-30 23:59:59.999999999,60,120,18,2,60
ME4 BM4,ff3,1946-07-31 23:59:59.999999999,1951-06-30 23:59:59.999999999,60,-0.0030102556000608954,0.0015982140206650664,-1.8835121962002528,0.05963098858386234,12,0.9061122755602335,0.014770001423653586,-0.0030102556000608954,0.0015982140206650664,-1.8835121962002528,0.05963098858386234,0.8848937844930743,0.07976937125780174,11.09315230319718,1.3542960702974507e-28,0.5126245783880207,0.23271749064299094,2.2027763232220123,0.027610517745839544,0.45919551314684914,0.08295510562538351,5.5354701761278875,3.103945504181156e-08,-0.00033197537284837075,0.0017104126641308433,0.7387712537042075,-0.0017192015774032685,0.000877038245592168,-0.0034381965387639177,-2.0661604261925162e-07,0.024984130584041576,-206.30418928839222,206.30418928839222,0.3269247403613207,19,1946-07-31 23:59:59.999999999,1951-06-30 23:59:59.999999999,60,120,19,2,60
BIG HiBM,ff3,1946-07-31 23:59:59.999999999,1951-06-30 23:59:59.999999999,60,-0.002269000832092568,0.0015405937377575825,-1.4728093308981132,0.1408024556166809,12,0.9475814357131619,0.012847946016902806,-0.002269000832092568,0.0015405937377575825,-1.4728093308981132,0.1408024556166809,1.0511524697789478,0.05121969621711891,20.5224268672571,1.3576311049366436e-93,0.06810916158319154,0.1627871514593521,0.4183939639744748,0.6756590990020592,0.8171216455420923,0.0213228483455136,38.321411487880205,0.0,-0.00033197537284837075,0.0017104126641308433,0.7500024597015559,-0.0018570851940297038,0.0008792863014933112,-0.0035804863449565936,-0.00013368404310281387,0.017341638334960524,-222.85022328356447,222.85022328356447,0.35200613904170225,20,1946-07-31 23:59:59.999999999,1951-06-30 23:59:59.999999999,60,120,20,2,60
ME4 BM1,ff3,1946-07-31 23:59:59.999999999,1951-06-30 23:59:59.999999999,60,-0.0015480315780096847,0.0011795582236736996,-1.3123825063830978,0.18939110634411438,12,0.9397079228990344,0.010919811628712032,-0.0015480315780096847,0.0011795582236736996,-1.3123825063830978,0.18939110634411438,1.1097993190660185,0.04617301666575061,24.035668431628064,1.1788914331344256e-127,-0.032370026397178814,0.0738968335996029,-0.43804348333204846,0.661354762402828,-0.1488708993387347,0.056755289820432896,-2.6230312594604808,0.00871512760127964,-0.00033197537284837075,0.0017104126641308433,0.8735963061741688,-0.00203561337930239,0.0006109080889404297,-0.0032329932336256327,-0.0008382335249791479,0.00043094982352635195,-244.27360551628684,244.27360551628684,0.39456480488357165,21,1946-07-31 23:59:59.999999999,1951-06-30 23:59:59.999999999,60,120,21,1,60
ME2 BM1,ff3,1946-07-31 23:59:59.999999999,1951-06-30 23:59:59.999999999,60,-0.0022245914022872362,0.0030161370913770595,-0.7375630930859207,0.4607799897969679,12,0.8887948483252439,0.017553555851995358,-0.0022245914022872362,0.0030161370913770595,-0.7375630930859207,0.4607799897969679,0.9416853513378275,0.0605178201814653,15.560463818989898,1.351162001429896e-54,1.2704443864275876,0.19614101443703325,6.47719901966468,9.344091168507213e-11,-0.1295653975624988,0.06797495525368598,-1.9060755108841803,0.05664040944499401,-0.00033197537284837075,0.0017104126641308433,0.556138597662252,-0.002073645074223912,0.0011482660928098872,-0.00432424661613129,0.00017695646768346686,0.035467569876496165,-248.83740890686943,248.83740890686943,0.7161755053651924,22,1946-07-31 23:59:59.999999999,1951-06-30 23:59:59.999999999,60,120,22,1,60
ME5 BM2,ff3,1946-07-31 23:59:59.999999999,1951-06-30 23:59:59.999999999,60,-0.0030097066865785345,0.0017868807289158708,-1.6843355227209662,0.09211684396581919,12,0.9472113591306274,0.00966742161116869,-0.0030097066865785345,0.0017868807289158708,-1.6843355227209662,0.09211684396581919,1.093919683257926,0.05978348915380366,18.298023396453544,8.580590631886661e-75,-0.2727757021339082,0.06497094205489615,-4.198426150315488,2.6877647574408112e-05,-0.14821255101394537,0.034199000750349345,-4.333826947047023,1.4653938253547525e-05,-0.00033197537284837075,0.0017104126641308433,0.8011103956319399,-0.0021500929043685273,0.000763016226708835,-0.003645604708717844,-0.0006545811000192106,0.002417046908579725,-258.01114852422324,258.01114852422324,0.3269247403613207,23,1946-07-31 23:59:59.999999999,1951-06-30 23:59:59.999999999,60,120,23,1,60
ME1 BM4,ff3,1946-07-31 23:59:59.999999999,1951-06-30 23:59:59.999999999,60,-0.003443569729738767,0.0012005732962554214,-2.868271133865157,0.004127216771477325,12,0.947829904963672,0.012693132850605296,-0.003443569729738767,0.0012005732962554214,-2.868271133865157,0.004127216771477325,0.9513009224405438,0.024461449041695116,38.88980251411226,0.0,1.0472361644462604,0.08406205005611146,12.45789465932879,1.266706215926306e-35,0.4659585289376492,0.05697020536650944,8.178986295379726,2.862416582598212e-16,-0.00033197537284837075,0.0017104126641308433,0.8348994114256308,-0.0029917233365245647,0.0006955495345503981,-0.004355000424243345,-0.0016284462488057843,8.492367126853155e-06,-359.00680038294774,359.00680038294774,0.09559951814055336,24,1946-07-31 23:59:59.999999999,1951-06-30 23:59:59.999999999,60,120,24,1,60
ME1 BM2,ff3,1946-07-31 23:59:59.999999999,1951-06-30 23:59:59.999999999,60,-0.0038652768748201525,0.002220496431396811,-1.740726452052295,0.08173153928266284,12,0.9036558666448986,0.018910779188757543,-0.0038652768748201525,0.002220496431396811,-1.740726452052295,0.08173153928266284,1.1259607692931313,0.08557878359888328,13.157008337143786,1.551066684226707e-39,1.178365905941073,0.19780568922890865,5.9571891513060615,2.5661317858511987e-09,0.13522987947450582,0.10635063628504692,1.2715474415409715,0.2035339610897675,-0.00033197537284837075,0.0017104126641308433,0.6518138240589887,-0.0030215498700051115,0.0010387095673325677,-0.005057420621976944,-0.0009856791180332786,0.0018132484226358403,-362.58598440061337,362.58598440061337,0.3269247403613207,25,1946-07-31 23:59:59.999999999,1951-06-30 23:59:59.999999999,60,120,25,1,60
ME5 BM3,ff3,1956-07-31 23:59:59.999999999,1961-06-30 23:59:59.999999999,60,0.005828070685300619,0.0012458003897162112,4.678173753524216,2.894412363807688e-06,12,0.7823365908087492,0.014013012484300905,0.005828070685300619,0.0012458003897162112,4.678173753524216,2.894412363807688e-06,0.8122039952981528,0.06172151564185387,13.159171268752683,1.507300488842858e-39,-0.1694561157328316,0.09466576689394218,-1.7900464052932672,0.07344645158221887,0.27501050850753817,0.04404840308784689,6.243370683815199,4.282403793084797e-10,-0.00032971879012383713,0.002439485595993014,0.8710130518045495,0.0047336007559916835,0.0008769133153209671,0.003014850657962588,0.0064523508540207785,0.9999999663109218,568.032090719002,0.0,7.23603090951922e-05,1,1956-07-31 23:59:59.999999999,1961-06-30 23:59:59.999999999,60,120,1,5,60
ME2 BM5,ff3,1956-07-31 23:59:59.999999999,1961-06-30 23:59:59.999999999,60,0.0023053055292336358,0.001457840125216332,1.581315735078664,0.11380586357770699,12,0.9395274512184055,0.010983937852129273,0.0023053055292336358,0.001457840125216332,1.581315735078664,0.11380586357770699,1.1406825703599697,0.032531120859495506,35.06434885187843,2.3568402896728294e-269,1.0612506169959608,0.04676461627788828,22.693452902290833,5.19916498247452e-114,0.6479693872531181,0.057860366612859725,11.198846899616845,4.1307501741862164e-29,-0.00032971879012383713,0.002439485595993014,0.8557916710924484,0.003477127410583966,0.0009346127945519438,0.0016452863332621563,0.0053089684879057755,0.999900543713721,417.25528927007593,0.0,0.35564332368033436,2,1956-07-31 23:59:59.999999999,1961-06-30 23:59:59.999999999,60,120,2,5,60
ME1 BM4,ff3,1956-07-31 23:59:59.999999999,1961-06-30 23:59:59.999999999,60,0.001972174928401512,0.0012133801617071583,1.6253561667159382,0.10408669001932815,12,0.9368310800933385,0.008774704188241408,0.001972174928401512,0.0012133801617071583,1.6253561667159382,0.10408669001932815,0.8655275591408935,0.035060028204411044,24.6870183359407,1.4744164246457672e-134,0.8451544102166436,0.05295626293821009,15.959479829662044,2.4476280947040477e-57,0.6252209463098594,0.034437245341902685,18.15537044564655,1.1643987631203937e-73,-0.00032971879012383713,0.002439485595993014,0.9105706159748247,0.00162333013598571,0.0007297372988938289,0.00019304503015380543,0.0030536152418176145,0.9869439477770949,194.79961631828522,0.0,0.35564332368033436,3,1956-07-31 23:59:59.999999999,1961-06-30 23:59:59.999999999,60,120,3,5,60
ME2 BM2,ff3,1956-07-31 23:59:59.999999999,1961-06-30 23:59:59.999999999,60,0.002607175357836016,0.0019144074361984102,1.3618706804719112,0.17323870058021096,12,0.7991190315902706,0.01815890173812478,0.002607175357836016,0.0019144074361984102,1.3618706804719112,0.17323870058021096,0.9855134082542273,0.06791215252099497,14.511591396687903,1.0231890794251844e-47,0.8775812803697807,0.13451068668667898,6.524249500071062,6.83428645718228e-11,-0.015947309671313376,0.15969637188559016,-0.09986018769880611,0.9204553239197812,-0.00032971879012383713,0.002439485595993014,0.7572294747687238,0.00155590248543095,0.0012206489746341659,-0.0008365695048520151,0.0039483744757139155,0.8987837534423202,186.708298251714,0.0,0.4330967514505274,4,1956-07-31 23:59:59.999999999,1961-06-30 23:59:59.999999999,60,120,4,5,60
ME2 BM3,ff3,1956-07-31 23:59:59.999999999,1961-06-30 23:59:59.999999999,60,0.0011238398420573689,0.0012913219617724041,0.8703018111105633,0.38413548945187115,12,0.9225960273502942,0.008864444055453037,0.0011238398420573689,0.0012913219617724041,0.8703018111105633,0.38413548945187115,0.8215999097110455,0.04297343907031985,19.118784241740936,1.761660998252357e-81,0.7660955663293239,0.04670949974335161,16.401279622746674,1.8725192636348757e-60,0.2756936230269365,0.03541764551690792,7.784075395280694,7.0224872224364576e-15,-0.00032971879012383713,0.002439485595993014,0.8985072764471386,0.001442978709865622,0.0007907531057552841,-0.00010689737741473499,0.002992854797145979,0.9659855797228807,173.15744518387461,0.0,0.7387220950997523,5,1956-07-31 23:59:59.999999999,1961-06-30 23:59:59.999999999,60,120,5,5,60
SMALL HiBM,ff3,1956-07-31 23:59:59.999999999,1961-06-30 23:59:59.999999999,60,0.0002918660306850678,0.001194137945506766,0.24441567390374339,0.806908903811182,12,0.9426344664479599,0.00967472323314797,0.0002918660306850678,0.001194137945506766,0.24441567390374339,0.806908903811182,0.9547371479974344,0.035485488061380153,26.90500258432408,1.9193132810123683e-159,1.1096489785721935,0.08491033172693332,13.068480077792652,4.985163978427235e-39,0.7720586933280709,0.04783736970730267,16.13923796504663,1.3520021600197055e-58,-0.00032971879012383713,0.002439485595993014,0.8990778053738269,0.0014266411075029176,0.0007787950379456408,-9.979716687053821e-05,0.0029530793818763734,0.9665136325208494,171.1969329003501,0.0,0.9888891933900904,6,1956-07-31 23:59:59.999999999,1961-06-30 23:59:59.999999999,60,120,6,4,60
ME4 BM3,ff3,1956-07-31 23:59:59.999999999,1961-06-30 23:59:59.999999999,60,0.002489326530607602,0.002195744762754497,1.1337048699070176,0.2569183661912525,12,0.8754783847138667,0.011605679266441278,0.002489326530607602,0.002195744762754497,1.1337048699070176,0.2569183661912525,0.9015685909073456,0.07368180026338052,12.235973981154485,1.9969494043487765e-34,0.409856464588675,0.06497788174910044,6.307630436019085,2.833397692709485e-10,0.22843642903107425,0.08465305677708447,2.6985018347608194,0.0069652353966027074,-0.00032971879012383713,0.002439485595993014,0.7476378572545765,0.0013516981166574486,0.0012642972721953016,-0.0011263245368453426,0.00382972077016024,0.8574944477343558,162.20377399889384,0.0,0.5498908820538752,7,1956-07-31 23:59:59.999999999,1961-06-30 23:59:59.999999999,60,120,7,4,60
ME3 BM4,ff3,1956-07-31 23:59:59.999999999,1961-06-30 23:59:59.999999999,60,0.0008714906675022088,0.0007801302165128924,1.1171092326069472,0.2639476233858601,12,0.9235303629812865,0.011297209301843804,0.0008714906675022088,0.0007801302165128924,1.1171092326069472,0.2639476233858601,1.074289307444804,0.0348462044531537,30.82944970058503,1.0564389833993707e-208,0.8360056318615566,0.08028813916552244,10.41256704353358,2.1728216731703013e-25,0.5241497485371476,0.029042658921302065,18.0475813167608,8.242190246906993e-73,-0.00032971879012383713,0.002439485595993014,0.9341099694184802,0.0006873632578000654,0.0006283062039193681,-0.0005441169018818959,0.0019188434174820268,0.8630212092980212,82.48359093600786,0.0,0.5498908820538752,8,1956-07-31 23:59:59.999999999,1961-06-30 23:59:59.999999999,60,120,8,4,60
ME4 BM2,ff3,1956-07-31 23:59:59.999999999,1961-06-30 23:59:59.999999999,60,0.0018554586860834701,0.0011339405313342806,1.6362927638720142,0.10177832981906994,12,0.9051005872907711,0.00974239982442545,0.0018554586860834701,0.0011339405313342806,1.6362927638720142,0.10177832981906994,0.8861958292625649,0.03759274254432666,23.573588125889632,7.19386170041233e-123,0.3763624916717828,0.05138007638114138,7.325066799821331,2.387797440619461e-13,0.0906063983689458,0.06291046655333954,1.4402436245187256,0.14979848492635484,-0.00032971879012383713,0.002439485595993014,0.9040176555557068,0.000533323144178502,0.0007625679067571293,-0.0009613099530654713,0.0020279562414224754,0.7578420535213988,63.99877730142023,0.0,0.35564332368033436,9,1956-07-31 23:59:59.999999999,1961-06-30 23:59:59.999999999,60,120,9,4,60
BIG LoBM,ff3,1956-07-31 23:59:59.999999999,1961-06-30 23:59:59.999999999,60,-0.0008471368483369535,0.0011079780423743648,-0.764579094475161,0.44452222169047906,12,0.961103876797626,0.007241220297360062,-0.0008471368483369535,0.0011079780423743648,-0.764579094475161,0.44452222169047906,1.061778630431811,0.03849701383224456,27.580804969929385,1.8909652997370795e-167,-0.18870031398477222,0.05757271267544666,-3.277599842281676,0.0010469369774185014,-0.3204909318416001,0.0717622861767701,-4.466007828292196,7.969269495198514e-06,-0.00032971879012383713,0.002439485595993014,0.9225582495044025,-1.867378569653152e-05,0.0006791954859801613,-0.0013498969382176478,0.0013125493668245847,0.48903287147754804,-2.2408542835837824,2.2408542835837824,0.7492573346587944,10,1956-07-31 23:59:59.999999999,1961-06-30 23:59:59.999999999,60,120,10,4,60
ME3 BM3,ff3,1956-07-31 23:59:59.999999999,1961-06-30 23:59:59.999999999,60,-0.00013311758917976965,0.0009405535699294916,-0.14153110831289362,0.887450386499045,12,0.9188542757709308,0.010447291067719385,-0.00013311758917976965,0.0009405535699294916,-0.14153110831289362,0.887450386499045,1.0015788683278,0.0388427515990275,25.785476751674725,1.2903542064217815e-146,0.6389516364972757,0.12102795025600589,5.279372534573421,1.2962701718318992e-07,0.2482644916257128,0.05800012139534302,4.2804133104046675,1.8654654278083926e-05,-0.00032971879012383713,0.002439485595993014,0.9391815209486223,-5.962428737866653e-05,0.0006034756663261678,-0.0012424365933779553,0.0011231880186206222,0.46064794773901047,-7.154914485439983,7.154914485439983,0.9888891933900904,11,1956-07-31 23:59:59.999999999,1961-06-30 23:59:59.999999999,60,120,11,3,60
ME3 BM1,ff3,1956-07-31 23:59:59.999999999,1961-06-30 23:59:59.999999999,60,0.0005734235632432436,0.0015866528949125323,0.36140454228009006,0.717797052902132,12,0.9105411284068572,0.011725164601608494,0.0005734235632432436,0.0015866528949125323,0.36140454228009006,0.717797052902132,0.9869237706235631,0.0459234124323375,21.49064536695033,1.9044583345167778e-102,0.9714327469150462,0.12465734471244184,7.792823994093058,6.552787067321189e-15,-0.2444931929196466,0.048762858608298085,-5.013922479065669,5.333148042377499e-07,-0.00032971879012383713,0.002439485595993014,0.8648041135436856,-0.000377680898832114,0.0008975484850661577,-0.0021368759295617833,0.001381514131897555,0.3369536184741908,-45.32170785985368,45.32170785985368,0.9888891933900904,12,1956-07-31 23:59:59.999999999,1961-06-30 23:59:59.999999999,60,120,12,3,60
ME3 BM2,ff3,1956-07-31 23:59:59.999999999,1961-06-30 23:59:59.999999999,60,0.001179878408982662,0.0015603593779691643,0.7561581169321999,0.44955440079527664,12,0.8552599275332322,0.013441186193062926,0.001179878408982662,0.0015603593779691643,0.7561581169321999,0.44955440079527664,0.9105654609716771,0.04927409163353589,18.479599131807177,3.01412370596758e-76,0.7036508524288266,0.07203455808904403,9.768240010010517,1.5410579356808913e-22,0.05440066154191088,0.08937296159186517,0.6086926132127023,0.5427282041448153,-0.00032971879012383713,0.002439485595993014,0.8703839817423802,-0.0004099147445781927,0.0008867846880797056,-0.0021480127332144158,0.0013281832440580302,0.32195162284828693,-49.18976934938313,49.18976934938313,0.7492573346587944,13,1956-07-31 23:59:59.999999999,1961-06-30 23:59:59.999999999,60,120,13,3,60
ME1 BM3,ff3,1956-07-31 23:59:59.999999999,1961-06-30 23:59:59.999999999,60,-2.0079148240573976e-05,0.0014418687264947795,-0.0139257810864564,0.9888891933900904,12,0.752795347628687,0.020197062850038985,-2.0079148240573976e-05,0.0014418687264947795,-0.0139257810864564,0.9888891933900904,0.7934898353094353,0.053157315727055614,14.927199096804106,2.1928525675555824e-50,1.0615150793188313,0.19616162444169266,5.411430917438989,6.252311451087629e-08,0.848407539092185,0.18751304966458468,4.524525309623944,6.053120934573389e-06,-0.00032971879012383713,0.002439485595993014,0.8016986536503082,-0.0005280362665771002,0.001103008085323354,-0.002689932113810874,0.0016338595806566734,0.3160675516410212,-63.36435198925202,63.36435198925202,0.9888891933900904,14,1956-07-31 23:59:59.999999999,1961-06-30 23:59:59.999999999,60,120,14,3,60
ME3 BM5,ff3,1956-07-31 23:59:59.999999999,1961-06-30 23:59:59.999999999,60,-0.0019541605849324895,0.003061406388702759,-0.6383211951682592,0.5232646176183302,12,0.8903141248422117,0.01447951721684346,-0.0019541605849324895,0.003061406388702759,-0.6383211951682592,0.5232646176183302,1.1043857767380132,0.05099334409399493,21.657449542872158,5.1708016647959793e-104,0.6429502459130026,0.1376883803264468,4.669604249745877,3.017805269134376e-06,0.9839092932944177,0.12028554524727744,8.179779966676318,2.8436264517842546e-16,-0.00032971879012383713,0.002439485595993014,0.6649599798967168,-0.0006739907989460809,0.0014233601583094112,-0.003463776709232527,0.002115795111340365,0.31792079288867536,-80.87889587352971,80.87889587352971,0.817600965028641,15,1956-07-31 23:59:59.999999999,1961-06-30 23:59:59.999999999,60,120,15,3,60
ME2 BM4,ff3,1956-07-31 23:59:59.999999999,1961-06-30 23:59:59.999999999,60,9.598498182810663e-05,0.0014869680459267225,0.06455080328796571,0.9485316562509938,12,0.9199722765462408,0.01145310699820396,9.598498182810663e-05,0.0014869680459267225,0.06455080328796571,0.9485316562509938,1.009292986793931,0.028574569202134154,35.321371939302935,2.759344191681427e-273,1.0540850756332418,0.0810887598955821,12.999151509908227,1.2370818687907953e-38,0.46486930931088916,0.10020601004644308,4.639136006866588,3.4986875798245243e-06,-0.00032971879012383713,0.002439485595993014,0.8951249308829359,-0.0009460543872912932,0.0007921809657165207,-0.002498729080095674,0.0006066203055130873,0.11619200308679617,-113.52652647495519,113.52652647495519,0.9888891933900904,16,1956-07-31 23:59:59.999999999,1961-06-30 23:59:59.999999999,60,120,16,2,60
ME1 BM2,ff3,1956-07-31 23:59:59.999999999,1961-06-30 23:59:59.999999999,60,-0.000908155325510491,0.003384951420109767,-0.26829198201049553,0.7884745774924214,12,0.6195685883127156,0.029942872785166753,-0.000908155325510491,0.003384951420109767,-0.26829198201049553,0.7884745774924214,0.9995163109360202,0.09031247533764793,11.067311655440351,1.8074152668590433e-28,0.9980707447261962,0.11455949065625497,8.712248448458874,2.9790585974900276e-18,0.498994770041111,0.18094096202533314,2.75777670493013,0.005819593614384398,-0.00032971879012383713,0.002439485595993014,0.5449895909257954,-0.0010799732222567062,0.001676694802633617,-0.004366295035418595,0.0022063485909051828,0.2597525688210195,-129.59678667080476,129.59678667080476,0.9888891933900904,17,1956-07-31 23:59:59.999999999,1961-06-30 23:59:59.999999999,60,120,17,2,60
ME4 BM4,ff3,1956-07-31 23:59:59.999999999,1961-06-30 23:59:59.999999999,60,-0.0001337060353247482,0.002116474865339521,-0.06317393015829617,0.9496280040224652,12,0.9068697803106297,0.01271816392445643,-0.0001337060353247482,0.002116474865339521,-0.06317393015829617,0.9496280040224652,1.1533387506138781,0.060990177819044325,18.910237547360378,9.393269628850409e-80,0.4480593152925472,0.15496402704465206,2.891376300923319,0.003835585539092347,0.5886433367745031,0.08876239514254507,6.631674774313948,3.3189923912949333e-11,-0.00032971879012383713,0.002439485595993014,0.7610622984564781,-0.0011031020837710807,0.0011924917315930521,-0.003440385877693463,0.0012341817101513015,0.17747265254507721,-132.3722500525297,132.3722500525297,0.9888891933900904,18,1956-07-31 23:59:59.999999999,1961-06-30 23:59:59.999999999,60,120,18,2,60
ME2 BM1,ff3,1956-07-31 23:59:59.999999999,1961-06-30 23:59:59.999999999,60,-0.00048778591515059497,0.0018295777399747186,-0.2666111991269282,0.7897685320121373,12,0.8280563245699237,0.020531420885276534,-0.00048778591515059497,0.0018295777399747186,-0.2666111991269282,0.7897685320121373,1.1261962802196221,0.04571379658717694,24.63580722445461,5.224036727028229e-134,1.4441626495033957,0.07163616294937436,20.1596873708045,2.2127565385851265e-90,-0.08451515518989934,0.14932834639724976,-0.5659686002620591,0.5714151259770868,-0.00032971879012383713,0.002439485595993014,0.7930465045650956,-0.0012121735496546714,0.001140112748034835,-0.0034467945358029476,0.001022447436493605,0.14384450261503373,-145.46082595856058,145.46082595856058,0.9888891933900904,19,1956-07-31 23:59:59.999999999,1961-06-30 23:59:59.999999999,60,120,19,2,60
ME4 BM1,ff3,1956-07-31 23:59:59.999999999,1961-06-30 23:59:59.999999999,60,9.39039731841503e-05,0.0012621855005324708,0.07439791785322805,0.9406937655261118,12,0.9269378466857975,0.010313377617332104,9.39039731841503e-05,0.0012621855005324708,0.07439791785322805,0.9406937655261118,1.049421545019376,0.0358120029950196,29.303626082163568,9.324711247199507e-189,0.5686357229179101,0.08154967871421141,6.972875085267695,3.1052833497203017e-12,-0.19837592337689486,0.06456808394503338,-3.0723526432311616,0.002123786626384555,-0.00032971879012383713,0.002439485595993014,0.8956475022068314,-0.0012989284541330738,0.0007880587602022461,-0.002843523624129476,0.00024566671586332854,0.04964931034288499,-155.87141449596885,155.87141449596885,0.9888891933900904,20,1956-07-31 23:59:59.999999999,1961-06-30 23:59:59.999999999,60,120,20,2,60
ME5 BM2,ff3,1956-07-31 23:59:59.999999999,1961-06-30 23:59:59.999999999,60,-0.002124616906073744,0.0015471131682842523,-1.3732782770053873,0.16966585312398197,12,0.9174086223030664,0.00997665892175419,-0.002124616906073744,0.0015471131682842523,-1.3732782770053873,0.16966585312398197,1.0142299715050642,0.049764579589271725,20.380559423508373,2.4879556045540058e-92,-0.12327648918288918,0.11942384416359447,-1.0322602663335565,0.3019502093633216,0.02396270003966647,0.10488284604100068,0.22847110794742356,0.8192800146937432,-0.00032971879012383713,0.002439485595993014,0.8806684542493232,-0.001661453423547864,0.0008429697809449388,-0.003313674194199944,-9.232652895783955e-06,0.02436465281765632,-199.37441082574367,199.37441082574367,0.4330967514505274,21,1956-07-31 23:59:59.999999999,1961-06-30 23:59:59.999999999,60,120,21,1,60
SMALL LoBM,ff3,1956-07-31 23:59:59.999999999,1961-06-30 23:59:59.999999999,60,-0.00885407648410937,0.004404332010729061,-2.010310862700773,0.04439829790805224,12,0.5539779316655663,0.0482028276492677,-0.00885407648410937,0.004404332010729061,-2.010310862700773,0.04439829790805224,1.3893496583851295,0.12511018320898898,11.105008583228633,1.1860594957740452e-28,1.5057100721713153,0.3082114383857858,4.885315353827426,1.0326344059715746e-06,0.5765030514939835,0.3001012068741107,1.9210287672579087,0.05472808087866859,-0.00032971879012383713,0.002439485595993014,0.3091926403843762,-0.002363585827175929,0.0020465893511020985,-0.006374900955336042,0.0016477293009841843,0.1240677123284129,-283.6302992611115,283.6302992611115,0.2219914895402612,22,1956-07-31 23:59:59.999999999,1961-06-30 23:59:59.999999999,60,120,22,1,60
BIG HiBM,ff3,1956-07-31 23:59:59.999999999,1961-06-30 23:59:59.999999999,60,-0.0034603841148258484,0.001559346986232903,-2.219123867475772,0.026478298695574255,12,0.8625130368289091,0.01660252503635522,-0.0034603841148258484,0.001559346986232903,-2.219123867475772,0.026478298695574255,1.150026043017498,0.05878343970046188,19.563775935494668,3.14873742276071e-85,0.04867570068129406,0.13410755357680132,0.3629601717655541,0.7166346366584948,1.178374867114837,0.09029346129529232,13.050500559072871,6.313124352042189e-39,-0.00032971879012383713,0.002439485595993014,0.8240531129820274,-0.0037383176088230533,0.0010302362112020378,-0.005757580582779047,-0.0017190546348670593,0.00014247984891748537,-448.59811305876644,448.59811305876644,0.1654893668473391,23,1956-07-31 23:59:59.999999999,1961-06-30 23:59:59.999999999,60,120,23,1,60
ME4 BM5,ff3,1956-07-31 23:59:59.999999999,1961-06-30 23:59:59.999999999,60,-0.005962515913226292,0.00246893933426358,-2.4150111063805277,0.01573472989488822,12,0.823577507913549,0.020615069453439896,-0.005962515913226292,0.00246893933426358,-2.4150111063805277,0.01573472989488822,1.2331295252539851,0.07667391056654797,16.0827785636903,3.3692237050905756e-58,0.7629225204531008,0.10983616782188958,6.946004540965564,3.757766780795795e-12,0.7852800702110764,0.14297381008946708,5.492474948521556,3.963397859655028e-08,-0.00032971879012383713,0.002439485595993014,0.6890528712059141,-0.003944416136008514,0.0013611391780195426,-0.006612248924926818,-0.0012765833470902111,0.0018784797383278513,-473.3299363210217,473.3299363210217,0.1311227491240685,24,1956-07-31 23:59:59.999999999,1961-06-30 23:59:59.999999999,60,120,24,1,60
ME5 BM4,ff3,1956-07-31 23:59:59.999999999,1961-06-30 23:59:59.999999999,60,-0.006190757297657003,0.001386344937753435,-4.465524509137743,7.987282744953308e-06,12,0.8747351045818934,0.013174850932242473,-0.006190757297657003,0.001386344937753435,-4.465524509137743,7.987282744953308e-06,1.0432298251564105,0.03703456509328713,28.16908535387407,1.3991271547337146e-174,0.019872356050168932,0.14155957214147682,0.14038157751923827,0.888358512721695,0.5640468840092976,0.10899977500598432,5.17475273667611,2.2821300312473007e-07,-0.00032971879012383713,0.002439485595993014,0.885305291562492,-0.005659009402421929,0.0008306694364956865,-0.007287121497953474,-0.004030897306890383,4.792888260992279e-12,-679.0811282906315,679.0811282906315,9.984103431191635e-05,25,1956-07-31 23:59:59.999999999,1961-06-30 23:59:59.999999999,60,120,25,1,60
ME3 BM4,ff3,1966-07-31 23:59:59.999999999,1971-06-30 23:59:59.999999999,60,0.004289585319754406,0.001958414608013808,2.1903356430254743,0.028499903679251246,12,0.9412470878595446,0.012453148574965232,0.004289585319754406,0.001958414608013808,2.1903356430254743,0.028499903679251246,0.9552721923184221,0.05218354019798042,18.306005853458608,7.411064741558217e-75,0.41140585330328056,0.06061495246519489,6.787200790753896,1.1433004138140781e-11,0.40420703455532586,0.05533524650044355,7.304693845577897,2.77898765386222e-13,4.3230527277442965e-05,0.001549249515439315,0.6134425371821461,0.0025400965057150128,0.0009691234552602253,0.0006406145334049713,0.004439578478025054,0.9956167043893321,304.8115806858015,0.0,0.33663452233225927,1,1966-07-31 23:59:59.999999999,1971-06-30 23:59:59.999999999,60,120,1,5,60
BIG LoBM,ff3,1966-07-31 23:59:59.999999999,1971-06-30 23:59:59.999999999,60,0.0024333167929025314,0.001393566481732811,1.7461074335519733,0.08079228535974221,12,0.9427578677398506,0.010900000441831302,0.0024333167929025314,0.001393566481732811,1.7461074335519733,0.08079228535974221,0.9367584442569387,0.04752352277057548,19.711468966205075,1.7190369548161566e-86,-0.14910787198199732,0.056545480200473945,-2.636954738970411,0.008365399247823988,-0.5599674513123518,0.05995859358972343,-9.339235925779406,9.703179819708296e-21,4.3230527277442965e-05,0.001549249515439315,0.7937236936235283,0.001980951683926245,0.000703647827088676,0.0006018019428324398,0.0033601014250200503,0.9975631118340031,237.71420207114937,0.0,0.33663452233225927,2,1966-07-31 23:59:59.999999999,1971-06-30 23:59:59.999999999,60,120,2,5,60
ME4 BM1,ff3,1966-07-31 23:59:59.999999999,1971-06-30 23:59:59.999999999,60,0.0030505478738961822,0.0016677119590633226,1.829181506625122,0.06737242191376155,12,0.9485577010871838,0.013092748116851027,0.0030505478738961822,0.0016677119590633226,1.829181506625122,0.06737242191376155,1.0478196420433823,0.06272399361827023,16.705244382560704,1.2003520918908973e-62,0.1569891577177575,0.06979289451194032,2.249357313743442,0.024489772094876235,-0.6624756731192125,0.060725347334473774,-10.909376433374884,1.0396703437022499e-27,4.3230527277442965e-05,0.001549249515439315,0.6924909304408258,0.001748390601400863,0.0009051028153762058,-2.561091673650021e-05,0.003522392119538226,0.9733019659070711,209.80687216810355,0.0,0.33663452233225927,3,1966-07-31 23:59:59.999999999,1971-06-30 23:59:59.999999999,60,120,3,5,60
ME4 BM4,ff3,1966-07-31 23:59:59.999999999,1971-06-30 23:59:59.999999999,60,0.003909933715313477,0.0018352832241804824,2.1304252465225892,0.03313652130988702,12,0.9309215668554865,0.013891338647031636,0.003909933715313477,0.0018352832241804824,2.1304252465225892,0.03313652130988702,1.0516090139060534,0.06661572438955443,15.786197981672766,3.8722711256278747e-56,0.27580376046018373,0.0997775749103609,2.764185847450821,0.005706502711229603,0.3626037079168978,0.06877226064824514,5.272528552922454,1.345568949004336e-07,4.3230527277442965e-05,0.001549249515439315,0.6463766561086609,0.001620509577390034,0.0009367171157145636,-0.00021545596941051066,0.0034564751241905785,0.9581838102025064,194.46114928680407,0.0,0.33663452233225927,4,1966-07-31 23:59:59.999999999,1971-06-30 23:59:59.999999999,60,120,4,5,60
ME2 BM3,ff3,1966-07-31 23:59:59.999999999,1971-06-30 23:59:59.999999999,60,0.0020746466807450652,0.0013926896519065822,1.4896690572123434,0.13631127444699256,12,0.9534513680120011,0.014362877108371051,0.0020746466807450652,0.0013926896519065822,1.4896690572123434,0.13631127444699256,0.9536924592754655,0.05602412014895595,17.022890439685707,5.5558957738675285e-65,0.9281861287750784,0.051115985310155286,18.15843171452423,1.1012590556146326e-73,0.12100133024417754,0.08042971155106077,1.504435710519239,0.132469215190725,4.3230527277442965e-05,0.001549249515439315,0.7731315611822938,0.0015564534803829205,0.0007397051083841954,0.00010663146794989762,0.0030062754928159435,0.9823174932148245,186.77441764595048,0.0,0.4301060634780751,5,1966-07-31 23:59:59.999999999,1971-06-30 23:59:59.999999999,60,120,5,5,60
ME3 BM5,ff3,1966-07-31 23:59:59.999999999,1971-06-30 23:59:59.999999999,60,0.0010011015867628583,0.0017287442467973989,0.5790917821519628,0.5625272447403411,12,0.9438791786334731,0.014050486641956423,0.0010011015867628583,0.0017287442467973989,0.5790917821519628,0.5625272447403411,1.0483261265508346,0.03726922135275446,28.128468706882597,4.395568303684572e-174,0.5811896572028755,0.05300153548640294,10.965524901669584,5.597480096384828e-28,0.576805790499173,0.06551432378361008,8.804269924304315,1.317070730508523e-18,4.3230527277442965e-05,0.001549249515439315,0.6812051893285139,0.0013851449618968756,0.000876619104736262,-0.000333028483386198,0.0031033184071799494,0.9429579006914691,166.21739542762506,0.0,0.7812878399171405,6,1966-07-31 23:59:59.999999999,1971-06-30 23:59:59.999999999,60,120,6,4,60
ME3 BM2,ff3,1966-07-31 23:59:59.999999999,1971-06-30 23:59:59.999999999,60,0.0012671006007485797,0.0014647120614352932,0.8650851140714503,0.38699207442246086,12,0.9449358502782748,0.014404368570241419,0.0012671006007485797,0.0014647120614352932,0.8650851140714503,0.38699207442246086,1.0259477655698286,0.049716765405382925,20.6358510495284,1.308221439068977e-94,0.5492241175902317,0.0601687802131118,9.128058033500677,6.973899421700164e-20,-0.17540916727749742,0.09124044255653568,-1.9224936043992544,0.05454367757819353,4.3230527277442965e-05,0.001549249515439315,0.7982007252559613,0.001022157491521797,0.0007184587326892334,-0.00038602162454910043,0.002430336607592695,0.9225896916246954,122.65889898261564,0.0,0.6939258708932133,7,1966-07-31 23:59:59.999999999,1971-06-30 23:59:59.999999999,60,120,7,4,60
ME1 BM4,ff3,1966-07-31 23:59:59.999999999,1971-06-30 23:59:59.999999999,60,0.0008879474163334489,0.0010925084024555947,0.8127602628388386,0.416355522535928,12,0.9754690889402622,0.011260917363965646,0.0008879474163334489,0.0010925084024555947,0.8127602628388386,0.416355522535928,0.9716366579953307,0.027998537553178448,34.70312176662344,7.0687576229223905e-264,1.1780766868215728,0.034097590498919146,34.550144734095404,1.418244204151518e-261,0.5621442030305662,0.07099954921131138,7.917574256105383,2.421889917577941e-15,4.3230527277442965e-05,0.001549249515439315,0.7914393019321282,0.000589594425668931,0.0007259004429051957,-0.0008331704424252525,0.0020123592937631146,0.7916687072375672,70.75133108027173,0.0,0.6939258708932133,8,1966-07-31 23:59:59.999999999,1971-06-30 23:59:59.999999999,60,120,8,4,60
ME3 BM3,ff3,1966-07-31 23:59:59.999999999,1971-06-30 23:59:59.999999999,60,-0.0004318123178193036,0.0012719316085338813,-0.3394933461218415,0.7342381088033062,12,0.9369967207425618,0.014378397183178343,-0.0004318123178193036,0.0012719316085338813,-0.3394933461218415,0.7342381088033062,1.0821817371179148,0.07374805266953371,14.67403813314488,9.454676158189017e-49,0.38979139347438546,0.04616353579878492,8.443707500512671,3.074278960557801e-17,0.22428492225375538,0.07291337936634054,3.0760461825102765,0.002097653522271298,4.3230527277442965e-05,0.001549249515439315,0.723831353793961,0.0004410783539315376,0.000820605288872375,-0.0011673080122583173,0.0020494647201213926,0.7045401245306377,52.929402471784506,0.0,0.8740929866706026,9,1966-07-31 23:59:59.999999999,1971-06-30 23:59:59.999999999,60,120,9,4,60
ME2 BM4,ff3,1966-07-31 23:59:59.999999999,1971-06-30 23:59:59.999999999,60,0.0021699759573197155,0.0014615980152194842,1.4846598960343114,0.13763394031298404,12,0.9641726758775961,0.011490590080276279,0.0021699759573197155,0.0014615980152194842,1.4846598960343114,0.13763394031298404,1.0710436986431213,0.05990722520300701,17.878372683990726,1.7383721463082612e-71,0.6213825224563956,0.08996051856586558,6.907280353230107,4.94033017401307e-12,0.5626525012546726,0.040786499037854654,13.795067351391575,2.7289788556181966e-43,4.3230527277442965e-05,0.001549249515439315,0.7320769719513115,0.0003963185276008594,0.0008095922830995209,-0.0011904823472742015,0.00198311940247592,0.687766222615935,47.558223312103124,0.0,0.4301060634780751,10,1966-07-31 23:59:59.999999999,1971-06-30 23:59:59.999999999,60,120,10,4,60
ME5 BM4,ff3,1966-07-31 23:59:59.999999999,1971-06-30 23:59:59.999999999,60,-0.00025151196219895235,0.0012566764557097308,-0.20014058595289463,0.8413706324483772,12,0.9103312031119967,0.013025467389182248,-0.00025151196219895235,0.0012566764557097308,-0.20014058595289463,0.8413706324483772,1.035884111268052,0.039477692966782565,26.239732705243654,9.361772448253351e-152,-0.23414398633666944,0.05960494575527214,-3.9282643976898357,8.556111583273147e-05,0.4789101298913083,0.04999066051642832,9.579992041391915,9.705241475789193e-22,4.3230527277442965e-05,0.001549249515439315,0.7917281975192528,0.00021335656116698858,0.0007101718940576365,-0.001178580351185979,0.0016052934735199561,0.6180752038018512,25.602787340038628,0.0,0.9145332961395404,11,1966-07-31 23:59:59.999999999,1971-06-30 23:59:59.999999999,60,120,11,3,60
ME5 BM3,ff3,1966-07-31 23:59:59.999999999,1971-06-30 23:59:59.999999999,60,-0.0009907382000555651,0.0011921441874151242,-0.8310556814471752,0.4059421745444065,12,0.8499732888174085,0.01632688213752833,-0.0009907382000555651,0.0011921441874151242,-0.8310556814471752,0.4059421745444065,0.9879824676421106,0.09741676093264058,10.141811924184763,3.6035268782362616e-24,-0.2821497667606324,0.08115262549292936,-3.476779279127765,0.0005074754001241737,0.35600588287369417,0.09451466172092261,3.7666736185850995,0.0001654370489417489,4.3230527277442965e-05,0.001549249515439315,0.7819411430697721,9.432122717396944e-05,0.0007308503092972402,-0.0013381453790486213,0.00152678783339656,0.5513436611859311,11.318547260876333,0.0,0.6939258708932133,12,1966-07-31 23:59:59.999999999,1971-06-30 23:59:59.999999999,60,120,12,3,60
ME3 BM1,ff3,1966-07-31 23:59:59.999999999,1971-06-30 23:59:59.999999999,60,-9.010860706510497e-05,0.0013150719174475766,-0.06851990820395343,0.9453717728630071,12,0.9684850079638923,0.013044410486301502,-9.010860706510497e-05,0.0013150719174475766,-0.06851990820395343,0.9453717728630071,1.1989988091282278,0.033396109839054354,35.90234955228482,2.807448699839335e-282,0.60292081044037,0.06431667232556225,9.374253807604767,6.96667952669357e-21,-0.5712192412952194,0.05658728037857141,-10.094481259281899,5.843922610439484e-24,4.3230527277442965e-05,0.001549249515439315,0.769309922997479,7.743550341381112e-05,0.0007570046157344021,-0.0014062935434256169,0.001561164550253239,0.5407375407841607,9.292260409657334,0.0,0.945371772863007,13,1966-07-31 23:59:59.999999999,1971-06-30 23:59:59.999999999,60,120,13,3,60
ME2 BM5,ff3,1966-07-31 23:59:59.999999999,1971-06-30 23:59:59.999999999,60,0.00042801287306829276,0.0020756993369265377,0.2062017679795794,0.8366333068762126,12,0.9534481068756654,0.013765943049419794,0.00042801287306829276,0.0020756993369265377,0.2062017679795794,0.8366333068762126,1.0439396296338532,0.037833487725319435,27.59300536110008,1.3499604649018713e-167,0.7735264861895779,0.06893835860367288,11.220552706173166,3.2324383949850937e-29,0.6430152681740529,0.068402496665616,9.400464888254268,5.432251895061284e-21,4.3230527277442965e-05,0.001549249515439315,0.6604925072723382,-0.00015091188407863508,0.0009045953086137898,-0.001923918688961663,0.001622094920804393,0.433752668105409,-18.109426089436212,18.109426089436212,0.9145332961395404,14,1966-07-31 23:59:59.999999999,1971-06-30 23:59:59.999999999,60,120,14,3,60
ME2 BM2,ff3,1966-07-31 23:59:59.999999999,1971-06-30 23:59:59.999999999,60,-0.0012384780453368054,0.0014215410027468751,-0.8712221757541054,0.3836328539005587,12,0.9635925153065033,0.013139341206111101,-0.0012384780453368054,0.0014215410027468751,-0.8712221757541054,0.3836328539005587,1.0117555772489824,0.02373792571604461,42.62190341951953,0.0,0.8910638659083013,0.08082594128444397,11.024478672910902,2.912008524711881e-28,-0.06290709296489676,0.07657110246634194,-0.8215513547365807,0.41133228479579587,4.3230527277442965e-05,0.001549249515439315,0.7269889981192355,-0.00022752291244463186,0.0008106990736632738,-0.0018164930968246487,0.0013614472719353848,0.38948932820033655,-27.302749493355822,27.302749493355822,0.6939258708932133,15,1966-07-31 23:59:59.999999999,1971-06-30 23:59:59.999999999,60,120,15,3,60
ME4 BM3,ff3,1966-07-31 23:59:59.999999999,1971-06-30 23:59:59.999999999,60,0.00014851318307086754,0.001414161510439072,0.10501854418648181,0.9163610939540457,12,0.9451508630299459,0.011178929931406074,0.00014851318307086754,0.001414161510439072,0.10501854418648181,0.9163610939540457,1.050267890868475,0.0170864197613099,61.46799069320993,0.0,0.014844890518054451,0.02004576035188364,0.740550134166376,0.4589662526626098,0.13643937193247307,0.056282991906755814,2.42416700516761,0.015343547618765718,4.3230527277442965e-05,0.001549249515439315,0.799809171016301,-0.00038145819214514245,0.0007084092577707983,-0.001769940337375907,0.0010070239530856223,0.2951257896033952,-45.77498305741709,45.77498305741709,0.945371772863007,16,1966-07-31 23:59:59.999999999,1971-06-30 23:59:59.999999999,60,120,16,2,60
ME1 BM3,ff3,1966-07-31 23:59:59.999999999,1971-06-30 23:59:59.999999999,60,-0.0005446536383665771,0.0009086278580804448,-0.5994243226453625,0.5488899614616289,12,0.9655055241778284,0.014224210873901535,-0.0005446536383665771,0.0009086278580804448,-0.5994243226453625,0.5488899614616289,0.9286001949767072,0.048680399547627595,19.075443168213724,4.0398346125903033e-81,1.331221266384889,0.10782656058463398,12.345949450367586,5.122632788054731e-35,0.27243607046368273,0.05096246888902807,5.345817743973873,9.000974495619344e-08,4.3230527277442965e-05,0.001549249515439315,0.8049188543433875,-0.00043524920296013163,0.0006971754505305758,-0.0018017130860000603,0.0009312146800797969,0.26621408211604214,-52.229904355215794,52.229904355215794,0.7812878399171405,17,1966-07-31 23:59:59.999999999,1971-06-30 23:59:59.999999999,60,120,17,2,60
SMALL HiBM,ff3,1966-07-31 23:59:59.999999999,1971-06-30 23:59:59.999999999,60,-0.0004716458063380458,0.0011426404908104334,-0.4127683292612224,0.6797763573460578,12,0.9781189314874155,0.0102191271621676,-0.0004716458063380458,0.0011426404908104334,-0.4127683292612224,0.6797763573460578,0.8326385728937393,0.033250285387617845,25.04154665703434,2.1582491050418612e-138,1.2750011433576751,0.059896987533248125,21.28656541616449,1.5121210149597363e-100,0.6784479493534549,0.04767169724761882,14.231671799504538,5.8271856879871075e-46,4.3230527277442965e-05,0.001549249515439315,0.8272014075182597,-0.0005133883921578109,0.000644947910093885,-0.0017774862959418257,0.0007507095116262038,0.21301157667618043,-61.60660705893731,61.60660705893731,0.8497204466825723,18,1966-07-31 23:59:59.999999999,1971-06-30 23:59:59.999999999,60,120,18,2,60
BIG HiBM,ff3,1966-07-31 23:59:59.999999999,1971-06-30 23:59:59.999999999,60,-0.0014088707812568964,0.0011239492917291746,-1.2535003061298038,0.21002368773790991,12,0.9147513997188206,0.014410362803618746,-0.0014088707812568964,0.0011239492917291746,-1.2535003061298038,0.21002368773790991,1.061345961599456,0.05647250459152281,18.794030285647658,8.45107080004721e-79,0.0730260620430542,0.0754445588753477,0.9679433895784395,0.33307264297898753,0.6151049831269386,0.0954988437559258,6.440967858197453,1.1871401369359793e-10,4.3230527277442965e-05,0.001549249515439315,0.816651264248007,-0.0006527023739831559,0.0006709967516742667,-0.001967856007264719,0.0006624512592984068,0.16534238346866154,-78.3242848779787,78.3242848779787,0.47732656304070437,19,1966-07-31 23:59:59.999999999,1971-06-30 23:59:59.999999999,60,120,19,2,60
ME2 BM1,ff3,1966-07-31 23:59:59.999999999,1971-06-30 23:59:59.999999999,60,-0.0011810574793684509,0.0017403689298344405,-0.678624778414542,0.4973756387113485,12,0.9594349893066741,0.016478624530878935,-0.0011810574793684509,0.0017403689298344405,-0.678624778414542,0.4973756387113485,1.1231216153607755,0.04766777837094255,23.56144241967465,9.582952668503809e-123,1.012786306599755,0.09836353801357414,10.296359068133468,7.317880231066149e-25,-0.5441931764202604,0.10749666227533697,-5.062419287274142,4.139693422397415e-07,4.3230527277442965e-05,0.001549249515439315,0.6886156995027918,-0.0009161124843910926,0.0008757301349658096,-0.0026325435489240796,0.0008003185801418942,0.14775448314155643,-109.93349812693111,109.93349812693111,0.777149435486482,20,1966-07-31 23:59:59.999999999,1971-06-30 23:59:59.999999999,60,120,20,2,60
ME4 BM5,ff3,1966-07-31 23:59:59.999999999,1971-06-30 23:59:59.999999999,60,-0.0008534716910482414,0.0017283529682728066,-0.4938063617301161,0.6214429398594237,12,0.9159529356734895,0.01734911462378204,-0.0008534716910482414,0.0017283529682728066,-0.4938063617301161,0.6214429398594237,1.0990923639879717,0.05945891270667601,18.484905188395185,2.7317866203137386e-76,0.48153534316868674,0.06793145730227511,7.088547225271428,1.3552713424624624e-12,0.6451446382491883,0.08244894430009486,7.824777427119174,5.0855585201974345e-15,4.3230527277442965e-05,0.001549249515439315,0.680375617475621,-0.001091370554102851,0.0009429814060400917,-0.0029396141099414306,0.0007568730017357287,0.12356230947250108,-130.96446649234213,130.96446649234213,0.8176880787623996,21,1966-07-31 23:59:59.999999999,1971-06-30 23:59:59.999999999,60,120,21,1,60
ME1 BM2,ff3,1966-07-31 23:59:59.999999999,1971-06-30 23:59:59.999999999,60,-0.0019070742442040005,0.0013755673844632135,-1.386391001810643,0.16562754256813983,12,0.9672900175009135,0.01448813152896719,-0.0019070742442040005,0.0013755673844632135,-1.386391001810643,0.16562754256813983,0.9406235122522254,0.053238580642862715,17.668080194739893,7.386828080381859e-70,1.4015198299957357,0.028416173783582098,49.32120139290133,0.0,0.1268140792126083,0.06073602743698823,2.0879547867066877,0.036801913370187525,4.3230527277442965e-05,0.001549249515439315,0.8029634135820669,-0.0013559756053908825,0.0006957489738443464,-0.0027196435941258014,7.692383344036317e-06,0.025651072039410184,-162.71707264690593,162.71707264690593,0.4600765071337217,22,1966-07-31 23:59:59.999999999,1971-06-30 23:59:59.999999999,60,120,22,1,60
ME4 BM2,ff3,1966-07-31 23:59:59.999999999,1971-06-30 23:59:59.999999999,60,-0.002712157934735435,0.002098901979856294,-1.292179416077891,0.19629501835967844,12,0.8869949944810765,0.01808062862802032,-0.002712157934735435,0.002098901979856294,-1.292179416077891,0.19629501835967844,1.085277322536327,0.09641663506543492,11.256121122665022,2.1606092592231346e-29,0.12653880803847137,0.06807885956148253,1.8587092799959908,0.06306835737007613,0.0396453668583966,0.11216411316585428,0.35345856833704004,0.7237446843984086,4.3230527277442965e-05,0.001549249515439315,0.6233306531335749,-0.0014118848072376313,0.0009653255431484826,-0.0033039228718086573,0.0004801532573333947,0.07178847873718393,-169.42617686851577,169.42617686851577,0.47732656304070437,23,1966-07-31 23:59:59.999999999,1971-06-30 23:59:59.999999999,60,120,23,1,60
ME5 BM2,ff3,1966-07-31 23:59:59.999999999,1971-06-30 23:59:59.999999999,60,-0.0014610716987708153,0.0007952345852864685,-1.8372838981147825,0.06616799568115508,12,0.9497462406170797,0.009373274632855524,-0.0014610716987708153,0.0007952345852864685,-1.8372838981147825,0.06616799568115508,1.002057595460175,0.032228489796836866,31.092291378745397,3.0616840140705176e-212,-0.19765204162071923,0.039836239633412866,-4.961613933433052,6.990984360665917e-07,0.15557160454699928,0.06497536401758021,2.3943167829718766,0.016651360304218498,4.3230527277442965e-05,0.001549249515439315,0.9010394761366578,-0.002141321716311569,0.0004945233780722945,-0.003110587537333266,-0.0011720558952898717,7.453037793406238e-06,-256.9586059573883,256.9586059573883,0.33663452233225927,24,1966-07-31 23:59:59.999999999,1971-06-30 23:59:59.999999999,60,120,24,1,60
SMALL LoBM,ff3,1966-07-31 23:59:59.999999999,1971-06-30 23:59:59.999999999,60,-0.003860666880372799,0.0019229267603921428,-2.007703548514501,0.0446748033367319,12,0.9664893500498031,0.017348275241109545,-0.003860666880372799,0.0019229267603921428,-2.007703548514501,0.0446748033367319,0.9388712390995354,0.06246015369722317,15.031523035481666,4.563904857711412e-51,1.7702418780693252,0.06563643905039723,26.970413137587965,3.287477668413817e-160,-0.22625197513492004,0.07277577974020137,-3.108891116558362,0.001877909103449028,4.3230527277442965e-05,0.001549249515439315,0.6782401940977926,-0.0033071475940502403,0.0008890711075724519,-0.005049726964892246,-0.0015645682232082346,9.969878374576738e-05,-396.85771128602886,396.85771128602886,0.33663452233225927,25,1966-07-31 23:59:59.999999999,1971-06-30 23:59:59.999999999,60,120,25,1,60
ME5 BM3,ff3,1976-07-31 23:59:59.999999999,1981-06-30 23:59:59.999999999,60,0.005806635854540732,0.002179689011575949,2.663974458605195,0.0077223425807267446,12,0.7986003988036907,0.019569404982221063,0.005806635854540732,0.002179689011575949,2.663974458605195,0.0077223425807267446,1.0158465468228555,0.10539938208710393,9.638069281880057,5.521670348681126e-22,-0.41674004940554854,0.21502894659450142,-1.9380648791970836,0.05261530761265156,0.0436599942855704,0.14499848332863197,0.30110655838114636,0.7633332401110215,-0.00033739670674635453,0.0015321146892146734,0.6425464530650054,0.0018809235543896187,0.0009277776892858093,6.247928338943263e-05,0.0036993678253898045,0.9786863238455669,225.71082652675423,0.0,0.19229366071787624,1,1976-07-31 23:59:59.999999999,1981-06-30 23:59:59.999999999,60,120,1,5,60
ME2 BM4,ff3,1976-07-31 23:59:59.999999999,1981-06-30 23:59:59.999999999,60,0.002105114346125884,0.0019604474972786897,1.0737927687673388,0.28291557165857184,12,0.9455719810842217,0.01158424378214265,0.002105114346125884,0.0019604474972786897,1.0737927687673388,0.28291557165857184,0.94378380729084,0.03704663338997472,25.475562039767954,3.6784510453099496e-143,0.6202713774959763,0.06789523949207132,9.13571234354966,6.497757017879473e-20,0.4260735885000834,0.04491556514743904,9.486101023141128,2.3983759495358896e-21,-0.00033739670674635453,0.0015321146892146734,0.6897699485388324,0.0015368764771961788,0.0008752881005145898,-0.00017868819981241724,0.003252441154204775,0.9604431698871416,184.42517726354146,0.0,0.6429899355876633,2,1976-07-31 23:59:59.999999999,1981-06-30 23:59:59.999999999,60,120,2,5,60
ME5 BM2,ff3,1976-07-31 23:59:59.999999999,1981-06-30 23:59:59.999999999,60,0.0028642491684379634,0.001262438197008349,2.268823278023028,0.023279074801014408,12,0.9356568119264936,0.012007273120515029,0.0028642491684379634,0.001262438197008349,2.268823278023028,0.023279074801014408,1.1532318407824433,0.04576968109104797,25.196414160901867,4.38507924011639e-140,-0.3769451595999033,0.07928695690716235,-4.754188763244767,1.992448180205461e-06,-0.01357657728443209,0.12201741551366405,-0.11126753691084143,0.9114041973147716,-0.00033739670674635453,0.0015321146892146734,0.8160781164268105,0.001419970062454076,0.0006581023794972285,0.00013008939863950824,0.002709850726268644,0.9845233870294983,170.3964074944891,0.0,0.19229366071787624,3,1976-07-31 23:59:59.999999999,1981-06-30 23:59:59.999999999,60,120,3,5,60
ME2 BM5,ff3,1976-07-31 23:59:59.999999999,1981-06-30 23:59:59.999999999,60,0.001115171335042383,0.000763190905867862,1.4611957853117585,0.143961719363289,12,0.9688201487660444,0.010313799866593145,0.001115171335042383,0.000763190905867862,1.4611957853117585,0.143961719363289,1.1178767449436011,0.045881425475569663,24.36447284182209,4.072609046979644e-131,0.7685090956340951,0.03719806052982268,20.659923788713684,7.948966782706626e-95,0.6576414367159803,0.051735279075695785,12.711663075282942,5.093944090435255e-37,-0.00033739670674635453,0.0015321146892146734,0.8785406536462815,0.0010386221149418097,0.0005345631393824708,-9.121638247833012e-06,0.0020863658681314523,0.973988070849388,124.63465379301715,0.0,0.5390719400772831,4,1976-07-31 23:59:59.999999999,1981-06-30 23:59:59.999999999,60,120,4,5,60
ME4 BM3,ff3,1976-07-31 23:59:59.999999999,1981-06-30 23:59:59.999999999,60,0.0018749666715687475,0.0016380472278213593,1.1446352948336518,0.2523602652816208,12,0.9388742087403708,0.011380027748419026,0.0018749666715687475,0.0016380472278213593,1.1446352948336518,0.2523602652816208,1.052628810295281,0.027643397041178457,38.07885147860998,0.0,0.18120860233790098,0.07246154994070494,2.500755262427914,0.012392878701056459,0.45019942778219474,0.07251922166995936,6.208001374188591,5.366268185441444e-10,-0.00033739670674635453,0.0015321146892146734,0.7649997584064889,0.000716973846128373,0.0007987313730261398,-0.000848539645002861,0.002282487337259607,0.8153114524755012,86.03686153540475,0.0,0.630900663204052,5,1976-07-31 23:59:59.999999999,1981-06-30 23:59:59.999999999,60,120,5,5,60
SMALL HiBM,ff3,1976-07-31 23:59:59.999999999,1981-06-30 23:59:59.999999999,60,-3.474917582761352e-05,0.001007918392927158,-0.03447617988862798,0.9724974367490725,12,0.9778096773458048,0.008895555619251703,-3.474917582761352e-05,0.001007918392927158,-0.03447617988862798,0.9724974367490725,0.9559656083400306,0.027610780302260857,34.622911698795896,1.1424186494927814e-262,1.1204437949786425,0.03234942097857042,34.63566769002976,7.342167273239034e-263,0.5472942260589962,0.05201420271570735,10.522015093652936,6.839492594661107e-26,-0.00033739670674635453,0.0015321146892146734,0.8429311168335798,0.0007114967853171182,0.0006111345720489077,-0.000486326975898741,0.0019093205465329775,0.8778331278966702,85.37961423805417,0.0,0.9756980605352069,6,1976-07-31 23:59:59.999999999,1981-06-30 23:59:59.999999999,60,120,6,4,60
ME3 BM1,ff3,1976-07-31 23:59:59.999999999,1981-06-30 23:59:59.999999999,60,0.0003421973398987601,0.0013219206730071117,0.2588637479436099,0.7957403699286825,12,0.9663455517622105,0.011315705591284418,0.0003421973398987601,0.0013219206730071117,0.2588637479436099,0.7957403699286825,1.0466769558802005,0.023669407133696932,44.220666363463735,0.0,0.6800254366382056,0.027944787865711678,24.334607222858843,8.437789414481086e-131,-0.4290452096448846,0.07473785369002973,-5.740668061252079,9.430377893068406e-09,-0.00033739670674635453,0.0015321146892146734,0.7488260085880913,0.0005272459993678747,0.0007801541147188542,-0.0010018560654810795,0.002056348064216829,0.7504234463650009,63.26951992414496,0.0,0.9756980605352069,7,1976-07-31 23:59:59.999999999,1981-06-30 23:59:59.999999999,60,120,7,4,60
ME4 BM2,ff3,1976-07-31 23:59:59.999999999,1981-06-30 23:59:59.999999999,60,0.0029017673331065068,0.0016189401012738015,1.7923870875910488,0.07307098172989014,12,0.9642896663027001,0.009676605877620618,0.0029017673331065068,0.0016189401012738015,1.7923870875910488,0.07307098172989014,1.1337424608515618,0.03872687163761704,29.275343267084608,2.137069242675699e-188,0.09514587814311935,0.05193604369108002,1.8319816331997694,0.06695415705145165,-0.004190657090296221,0.0792787363264702,-0.052859786677717416,0.9578436251580695,-0.00033739670674635453,0.0015321146892146734,0.7817663715633518,0.00048076769373684884,0.0007627436580988933,-0.001014209876136982,0.00197574526361068,0.7357552835305016,57.692123248421865,0.0,0.3653549086494507,8,1976-07-31 23:59:59.999999999,1981-06-30 23:59:59.999999999,60,120,8,4,60
ME4 BM5,ff3,1976-07-31 23:59:59.999999999,1981-06-30 23:59:59.999999999,60,-0.0016872918666070863,0.001451210337366957,-1.1626790570335037,0.24495974180962887,12,0.9115803896407014,0.015811703969756504,-0.0016872918666070863,0.001451210337366957,-1.1626790570335037,0.24495974180962887,1.1726839284087636,0.08018132166664137,14.625400330569095,1.9342977096014465e-48,0.3139943340630254,0.13936416414978828,2.2530493113390686,0.02425603996280298,0.8031381725417539,0.09527039889124536,8.430091422820276,3.453952707131063e-17,-0.00033739670674635453,0.0015321146892146734,0.706968823980046,0.00043497668458858217,0.0008358028051984234,-0.0012031968136003279,0.002073150182777492,0.6986179768932698,52.19720215062986,0.0,0.630900663204052,9,1976-07-31 23:59:59.999999999,1981-06-30 23:59:59.999999999,60,120,9,4,60
ME5 BM4,ff3,1976-07-31 23:59:59.999999999,1981-06-30 23:59:59.999999999,60,0.00022845268284217728,0.0014047495477133576,0.16262876411959065,0.8708107379929619,12,0.8751218527310771,0.01318806401019526,0.00022845268284217728,0.0014047495477133576,0.16262876411959065,0.8708107379929619,0.9285103930475291,0.06776049186349835,13.702828410956458,9.764521185313275e-43,-0.10128865554303836,0.08748952918847368,-1.1577231753623682,0.24697702323126158,0.5210996641908332,0.08579297328938117,6.073920091720741,1.2482486019876764e-09,-0.00033739670674635453,0.0015321146892146734,0.7534646770179632,0.00015671425489985417,0.0007713386265424989,-0.0013551094531234437,0.001668537962923152,0.5804996221118952,18.8057105879825,0.0,0.9756980605352069,10,1976-07-31 23:59:59.999999999,1981-06-30 23:59:59.999999999,60,120,10,4,60
ME3 BM3,ff3,1976-07-31 23:59:59.999999999,1981-06-30 23:59:59.999999999,60,-7.839362735943216e-05,0.0014548337162013521,-0.053884939898232544,0.9570268354528789,12,0.9563080388861002,0.010540635455639815,-7.839362735943216e-05,0.0014548337162013521,-0.053884939898232544,0.9570268354528789,0.9928147973524507,0.02754789166476532,36.039592772985024,2.0074492148136223e-284,0.5640136841788348,0.06873804686738508,8.205262003835736,2.3008855667569436e-16,0.3812246731267729,0.04919133670943787,7.749833581034421,9.201305697483529e-15,-0.00033739670674635453,0.0015321146892146734,0.8377665316042576,0.00013137467163393008,0.0006174671213584052,-0.0010788608862285442,0.0013416102294964041,0.5842444126377409,15.76496059607161,0.0,0.9756980605352069,11,1976-07-31 23:59:59.999999999,1981-06-30 23:59:59.999999999,60,120,11,3,60
ME1 BM2,ff3,1976-07-31 23:59:59.999999999,1981-06-30 23:59:59.999999999,60,-0.00045433679731687334,0.001324729993903913,-0.34296558499288265,0.7316243508278338,12,0.9725822608604097,0.010716128573781502,-0.00045433679731687334,0.001324729993903913,-0.34296558499288265,0.7316243508278338,0.979004115551457,0.040706087706636626,24.050557808625822,8.236335276618187e-128,1.2037978913430472,0.07747989253472463,15.53690708597116,1.9517842322625074e-54,0.02104855690470026,0.05555647358735255,0.37886776365683456,0.7047860636257715,-0.00033739670674635453,0.0015321146892146734,0.7873364524878305,8.921129120929806e-05,0.0007135459921444366,-0.0013093388533937976,0.0014877614358123938,0.549748233670525,10.705354945115767,0.0,0.9756980605352069,12,1976-07-31 23:59:59.999999999,1981-06-30 23:59:59.999999999,60,120,12,3,60
ME1 BM4,ff3,1976-07-31 23:59:59.999999999,1981-06-30 23:59:59.999999999,60,-0.00030866737032275065,0.0008966023411336757,-0.34426339990643745,0.7306482065322863,12,0.9711071822330556,0.008990062072664638,-0.00030866737032275065,0.0008966023411336757,-0.34426339990643745,0.7306482065322863,0.8345087077184562,0.054628525263404615,15.276061429347967,1.1041544100159674e-52,1.0018770941388986,0.0627666241730275,15.961940081038037,2.3530188370267923e-57,0.44696020431371947,0.08402928123550907,5.319100648511119,1.0428143863696632e-07,-0.00033739670674635453,0.0015321146892146734,0.8752774896001203,5.7812471973742445e-05,0.0005476110746470684,-0.0010155052343345117,0.0011311301782819965,0.5420390841031553,6.937496636849094,0.0,0.9756980605352069,13,1976-07-31 23:59:59.999999999,1981-06-30 23:59:59.999999999,60,120,13,3,60
SMALL LoBM,ff3,1976-07-31 23:59:59.999999999,1981-06-30 23:59:59.999999999,60,0.0008035160374747087,0.0021237750173246192,0.37834329480291234,0.7051755868961704,12,0.9446156991310519,0.018106838510179368,0.0008035160374747087,0.0021237750173246192,0.37834329480291234,0.7051755868961704,1.1258298338316441,0.06457287307140296,17.435027748985732,4.473424994985154e-68,1.2736242868260077,0.11539572049773891,11.037014902567062,2.533091663304688e-28,-0.41802389673279994,0.17207163914142357,-2.4293596482173987,0.015125519917872966,-0.00033739670674635453,0.0015321146892146734,0.5964098167920613,-0.00016862433502030986,0.0009843600968616265,-0.0020979701248690975,0.0017607214548284779,0.4319925622069832,-20.23492020243718,20.23492020243718,0.9756980605352069,14,1976-07-31 23:59:59.999999999,1981-06-30 23:59:59.999999999,60,120,14,3,60
ME2 BM1,ff3,1976-07-31 23:59:59.999999999,1981-06-30 23:59:59.999999999,60,4.298843997818775e-05,0.0014111840105315288,0.030462675070982388,0.9756980605352069,12,0.9718060110578117,0.012078338160705308,4.298843997818775e-05,0.0014111840105315288,0.030462675070982388,0.9756980605352069,1.1359618350283633,0.051616719191062505,22.007633434111334,2.4336821847177346e-107,1.0208537373097213,0.06600378562156738,15.466593736952982,5.831199841693509e-54,-0.4710242871236296,0.09443767635111812,-4.987673408781968,6.11107602654644e-07,-0.00033739670674635453,0.0015321146892146734,0.7718905569391123,-0.0005602125375338133,0.0007430326953925964,-0.0020165566205033025,0.0008961315454356757,0.22543839567985535,-67.2255045040576,67.2255045040576,0.9756980605352069,15,1976-07-31 23:59:59.999999999,1981-06-30 23:59:59.999999999,60,120,15,3,60
BIG LoBM,ff3,1976-07-31 23:59:59.999999999,1981-06-30 23:59:59.999999999,60,-0.0032465371056124154,0.0022604755765742784,-1.4362186166737976,0.15094014322163926,12,0.8972252020441676,0.014128654602176903,-0.0032465371056124154,0.0022604755765742784,-1.4362186166737976,0.15094014322163926,0.8486636283271585,0.07441065673251825,11.405135575913866,3.9416271975434095e-30,-0.15952033899582752,0.09165156309402464,-1.7405086570337793,0.08176974129732935,-0.4849500407175174,0.08496787713874568,-5.707451534014828,1.1468026055507014e-08,-0.00033739670674635453,0.0015321146892146734,0.7574129364653328,-0.0007924125316895036,0.000754666525132578,-0.0022715589209493566,0.0006867338575703493,0.146855193810424,-95.08950380274044,95.08950380274044,0.5390719400772831,16,1976-07-31 23:59:59.999999999,1981-06-30 23:59:59.999999999,60,120,16,2,60
ME4 BM1,ff3,1976-07-31 23:59:59.999999999,1981-06-30 23:59:59.999999999,60,-6.902981906199328e-05,0.0016818981015544808,-0.04104280693235401,0.9672617695982629,12,0.9614235866212968,0.011004496055770528,-6.902981906199328e-05,0.0016818981015544808,-0.04104280693235401,0.9672617695982629,1.0433560279762715,0.03164245770296039,32.97329296512444,1.9617181803349494e-238,0.37448734473395257,0.055802957510049184,6.7108870469188595,1.9344481164277213e-11,-0.37936727206920456,0.05809256223535435,-6.530393177223758,6.559725961514955e-11,-0.00033739670674635453,0.0015321146892146734,0.7331362214910916,-0.0008242613183769668,0.0008154179883963835,-0.0024224805756338785,0.0007739579388799448,0.15604527494133552,-98.91135820523601,98.91135820523601,0.9756980605352069,17,1976-07-31 23:59:59.999999999,1981-06-30 23:59:59.999999999,60,120,17,2,60
ME2 BM2,ff3,1976-07-31 23:59:59.999999999,1981-06-30 23:59:59.999999999,60,0.0006375921812220844,0.0016587743429233935,0.384375478160823,0.700700172774205,12,0.9698366398380985,0.010179430497892652,0.0006375921812220844,0.0016587743429233935,0.384375478160823,0.700700172774205,1.0413312437636484,0.03190068205919835,32.64291471358643,1.0100811849205332e-233,0.8173838483665119,0.031055941795378024,26.319725022416193,1.1404502043329252e-152,0.11748624103581157,0.06551791783264131,1.7931925330093352,0.07294214364059619,-0.00033739670674635453,0.0015321146892146734,0.7474902123648266,-0.0008703891523776416,0.0008107586662962207,-0.002459476138318234,0.000718697833562951,0.14151243382283918,-104.44669828531698,104.44669828531698,0.9756980605352069,18,1976-07-31 23:59:59.999999999,1981-06-30 23:59:59.999999999,60,120,18,2,60
ME4 BM4,ff3,1976-07-31 23:59:59.999999999,1981-06-30 23:59:59.999999999,60,-0.0013690559669101512,0.001853920235379846,-0.7384654100987511,0.46023167913489416,12,0.8803075461677011,0.01547710510189836,-0.0013690559669101512,0.001853920235379846,-0.7384654100987511,0.46023167913489416,1.0005055071359206,0.08823366629451655,11.339271608597986,8.383935777971409e-30,0.1903318524582076,0.07711467854157868,2.4681663213519656,0.013580720212198007,0.681629772069841,0.1125138152534909,6.058187348230487,1.376640062752807e-09,-0.00033739670674635453,0.0015321146892146734,0.7584011356463407,-0.0010862655216703945,0.0007621408571111206,-0.002580061601608191,0.00040753055826740184,0.0770378739807206,-130.35186260044733,130.35186260044733,0.9588159981976961,19,1976-07-31 23:59:59.999999999,1981-06-30 23:59:59.999999999,60,120,19,2,60
ME3 BM4,ff3,1976-07-31 23:59:59.999999999,1981-06-30 23:59:59.999999999,60,-0.00012667594268090553,0.0012065229504443456,-0.10499256780341604,0.9163817061584162,12,0.936001806882534,0.01123361519299946,-0.00012667594268090553,0.0012065229504443456,-0.10499256780341604,0.9163817061584162,0.899299244811555,0.021456041166513635,41.913568203583054,0.0,0.4542463723841598,0.03930832438003389,11.555984121645436,6.885415859633151e-31,0.5546885378732527,0.04406239624875935,12.588705678685617,2.436355024490213e-36,-0.00033739670674635453,0.0015321146892146734,0.8058929587137478,-0.0011512947168788373,0.0006961720806592035,-0.0025157919949708764,0.00021320256121320157,0.049089139233052644,-138.15536602546047,138.15536602546047,0.9756980605352069,20,1976-07-31 23:59:59.999999999,1981-06-30 23:59:59.999999999,60,120,20,2,60
ME1 BM3,ff3,1976-07-31 23:59:59.999999999,1981-06-30 23:59:59.999999999,60,-0.000982979201460951,0.001728303496214682,-0.5687538118240604,0.5695232235567578,12,0.9790933670119921,0.008541110399640004,-0.000982979201460951,0.001728303496214682,-0.5687538118240604,0.5695232235567578,0.9403262974157961,0.024774412185604947,37.95554422728819,0.0,1.0778590787824442,0.05392220365651044,19.989151141680132,6.845033223859188e-89,0.23244087006331063,0.05638861843452258,4.122123870319977,3.7539523739449854e-05,-0.00033739670674635453,0.0015321146892146734,0.7331840483941919,-0.0016222712347302908,0.0008070982573717307,-0.003204183819178883,-4.03586502816986e-05,0.02221534937860488,-194.6725481676349,194.6725481676349,0.9756980605352069,21,1976-07-31 23:59:59.999999999,1981-06-30 23:59:59.999999999,60,120,21,1,60
ME3 BM2,ff3,1976-07-31 23:59:59.999999999,1981-06-30 23:59:59.999999999,60,-0.000832478746161627,0.0017859874190342144,-0.46611680311376213,0.6411318964041302,12,0.9659096334794157,0.010037809240449225,-0.000832478746161627,0.0017859874190342144,-0.46611680311376213,0.6411318964041302,0.9813891453385798,0.029584765969844603,33.172111158117595,2.7186094120547427e-241,0.7203521146774318,0.057760212633182394,12.471424218123465,1.0689819717785789e-35,0.10883094335756796,0.05446399131365098,1.9982182857445174,0.04569299994049352,-0.00033739670674635453,0.0015321146892146734,0.7471642619614236,-0.002046899544999583,0.0008302737391161801,-0.0036742360736672958,-0.00041956301633186985,0.00684433761096374,-245.6279453999499,245.6279453999499,0.9756980605352069,22,1976-07-31 23:59:59.999999999,1981-06-30 23:59:59.999999999,60,120,22,1,60
ME2 BM3,ff3,1976-07-31 23:59:59.999999999,1981-06-30 23:59:59.999999999,60,-0.0023115589162977456,0.0017905477105490284,-1.2909786780207948,0.19671107115514952,12,0.9670181473821081,0.010111863014634879,-0.0023115589162977456,0.0017905477105490284,-1.2909786780207948,0.19671107115514952,0.9827135612744808,0.048593857166974355,20.222999748666965,6.14317515986357e-91,0.8308270872172927,0.05442668154309721,15.265069698570741,1.3068811552992579e-52,0.2663137349635118,0.057575230148002164,4.62549145316361,3.7371121751713814e-06,-0.00033739670674635453,0.0015321146892146734,0.7974534608185205,-0.002159287010495483,0.0007152285899386701,-0.0035611350467752764,-0.0007574389742156897,0.0012679830347645624,-259.114441259458,259.114441259458,0.6147220973598423,23,1976-07-31 23:59:59.999999999,1981-06-30 23:59:59.999999999,60,120,23,1,60
ME3 BM5,ff3,1976-07-31 23:59:59.999999999,1981-06-30 23:59:59.999999999,60,-0.004587427612427179,0.0019067842383934037,-2.4058451502055633,0.01613510228476598,12,0.9365626048158706,0.015000286099233344,-0.004587427612427179,0.0019067842383934037,-2.4058451502055633,0.01613510228476598,1.0557495633620428,0.03396818791675211,31.0805382362295,4.4136652237639267e-212,0.8893291470224072,0.07444295939838941,11.946450735026099,6.775761547037222e-33,0.6494158215496489,0.09333309742299048,6.958044246688423,3.4502886323090206e-12,-0.00033739670674635453,0.0015321146892146734,0.6960135704946595,-0.0028285351036654942,0.0008651214748445348,-0.004524173194360782,-0.001132897012970206,0.0005386436973372914,-339.4242124398593,339.4242124398593,0.19229366071787624,24,1976-07-31 23:59:59.999999999,1981-06-30 23:59:59.999999999,60,120,24,1,60
BIG HiBM,ff3,1976-07-31 23:59:59.999999999,1981-06-30 23:59:59.999999999,60,-0.003598157279244788,0.00166575692902657,-2.1600734276083537,0.0307669857148602,12,0.8258769295215785,0.017927850594213417,-0.003598157279244788,0.00166575692902657,-2.1600734276083537,0.0307669857148602,1.0059836992398477,0.051794384374754025,19.42264033801686,4.966943682508549e-84,-0.0026176484263275,0.08365832303435886,-0.03128975493869773,0.9750384607835736,0.7551063465781187,0.11752185615726475,6.425241833890495,1.3166003555629937e-10,-0.00033739670674635453,0.0015321146892146734,0.7377921353726812,-0.0035074305690578475,0.000813572853105834,-0.005102033361145282,-0.001912827776970413,8.120566394308016e-06,-420.89166828694164,420.89166828694164,0.19229366071787624,25,1976-07-31 23:59:59.999999999,1981-06-30 23:59:59.999999999,60,120,25,1,60
ME1 BM4,ff3,1986-07-31 23:59:59.999999999,1991-06-30 23:59:59.999999999,60,0.0019939085986291636,0.000979538896521516,2.0355583690548897,0.04179472177544148,12,0.9736453155160836,0.009434224298537833,0.0019939085986291636,0.000979538896521516,2.0355583690548897,0.04179472177544148,0.8757119821970057,0.027559022367830366,31.775872543984867,1.394841807945278e-221,0.977856394597423,0.03148802316524694,31.054867733858718,9.806579880785686e-212,0.18420977647721692,0.05367927387115846,3.4316741489342633,0.0005998678465933829,-0.00011700483498848322,0.0021060445767202307,0.9131405577363645,0.0029895584322085465,0.0006232942540649228,0.0017679016942412978,0.004211215170175795,0.9999991922217858,358.74701186502557,0.0,0.2089736088772074,1,1986-07-31 23:59:59.999999999,1991-06-30 23:59:59.999999999,60,120,1,5,60
ME2 BM4,ff3,1986-07-31 23:59:59.999999999,1991-06-30 23:59:59.999999999,60,0.0029421667336851495,0.0008142429196041048,3.6133771173787643,0.00030223462446750545,12,0.9732619501340211,0.00881467251504489,0.0029421667336851495,0.0008142429196041048,3.6133771173787643,0.00030223462446750545,0.869392575119729,0.020102493257917936,43.24799734865197,0.0,0.7503256823611273,0.038128752138185035,19.67873691858103,3.280771964344768e-86,0.21449424923230118,0.09729792391775197,2.2045100305903524,0.027488495315049297,-0.00011700483498848322,0.0021060445767202307,0.9152201349310497,0.0028072276298306996,0.0006187137911422026,0.0015945485991919824,0.004019906660469417,0.9999971496852934,336.8673155796839,0.0,0.0037779328058438182,2,1986-07-31 23:59:59.999999999,1991-06-30 23:59:59.999999999,60,120,2,5,60
BIG LoBM,ff3,1986-07-31 23:59:59.999999999,1991-06-30 23:59:59.999999999,60,0.0024027019772652676,0.0010619144262771698,2.2626135569968606,0.023659521682409104,12,0.9712100912505433,0.009928139813930028,0.0024027019772652676,0.0010619144262771698,2.2626135569968606,0.023659521682409104,0.9357345981180903,0.030865544951594215,30.31647746979952,6.9533105046725315e-202,-0.24658579748053788,0.0735820805054116,-3.3511664224063726,0.0008047192518775666,-0.5878302847901368,0.07762919506650895,-7.572283652902907,3.667196322731874e-14,-0.00011700483498848322,0.0021060445767202307,0.901325329980252,0.0026541198666956353,0.0006693282237862167,0.0013422365480746505,0.003966003185316621,0.999963355650718,318.4943840034762,0.0,0.1478720105150569,3,1986-07-31 23:59:59.999999999,1991-06-30 23:59:59.999999999,60,120,3,5,60
ME2 BM3,ff3,1986-07-31 23:59:59.999999999,1991-06-30 23:59:59.999999999,60,0.002952262237403368,0.0011213842964600776,2.632694471219993,0.008471051185125913,12,0.9848914136499334,0.007564651889144465,0.002952262237403368,0.0011213842964600776,2.632694471219993,0.008471051185125913,0.9798029621397275,0.014146486400987429,69.26122390866873,0.0,0.8542904647067159,0.045139749028978826,18.925458893408518,7.03739556862519e-80,0.15019248953178152,0.029348097827157766,5.117622628094088,3.0941089095412996e-07,-0.00011700483498848322,0.0021060445767202307,0.8697722576038486,0.002401188672142514,0.0007636119871564737,0.0009045091773158254,0.003897868166969202,0.9991681855725458,288.14264065710165,0.0,0.0705920932093826,4,1986-07-31 23:59:59.999999999,1991-06-30 23:59:59.999999999,60,120,4,5,60
ME3 BM4,ff3,1986-07-31 23:59:59.999999999,1991-06-30 23:59:59.999999999,60,0.002396422411357559,0.0013524667826214653,1.7718900324580327,0.07641281332458709,12,0.9612738302958403,0.01036202988719283,0.002396422411357559,0.0013524667826214653,1.7718900324580327,0.07641281332458709,0.9658353223990419,0.023770795770963263,40.631173297901896,0.0,0.48532847680418245,0.05169054473564883,9.389115152223797,6.050641473137443e-21,0.5297357861363157,0.06124786025013194,8.649049680640468,5.1930052911858094e-18,-0.00011700483498848322,0.0021060445767202307,0.8397903606228864,0.0017876510904021822,0.0008523537695082372,0.0001170377021660373,0.003458264478638327,0.9820169811037927,214.51813084826188,0.0,0.2122578147905197,5,1986-07-31 23:59:59.999999999,1991-06-30 23:59:59.999999999,60,120,5,5,60
ME4 BM1,ff3,1986-07-31 23:59:59.999999999,1991-06-30 23:59:59.999999999,60,0.002672962988387383,0.0014178825523553766,1.885179406395174,0.05940562019213162,12,0.9698581707180113,0.011109778192085671,0.002672962988387383,0.0014178825523553766,1.885179406395174,0.05940562019213162,0.9885227709099993,0.034822527483544946,28.387450376114035,2.889017319275999e-177,0.1829843759612376,0.03917340307336493,4.6711381091538025,2.9953545012737197e-06,-0.559943602257378,0.13834672320853889,-4.047393312043533,5.1791175247293605e-05,-0.00011700483498848322,0.0021060445767202307,0.799341822066817,0.0016512010288963785,0.0009751990489447023,-0.00026018910703523796,0.003562591164827995,0.9547907122581251,198.14412346756544,0.0,0.21216292925761296,6,1986-07-31 23:59:59.999999999,1991-06-30 23:59:59.999999999,60,120,6,4,60
ME1 BM3,ff3,1986-07-31 23:59:59.999999999,1991-06-30 23:59:59.999999999,60,0.0004472019158285338,0.001229809990054039,0.36363496755208774,0.7161306115045452,12,0.9640491136609688,0.011731462001890743,0.0004472019158285338,0.001229809990054039,0.36363496755208774,0.7161306115045452,0.9165242981184794,0.034888615804634454,26.270010345229352,4.223014420616409e-152,1.0242110459678064,0.06576235620265802,15.574427455298647,1.0862127365577032e-54,0.12774286128114715,0.0792940335373635,1.6110021849368334,0.10717924622156404,-0.00011700483498848322,0.0021060445767202307,0.8197998846189419,0.001029622700288822,0.0008940572699117441,-0.0007227295487381965,0.0027819749493158403,0.8752633170645958,123.55472403465865,0.0,0.735825728344524,7,1986-07-31 23:59:59.999999999,1991-06-30 23:59:59.999999999,60,120,7,4,60
ME3 BM2,ff3,1986-07-31 23:59:59.999999999,1991-06-30 23:59:59.999999999,60,0.0010423334285788323,0.0011022555216272875,0.9456368402128839,0.3443338471688694,12,0.9712656489884158,0.010915657842903345,0.0010423334285788323,0.0011022555216272875,0.9456368402128839,0.3443338471688694,1.0176441820602473,0.02995028134397874,33.977783726724034,4.743486803421626e-253,0.6345555945496333,0.05055724071974132,12.551230753814764,3.9137907560361474e-36,-0.13057176934941958,0.05347236872921385,-2.4418549701929253,0.014612015382106908,-0.00011700483498848322,0.0021060445767202307,0.8620026578266873,0.0004454563897670888,0.0007865817847468642,-0.0010962439083367652,0.001987156687870943,0.7144116044455052,53.454766772050654,0.0,0.5411396380538599,8,1986-07-31 23:59:59.999999999,1991-06-30 23:59:59.999999999,60,120,8,4,60
ME2 BM2,ff3,1986-07-31 23:59:59.999999999,1991-06-30 23:59:59.999999999,60,0.0024547229484031996,0.0026105967689639734,0.9402918817590382,0.34706786263143496,12,0.969574198980926,0.012311720056848994,0.0024547229484031996,0.0026105967689639734,0.9402918817590382,0.34706786263143496,1.0625142366265847,0.023538196998657383,45.140001024173195,0.0,0.9516781835626084,0.13575378721441905,7.010325112031395,2.3776497699995017e-12,-0.07972514913237386,0.05154600499811351,-1.5466794979609313,0.12194054926036506,-0.00011700483498848322,0.0021060445767202307,0.6109821649148152,0.0003919754693681664,0.0013447325544152678,-0.0022437003372857583,0.003027651276022091,0.6146615274642023,47.037056324179964,0.0,0.5411396380538599,9,1986-07-31 23:59:59.999999999,1991-06-30 23:59:59.999999999,60,120,9,4,60
BIG HiBM,ff3,1986-07-31 23:59:59.999999999,1991-06-30 23:59:59.999999999,60,-0.0003590352507830538,0.001064166729466897,-0.33738627683174743,0.7358257283445239,12,0.9485562907027492,0.011706014824522985,-0.0003590352507830538,0.001064166729466897,-0.33738627683174743,0.7358257283445239,1.0569735214523952,0.03692847979153615,28.622177988887834,3.5593934246261274e-180,-0.20401056170333992,0.0520720178580084,-3.9178539663978893,8.934080035865089e-05,0.6589949492331119,0.07817485071178008,8.429756414409226,3.463854811323146e-17,-0.00011700483498848322,0.0021060445767202307,0.8563218659062446,0.0002583118918373737,0.0008181312097415857,-0.0013452252792561343,0.0018618490629308817,0.6238978155817869,30.997427020484842,0.0,0.735825728344524,10,1986-07-31 23:59:59.999999999,1991-06-30 23:59:59.999999999,60,120,10,4,60
ME3 BM1,ff3,1986-07-31 23:59:59.999999999,1991-06-30 23:59:59.999999999,60,0.0008043365947090767,0.0007792739416249758,1.0321615439005174,0.30199644686422844,12,0.9760595991159694,0.010973213192383263,0.0008043365947090767,0.0007792739416249758,1.0321615439005174,0.30199644686422844,1.0280463562246487,0.03778116009170718,27.210555571328285,4.8717855848010684e-163,0.6540781738675142,0.06589361329009345,9.926275722473536,3.1998436570403966e-23,-0.5501034525403206,0.10841044729284023,-5.074266053477036,3.8899448037199436e-07,-0.00011700483498848322,0.0021060445767202307,0.9133608418314579,0.00023216918678320826,0.0006251888011807945,-0.000993200863531149,0.0014575392370975654,0.644814741127959,27.860302413984993,0.0,0.5411396380538599,11,1986-07-31 23:59:59.999999999,1991-06-30 23:59:59.999999999,60,120,11,3,60
ME4 BM2,ff3,1986-07-31 23:59:59.999999999,1991-06-30 23:59:59.999999999,60,0.0008390627612233832,0.0015443479987262206,0.5433119749664213,0.5869150206867813,12,0.9605883934331373,0.012436588806682367,0.0008390627612233832,0.0015443479987262206,0.5433119749664213,0.5869150206867813,1.0561680841471015,0.02562042463119245,41.22367600657306,0.0,0.3635946100166077,0.08766819129866141,4.147394906071929,3.3627974598284496e-05,-0.05158957838657599,0.06563818955105863,-0.7859689418527531,0.43188568281458306,-0.00011700483498848322,0.0021060445767202307,0.8027631699504428,0.00019969940737685627,0.0009647174401842701,-0.0016911467753843133,0.0020905455901380258,0.5819962434657701,23.963928885222757,0.0,0.6776417448015164,12,1986-07-31 23:59:59.999999999,1991-06-30 23:59:59.999999999,60,120,12,3,60
ME4 BM4,ff3,1986-07-31 23:59:59.999999999,1991-06-30 23:59:59.999999999,60,0.0007852794695044554,0.0012567347754411642,0.6248569585645395,0.5320649435257463,12,0.9411831412052815,0.012318951673910325,0.0007852794695044554,0.0012567347754411642,0.6248569585645395,0.5320649435257463,0.9727955335545628,0.07229051579246623,13.456751869737564,2.809995795359142e-41,0.07688715556364027,0.054804786076212864,1.4029277562860867,0.1606383830047653,0.4067400545442489,0.07476125615430736,5.440519267155393,5.3125493627620956e-08,-0.00011700483498848322,0.0021060445767202307,0.8659119632715563,0.00014215997942376566,0.0007780924171802423,-0.0013829011582495092,0.0016672211170970404,0.5724845500807694,17.05919753085188,0.0,0.6776417448015164,13,1986-07-31 23:59:59.999999999,1991-06-30 23:59:59.999999999,60,120,13,3,60
ME2 BM5,ff3,1986-07-31 23:59:59.999999999,1991-06-30 23:59:59.999999999,60,0.0008463734745652704,0.00127379947990385,0.6644479668253256,0.5064036412743228,12,0.9771509586826403,0.009778674235015012,0.0008463734745652704,0.00127379947990385,0.6644479668253256,0.5064036412743228,1.0905875517212025,0.02401018106888088,45.42187951821369,0.0,0.9952936801850729,0.033403139110684835,29.796411555424836,4.3480167861803924e-195,0.6334669431037208,0.06761790398081091,9.368331548453359,7.36881025736928e-21,-0.00011700483498848322,0.0021060445767202307,0.8537486650043988,-0.00041637078230435503,0.0008073015297840711,-0.0019986817806811343,0.0011659402160724241,0.3030123430182619,-49.9644938765226,49.9644938765226,0.6776417448015164,14,1986-07-31 23:59:59.999999999,1991-06-30 23:59:59.999999999,60,120,14,3,60
ME4 BM5,ff3,1986-07-31 23:59:59.999999999,1991-06-30 23:59:59.999999999,60,0.0022356862331770456,0.0024833423675484343,0.900273060369088,0.3679749538766247,12,0.9219398058838404,0.015729795237842244,0.0022356862331770456,0.0024833423675484343,0.900273060369088,0.3679749538766247,1.0590360510222614,0.07331708045636444,14.444602054940795,2.711186304602276e-47,0.28893335016409116,0.11529151030457174,2.5061112427168357,0.012206720855728981,0.5843077440224536,0.10116735258101105,5.775655180405771,7.665421437049813e-09,-0.00011700483498848322,0.0021060445767202307,0.5783856132716457,-0.000549910905550636,0.0013741253818005618,-0.003243196653879737,0.002143374842778465,0.3445083784225276,-65.98930866607633,65.98930866607633,0.5411396380538599,15,1986-07-31 23:59:59.999999999,1991-06-30 23:59:59.999999999,60,120,15,3,60
SMALL HiBM,ff3,1986-07-31 23:59:59.999999999,1991-06-30 23:59:59.999999999,60,-0.0010034223465935931,0.0018592131677803718,-0.5397026892787837,0.589402085065701,12,0.9553710997412554,0.012908461275650178,-0.0010034223465935931,0.0018592131677803718,-0.5397026892787837,0.589402085065701,0.9525611458112323,0.02819046980218968,33.79018343771067,2.7488682200758914e-250,1.0886603469785203,0.0586964808499847,18.547284798230013,8.577689393457155e-77,0.5066899375373073,0.09167466815293834,5.527044141485304,3.256710434211527e-08,-0.00011700483498848322,0.0021060445767202307,0.6798493847765467,-0.0006562329109597566,0.0012037576250049156,-0.003015597855969391,0.001703132034049878,0.29282390954577564,-78.7479493151708,78.7479493151708,0.6776417448015164,16,1986-07-31 23:59:59.999999999,1991-06-30 23:59:59.999999999,60,120,16,2,60
ME3 BM5,ff3,1986-07-31 23:59:59.999999999,1991-06-30 23:59:59.999999999,60,-0.0004241713264428291,0.0012446920010775037,-0.3407841667461773,0.7332660708627954,12,0.9540506659864354,0.012333525461353264,-0.0004241713264428291,0.0012446920010775037,-0.3407841667461773,0.7332660708627954,1.0517350167400952,0.02146735208376184,48.9923029461859,0.0,0.5534865694649493,0.04756722273959671,11.63588155009535,2.7077797909842306e-31,0.6125916180246247,0.06218658087059093,9.850865081317398,6.795651392714547e-23,-0.00011700483498848322,0.0021060445767202307,0.8546731942139384,-0.000757091931543333,0.0008028746548081593,-0.002330726254967325,0.0008165423918806592,0.1728464617271761,-90.85103178519996,90.85103178519996,0.735825728344524,17,1986-07-31 23:59:59.999999999,1991-06-30 23:59:59.999999999,60,120,17,2,60
ME5 BM2,ff3,1986-07-31 23:59:59.999999999,1991-06-30 23:59:59.999999999,60,-0.0007673672671970164,0.0008296104408593982,-0.9249730107086119,0.3549799465816732,12,0.9701136651186394,0.01045735109161767,-0.0007673672671970164,0.0008296104408593982,-0.9249730107086119,0.3549799465816732,1.0601130273575834,0.02742359308671432,38.656970441672996,0.0,-0.2481554165729375,0.052717411650827814,-4.707276188303542,2.510486709881384e-06,-0.2459961091127784,0.06035038640565977,-4.076131467647214,4.579113603626301e-05,-0.00011700483498848322,0.0021060445767202307,0.8949577488807582,-0.0009541192406856827,0.0006826417965987776,-0.0022920971620192868,0.0003838586806479213,0.08110361119601872,-114.49430888228193,114.49430888228193,0.5411396380538599,18,1986-07-31 23:59:59.999999999,1991-06-30 23:59:59.999999999,60,120,18,2,60
ME5 BM4,ff3,1986-07-31 23:59:59.999999999,1991-06-30 23:59:59.999999999,60,-0.0015460860736607736,0.0009605607960237401,-1.6095660785458106,0.10749261858001849,12,0.9540279375896878,0.010691810155388223,-0.0015460860736607736,0.0009605607960237401,-1.6095660785458106,0.10749261858001849,1.0261035633591458,0.046534094910860004,22.050575289467517,9.43172041479548e-108,-0.3184315855641616,0.09776176709724357,-3.2572200259782322,0.0011250918607740817,0.6102092520819041,0.06468762788951901,9.433167855901129,3.978867909114238e-21,-0.00011700483498848322,0.0021060445767202307,0.9018597164093047,-0.001192775433009805,0.000663676305561714,-0.0024935809919107645,0.00010803012589115455,0.03614997933557176,-143.1330519611766,143.1330519611766,0.26873154645004627,19,1986-07-31 23:59:59.999999999,1991-06-30 23:59:59.999999999,60,120,19,2,60
ME2 BM1,ff3,1986-07-31 23:59:59.999999999,1991-06-30 23:59:59.999999999,60,-0.0015356862912735895,0.0008128725207140032,-1.8892092574671955,0.05886379476640991,12,0.9822856800826424,0.010063941687806093,-0.0015356862912735895,0.0008128725207140032,-1.8892092574671955,0.05886379476640991,1.0859646056170464,0.04336916292745627,25.040017660325674,2.2426213652688592e-138,0.8287637565180955,0.05252546666975367,15.778322575005923,4.38692261309353e-56,-0.5214849167571631,0.06965855351525779,-7.486301257216584,7.08416856111462e-14,-0.00011700483498848322,0.0021060445767202307,0.9126124681773505,-0.001594183353223479,0.0006304463197332901,-0.0028298581399007275,-0.0003585085665462305,0.005724971096313984,-191.3020023868175,191.3020023868175,0.21216292925761296,20,1986-07-31 23:59:59.999999999,1991-06-30 23:59:59.999999999,60,120,20,2,60
ME1 BM2,ff3,1986-07-31 23:59:59.999999999,1991-06-30 23:59:59.999999999,60,-0.0016934535944339686,0.0009413475605355517,-1.7989674222669982,0.0720238341620819,12,0.9671633416469814,0.011916998793935384,-0.0016934535944339686,0.0009413475605355517,-1.7989674222669982,0.0720238341620819,0.9922880126516728,0.030567121917759604,32.462592170810495,3.5980239804647524e-231,1.0117129755316645,0.05417313307966645,18.675548524096804,7.8281605432714315e-78,0.09918605504882708,0.12666365061777063,0.7830664485436163,0.43358809237282425,-0.00011700483498848322,0.0021060445767202307,0.8780910616002312,-0.0017876107117845209,0.0007548328057825673,-0.003267083011118353,-0.00030813841245068896,0.008936933909761182,-214.51328541414253,214.51328541414253,0.2122578147905197,21,1986-07-31 23:59:59.999999999,1991-06-30 23:59:59.999999999,60,120,21,1,60
ME5 BM3,ff3,1986-07-31 23:59:59.999999999,1991-06-30 23:59:59.999999999,60,-0.0017559735752407676,0.0013224655686228514,-1.3278028682964877,0.18424323914991447,12,0.9390158024720817,0.012831753039206032,-0.0017559735752407676,0.0013224655686228514,-1.3278028682964877,0.18424323914991447,0.9684208849310318,0.05411270202940167,17.89636903374089,1.2586526776388346e-71,-0.24238987045071395,0.08880431101811574,-2.7294831486420446,0.006343369101082083,0.10844358133941419,0.06402274463435083,1.6938289971597025,0.09029778225115585,-0.00011700483498848322,0.0021060445767202307,0.8273002170592374,-0.0017953386845400087,0.0008776231085650711,-0.003515479977327548,-7.519739175246938e-05,0.020393784077910062,-215.44064214480105,215.44064214480105,0.415430300545788,22,1986-07-31 23:59:59.999999999,1991-06-30 23:59:59.999999999,60,120,22,1,60
ME3 BM3,ff3,1986-07-31 23:59:59.999999999,1991-06-30 23:59:59.999999999,60,-0.00146132369142589,0.001138772901590437,-1.2832441739568714,0.19940654426197824,12,0.9579233297346101,0.01159882092634624,-0.00146132369142589,0.001138772901590437,-1.2832441739568714,0.19940654426197824,0.954824574874304,0.020613082949512796,46.321289115894814,0.0,0.6126638482683368,0.06277749902126144,9.759290475411264,1.683287322271553e-22,0.24990238492644595,0.07905859521925873,3.1609767949123584,0.0015724102472709672,-0.00011700483498848322,0.0021060445767202307,0.8622662727309289,-0.0020105216335748882,0.0007817693524627542,-0.0035427895644018865,-0.00047825370274789014,0.005059178722771569,-241.2625960289866,241.2625960289866,0.415430300545788,23,1986-07-31 23:59:59.999999999,1991-06-30 23:59:59.999999999,60,120,23,1,60
ME4 BM3,ff3,1986-07-31 23:59:59.999999999,1991-06-30 23:59:59.999999999,60,-0.0010156443940227797,0.0019174204864050904,-0.5296930961277975,0.5963247354253345,12,0.9492976952280365,0.014124211006912961,-0.0010156443940227797,0.0019174204864050904,-0.5296930961277975,0.5963247354253345,1.1066204788884872,0.07908835569113493,13.992204910798634,1.7393459168873572e-44,0.39033568959965875,0.07448570188816986,5.240410974252409,1.6021936960471522e-07,0.22651331934940333,0.12825666531934404,1.7660939397216648,0.0773800900348995,-0.00011700483498848322,0.0021060445767202307,0.7307023599436167,-0.0026640453037537143,0.0011397171384610843,-0.00489789089513744,-0.000430199712369989,0.009707591810455718,-319.68543645044576,319.68543645044576,0.6776417448015164,24,1986-07-31 23:59:59.999999999,1991-06-30 23:59:59.999999999,60,120,24,1,60
SMALL LoBM,ff3,1986-07-31 23:59:59.999999999,1991-06-30 23:59:59.999999999,60,-0.009578980747708424,0.002337880697034904,-4.097292372471054,4.1801080862917384e-05,12,0.9501308881670748,0.016082075039171247,-0.009578980747708424,0.002337880697034904,-4.097292372471054,4.1801080862917384e-05,1.0533973755376262,0.044009240512066825,23.9358226427197,1.2982451900438381e-126,1.0501343243020003,0.06964966957813758,15.077376973395266,2.2815458082475298e-51,-0.05432627383504206,0.20319412284217275,-0.2673614427186901,0.7891908834148551,-0.00011700483498848322,0.0021060445767202307,0.6568598091391773,-0.005537261728803142,0.0012413063114438834,-0.007970222099233154,-0.0031043013583731305,4.082060528854709e-06,-664.471407456377,664.471407456377,0.0010450270215729346,25,1986-07-31 23:59:59.999999999,1991-06-30 23:59:59.999999999,60,120,25,1,60
ME1 BM4,ff3,1996-07-31 23:59:59.999999999,2001-06-30 23:59:59.999999999,60,0.00825527571158411,0.0016883127383100249,4.8896602651043874,1.0101015614000436e-06,12,0.9205698033687274,0.0192196496926628,0.00825527571158411,0.0016883127383100249,4.8896602651043874,1.0101015614000436e-06,0.8998368361062337,0.040218222303141093,22.37385902648301,7.074445505023677e-111,1.146700719290888,0.07266409406009437,15.780843814588097,4.215150733384843e-56,0.5421977856854872,0.05930556261976601,9.1424440092029,6.105658170673061e-20,-0.0006774998260797269,0.002973755640952137,0.9019172881638532,0.005360328130059103,0.0009664649012120991,0.0034660569236833892,0.007254599336434818,0.9999999854131563,643.2393756070924,0.0,2.525253903500109e-05,1,1996-07-31 23:59:59.999999999,2001-06-30 23:59:59.999999999,60,120,1,5,60
ME1 BM3,ff3,1996-07-31 23:59:59.999999999,2001-06-30 23:59:59.999999999,60,0.0036505051770461153,0.002521798948695172,1.4475797838423867,0.147734608389953,12,0.9155879648337844,0.019956219547311756,0.0036505051770461153,0.002521798948695172,1.4475797838423867,0.147734608389953,0.896551733066122,0.060594092809351865,14.79602534667788,1.5539806218466745e-49,1.0794326175588465,0.04841546538762473,22.295202760454217,4.1130404908525563e-110,0.4240825340803307,0.06760341256017413,6.2730935912865755,3.539440002957756e-10,-0.0006774998260797269,0.002973755640952137,0.838933605943191,0.00394108956372937,0.0014631744285526493,0.001073267683766177,0.006808911443692563,0.9964649046587963,472.9307476475243,0.0,0.284105016134525,2,1996-07-31 23:59:59.999999999,2001-06-30 23:59:59.999999999,60,120,2,5,60
BIG LoBM,ff3,1996-07-31 23:59:59.999999999,2001-06-30 23:59:59.999999999,60,0.0045270773964263085,0.0012867122261929448,3.518329354669134,0.0004342730163547408,12,0.9667457353209612,0.010506871485468493,0.0045270773964263085,0.0012867122261929448,3.518329354669134,0.0004342730163547408,0.912524046769778,0.019668420451303834,46.39539047017302,0.0,-0.2964174822899212,0.04336897088027113,-6.834782478658348,8.212955143502567e-12,-0.32144594664397613,0.04093670448431568,-7.852267315927533,4.085824578928084e-15,-0.0006774998260797269,0.002973755640952137,0.9265388938314667,0.0032973237729840487,0.0008154695134105765,0.0016990035266993189,0.004895644019268779,0.9999736666735505,395.67885275808584,0.0,0.003618941802956173,3,1996-07-31 23:59:59.999999999,2001-06-30 23:59:59.999999999,60,120,3,5,60
SMALL HiBM,ff3,1996-07-31 23:59:59.999999999,2001-06-30 23:59:59.999999999,60,0.002427177423671502,0.001355439271238339,1.7906943344307968,0.07334235938792923,12,0.8862445167017282,0.019287006739543172,0.002427177423671502,0.001355439271238339,1.7906943344307968,0.07334235938792923,0.9232166758346086,0.03503026270315882,26.3548316396542,4.5179858981783375e-153,0.9079105840683155,0.03105190861720556,29.238479194971323,6.291637361271404e-188,0.6317916673091705,0.07358656702464811,8.585692917262323,9.029055067762461e-18,-0.0006774998260797269,0.002973755640952137,0.9095394096868498,0.0024086618094863034,0.0008953664055913533,0.0006537436545272508,0.004163579964445356,0.9964289074352811,289.0394171383564,0.0,0.26193699781403296,4,1996-07-31 23:59:59.999999999,2001-06-30 23:59:59.999999999,60,120,4,5,60
ME4 BM1,ff3,1996-07-31 23:59:59.999999999,2001-06-30 23:59:59.999999999,60,0.002756091727375001,0.0046750279868355655,0.5895348081628374,0.5555025691871778,12,0.9122333977104589,0.025586369003995503,0.002756091727375001,0.0046750279868355655,0.5895348081628374,0.5555025691871778,1.1302225291554773,0.09144508705795956,12.35957628253032,4.324300369906824e-35,0.5554554001169428,0.05057370829064378,10.983086249574129,4.609033696338678e-28,-0.3281687901048549,0.07763718383155283,-4.226953811422028,2.3687626713962663e-05,-0.0006774998260797269,0.002973755640952137,0.6572307529875772,0.002067129587584358,0.0021704093916595016,-0.0021868728200682653,0.006321131995236981,0.8295566204584266,248.05555051012294,0.0,0.6782621397570368,5,1996-07-31 23:59:59.999999999,2001-06-30 23:59:59.999999999,60,120,5,5,60
ME2 BM2,ff3,1996-07-31 23:59:59.999999999,2001-06-30 23:59:59.999999999,60,0.0006075711848555213,0.0025183094662590763,0.24126152603399545,0.8093524279956289,12,0.9312060639378705,0.01814602026189536,0.0006075711848555213,0.0025183094662590763,0.24126152603399545,0.8093524279956289,1.0677119976700484,0.055346110716492807,19.291545220572775,6.32542207876736e-83,1.007961018852645,0.058715194619686224,17.166953552338097,4.6941943614487964e-66,0.5010289323483297,0.060924546842781965,8.22376132958778,1.9721836863656533e-16,-0.0006774998260797269,0.002973755640952137,0.8380777033646465,0.001889365438190545,0.0015580144899219313,-0.0011643429620564402,0.00494307383843753,0.887372975752422,226.72385258286542,0.0,0.84307544582878,6,1996-07-31 23:59:59.999999999,2001-06-30 23:59:59.999999999,60,120,6,4,60
ME1 BM2,ff3,1996-07-31 23:59:59.999999999,2001-06-30 23:59:59.999999999,60,0.00862190853552638,0.00447523309212526,1.926583120485438,0.05403160390740663,12,0.9184911426396396,0.030744140163265335,0.00862190853552638,0.00447523309212526,1.926583120485438,0.05403160390740663,0.9191330185487336,0.06820334282525749,13.476363187998382,2.1546868042831057e-41,1.5799116437315024,0.11114110366939417,14.215367596413166,7.356413599967195e-46,0.009746526220874777,0.07072916836939447,0.1378006619556443,0.8903979611866282,-0.0006774998260797269,0.002973755640952137,0.5963061835904507,0.0017919892819958719,0.0020405741866248947,-0.0022075361237889213,0.005791514687780665,0.8100766912786107,215.03871383950462,0.0,0.22513168294752764,7,1996-07-31 23:59:59.999999999,2001-06-30 23:59:59.999999999,60,120,7,4,60
ME4 BM5,ff3,1996-07-31 23:59:59.999999999,2001-06-30 23:59:59.999999999,60,0.0018404860664832092,0.0032378174656569987,0.5684341646819021,0.5697401973959109,12,0.7569618787606361,0.023068346488206343,0.0018404860664832092,0.0032378174656569987,0.5684341646819021,0.5697401973959109,1.0255360515348024,0.05148097473343132,19.92068053965629,2.693058582226481e-88,0.17345623191404363,0.09088669450745399,1.908488727135057,0.05632807878716286,0.8764853588459506,0.07168166627659014,12.2274690918031,2.217402514151279e-34,-0.0006774998260797269,0.002973755640952137,0.7381648258338634,0.0016844435984788328,0.0018912555103831046,-0.0020224172018720524,0.005391304398829718,0.8134410738820805,202.13323181745992,0.0,0.6782621397570368,8,1996-07-31 23:59:59.999999999,2001-06-30 23:59:59.999999999,60,120,8,4,60
ME4 BM4,ff3,1996-07-31 23:59:59.999999999,2001-06-30 23:59:59.999999999,60,-0.001851432743111787,0.0031009276978642974,-0.5970576948269141,0.5504688614990443,12,0.7925226145865842,0.021416352009377183,-0.001851432743111787,0.0031009276978642974,-0.5970576948269141,0.5504688614990443,1.0643592020489487,0.059669565784830514,17.83755567933989,3.6115219192971735e-71,0.2521365406467104,0.050982279778381774,4.94557210353753,7.592056195233279e-07,0.892400101055749,0.1025708833867277,8.700325780476044,3.309327477487969e-18,-0.0006774998260797269,0.002973755640952137,0.7255728155281074,-0.0007637403138114133,0.001634582228907168,-0.003967521482469463,0.0024400408548466363,0.32016450207014946,-91.6488376573696,91.6488376573696,0.6782621397570368,9,1996-07-31 23:59:59.999999999,2001-06-30 23:59:59.999999999,60,120,9,4,60
ME3 BM5,ff3,1996-07-31 23:59:59.999999999,2001-06-30 23:59:59.999999999,60,-0.0018956188490959092,0.004005293700909381,-0.4732783637478367,0.6360145962069041,12,0.8304184344625288,0.01991278151103655,-0.0018956188490959092,0.004005293700909381,-0.4732783637478367,0.6360145962069041,1.122589425348235,0.07916206603733164,14.180901049485477,1.2029202414800607e-45,0.3640691802085654,0.09855037373014475,3.69424454143093,0.00022054148416703398,1.0473826582520038,0.10527246291543121,9.949255762101817,2.5407617186700154e-23,-0.0006774998260797269,0.002973755640952137,0.61788271229208,-0.0010186212348910614,0.00209769581357836,-0.005130105029504647,0.0030928625597225244,0.3136287538390398,-122.23454818692737,122.23454818692737,0.7227438593260275,10,1996-07-31 23:59:59.999999999,2001-06-30 23:59:59.999999999,60,120,10,4,60
ME3 BM1,ff3,1996-07-31 23:59:59.999999999,2001-06-30 23:59:59.999999999,60,-0.0022831733608995137,0.0017347183378257484,-1.3161637316644643,0.18811909387127157,12,0.947375578036878,0.02136171427981646,-0.0022831733608995137,0.0017347183378257484,-1.3161637316644643,0.18811909387127157,1.0705541165233687,0.06345541577751435,16.870965281780148,7.358401437123249e-64,0.7777730443713521,0.0751730767322992,10.346430905590042,4.343781526241596e-25,-0.4150523114359295,0.05569872695100142,-7.451737843147727,9.211863656395841e-14,-0.0006774998260797269,0.002973755640952137,0.8299226887833275,-0.0011920156486194171,0.0013260119482265862,-0.003790999067143526,0.001406967769904692,0.18434020769772924,-143.04187783433005,143.04187783433005,0.31353182311878597,11,1996-07-31 23:59:59.999999999,2001-06-30 23:59:59.999999999,60,120,11,3,60
ME2 BM4,ff3,1996-07-31 23:59:59.999999999,2001-06-30 23:59:59.999999999,60,-0.0023862215309213854,0.0014596961648798232,-1.6347385081455241,0.10210387628231238,12,0.9020915554669736,0.015291635466811157,-0.0023862215309213854,0.0014596961648798232,-1.6347385081455241,0.10210387628231238,0.98351783449766,0.034685009780487705,28.35570295992665,7.118926149619002e-177,0.7160976033240917,0.043745060567458305,16.369793390040304,3.142790414052273e-60,0.7751085451668747,0.04213777331214695,18.39462516030566,1.4506051707801484e-75,-0.0006774998260797269,0.002973755640952137,0.886512924185629,-0.0012424160851774745,0.0010235463105665711,-0.003248566853887954,0.0007637346835330048,0.1124054158339779,-149.08993022129695,149.08993022129695,0.28052564384155093,12,1996-07-31 23:59:59.999999999,2001-06-30 23:59:59.999999999,60,120,12,3,60
ME2 BM1,ff3,1996-07-31 23:59:59.999999999,2001-06-30 23:59:59.999999999,60,-0.0014901784594668422,0.002427893649976937,-0.613774190430869,0.5393645547059611,12,0.9602231301799344,0.01961824667128687,-0.0014901784594668422,0.002427893649976937,-0.613774190430869,0.5393645547059611,1.115292292510918,0.05385049550503342,20.71090120993727,2.762400204274121e-95,1.0789477025438141,0.045503163981067594,23.711487469151148,2.7448070142599925e-124,-0.22071610714073692,0.0556108128802663,-3.9689422921393556,7.219236071382206e-05,-0.0006774998260797269,0.002973755640952137,0.8508814646485351,-0.0013520888159953598,0.00149810354749591,-0.004288371769087343,0.0015841941370966237,0.18338673552995677,-162.2506579194432,162.2506579194432,0.6782621397570368,13,1996-07-31 23:59:59.999999999,2001-06-30 23:59:59.999999999,60,120,13,3,60
ME4 BM3,ff3,1996-07-31 23:59:59.999999999,2001-06-30 23:59:59.999999999,60,-0.0043228402940462315,0.0028895891492822195,-1.4960051656893973,0.13465230904394446,12,0.860362914571996,0.01787674836842585,-0.0043228402940462315,0.0028895891492822195,-1.4960051656893973,0.13465230904394446,1.1137032251284433,0.08183598231500452,13.608967517999075,3.5421245838675846e-42,0.17319655764080014,0.06508795054145952,2.6609619169139136,0.007791776947366178,0.9624523174796634,0.07711120111939632,12.481355542490325,9.436627780800564e-36,-0.0006774998260797269,0.002973755640952137,0.8541659482825408,-0.0015085400022378137,0.001506499071835893,-0.004461278183036163,0.0014441981785605364,0.15832766601672643,-181.02480026853766,181.02480026853766,0.28052564384155093,14,1996-07-31 23:59:59.999999999,2001-06-30 23:59:59.999999999,60,120,14,3,60
ME3 BM2,ff3,1996-07-31 23:59:59.999999999,2001-06-30 23:59:59.999999999,60,-0.0038640030510703935,0.0029237894486386184,-1.3215736354988077,0.1863101673920169,12,0.8441189297164776,0.024955455073468115,-0.0038640030510703935,0.0029237894486386184,-1.3215736354988077,0.1863101673920169,1.2140808292400935,0.08680813722462073,13.985795203721443,1.9033741015156986e-44,0.6848519195476602,0.05174422760083371,13.235329838735979,5.485538655357309e-40,0.6510631831651462,0.12449160419184546,5.2297758342147915,1.6971570321372858e-07,-0.0006774998260797269,0.002973755640952137,0.7817787744997169,-0.0016747036937211149,0.0014988340053053127,-0.004612418344119528,0.0012630109566772979,0.13192498753661563,-200.9644432465338,200.9644432465338,0.31353182311878597,15,1996-07-31 23:59:59.999999999,2001-06-30 23:59:59.999999999,60,120,15,3,60
ME5 BM2,ff3,1996-07-31 23:59:59.999999999,2001-06-30 23:59:59.999999999,60,-0.0034395075945733494,0.002135052785939721,-1.610970753146736,0.10718609718815128,12,0.8751087100902069,0.01753804816204771,-0.0034395075945733494,0.002135052785939721,-1.610970753146736,0.10718609718815128,1.0694042108297253,0.052899660775345636,20.215710179527857,7.12130434562588e-91,-0.08642958020510619,0.07106383605360361,-1.2162245243827277,0.22389940387673513,0.5175675550997276,0.09491091496748034,5.45319318939306,4.9473269989275566e-08,-0.0006774998260797269,0.002973755640952137,0.8655070191614621,-0.0016877802922518866,0.0011770685959473304,-0.003994834740308654,0.0006192741558048811,0.07580262779872793,-202.53363507022638,202.53363507022638,0.28052564384155093,16,1996-07-31 23:59:59.999999999,2001-06-30 23:59:59.999999999,60,120,16,2,60
ME2 BM5,ff3,1996-07-31 23:59:59.999999999,2001-06-30 23:59:59.999999999,60,-0.0007044497340391708,0.0020978225619043786,-0.33580043747822014,0.7370213602515905,12,0.9270186224218794,0.014837809697390732,-0.0007044497340391708,0.0020978225619043786,-0.33580043747822014,0.7370213602515905,1.0464336021275187,0.03072663532637176,34.05623788652823,3.2814297131743513e-254,0.920184311273536,0.034735049838795676,26.491521260055297,1.213755215611716e-154,0.9140022565325,0.05779072077493342,15.815726889652261,2.4239583782021564e-56,-0.0006774998260797269,0.002973755640952137,0.808018164702646,-0.0020717383423084802,0.0013123535722223151,-0.004643951343864218,0.0005004746592472574,0.05720893375824625,-248.60860107701762,248.60860107701762,0.8011101741865114,17,1996-07-31 23:59:59.999999999,2001-06-30 23:59:59.999999999,60,120,17,2,60
ME5 BM3,ff3,1996-07-31 23:59:59.999999999,2001-06-30 23:59:59.999999999,60,-0.0030637555321892432,0.0028138317745484078,-1.0888197225937382,0.27623339252926415,12,0.8042445650308312,0.024201854437709832,-0.0030637555321892432,0.0028138317745484078,-1.0888197225937382,0.27623339252926415,1.1161951383668502,0.08240636688474713,13.545010908294884,8.480130221364117e-42,-0.15732249618579255,0.06858900020586156,-2.2936986355480933,0.021807815186176898,0.6146868025753363,0.07242165414117423,8.48761064442279,2.1092888517706014e-17,-0.0006774998260797269,0.002973755640952137,0.7557740008288969,-0.00262912433999343,0.001731777381737778,-0.006023408008199475,0.0007651593282126147,0.06448636552717835,-315.4949207992116,315.4949207992116,0.4316146758269752,18,1996-07-31 23:59:59.999999999,2001-06-30 23:59:59.999999999,60,120,18,2,60
ME2 BM3,ff3,1996-07-31 23:59:59.999999999,2001-06-30 23:59:59.999999999,60,-0.005839666423108558,0.0024544502282082435,-2.3792156614116933,0.017349522235459974,12,0.8651670075636497,0.018336250990067957,-0.005839666423108558,0.0024544502282082435,-2.3792156614116933,0.017349522235459974,1.0329920441137186,0.03597762806616535,28.71206634895371,2.697179585921147e-181,0.679349372975165,0.08062628574537758,8.42590436474513,3.579744800606672e-17,0.8307578847535309,0.07208288625856446,11.525036355697052,9.867054399607257e-31,-0.0006774998260797269,0.002973755640952137,0.8161305471371982,-0.0027006305816349796,0.0013415071010395505,-0.005329984499672499,-7.127666359746073e-05,0.02205038372195006,-324.0756697961976,324.0756697961976,0.08674761117729987,19,1996-07-31 23:59:59.999999999,2001-06-30 23:59:59.999999999,60,120,19,2,60
ME5 BM4,ff3,1996-07-31 23:59:59.999999999,2001-06-30 23:59:59.999999999,60,-0.0035727413384956013,0.0023682934191919637,-1.5085720838233727,0.13140817265744967,12,0.8910392919389072,0.018043825099192914,-0.0035727413384956013,0.0023682934191919637,-1.5085720838233727,0.13140817265744967,1.1219495032427005,0.044886497653049584,24.995256077112877,6.884400106089412e-138,-0.1723457300683799,0.032234027823603205,-5.346701659858362,8.957147475937025e-08,0.9886243945855764,0.07390215706751577,13.377476839849015,8.188000708168121e-41,-0.0006774998260797269,0.002973755640952137,0.7186213584828426,-0.0027686567114866495,0.0016200565309013389,-0.005943967512053274,0.0004066540890799745,0.04372661240847879,-332.23880537839796,332.23880537839796,0.28052564384155093,20,1996-07-31 23:59:59.999999999,2001-06-30 23:59:59.999999999,60,120,20,2,60
ME4 BM2,ff3,1996-07-31 23:59:59.999999999,2001-06-30 23:59:59.999999999,60,-0.003876271730698573,0.0025415792735792734,-1.5251429577640794,0.12722344454838266,12,0.8539658629560457,0.019737920138856713,-0.003876271730698573,0.0025415792735792734,-1.5251429577640794,0.12722344454838266,1.1795562260427708,0.06236556081500938,18.913583244149866,8.81578605406848e-80,0.28023126343227567,0.05089828738795714,5.505711052639075,3.6768117158379084e-08,0.7660218800716947,0.0707033169162847,10.834313204551528,2.3673511747712823e-27,-0.0006774998260797269,0.002973755640952137,0.8157733628255711,-0.0028200098454909898,0.0016127834684616098,-0.005981065443675744,0.0003410457526937653,0.040185634617859546,-338.40118145891876,338.40118145891876,0.28052564384155093,21,1996-07-31 23:59:59.999999999,2001-06-30 23:59:59.999999999,60,120,21,1,60
BIG HiBM,ff3,1996-07-31 23:59:59.999999999,2001-06-30 23:59:59.999999999,60,-0.001944016309635526,0.002977661944805837,-0.6528666939598775,0.5138422224556725,12,0.7831135921490561,0.024452683720326447,-0.001944016309635526,0.002977661944805837,-0.6528666939598775,0.5138422224556725,1.0221312559400253,0.05970592918339168,17.119426326997857,1.0631790004997586e-65,-0.215964537858209,0.0812943493441884,-2.6565750215165225,0.007893888481174805,0.64427097776488,0.052866021979900986,12.186863199387764,3.652100680874869e-34,-0.0006774998260797269,0.002973755640952137,0.801692635336243,-0.003212951540677104,0.001708733453775397,-0.006562069110076882,0.00013616602872267404,0.030032803424766382,-385.55418488125247,385.55418488125247,0.6782621397570368,22,1996-07-31 23:59:59.999999999,2001-06-30 23:59:59.999999999,60,120,22,1,60
SMALL LoBM,ff3,1996-07-31 23:59:59.999999999,2001-06-30 23:59:59.999999999,60,0.00031873600598210833,0.00412906276978295,0.07719330602447178,0.9384697667773259,12,0.9177436932849946,0.03458510846142779,0.00031873600598210833,0.00412906276978295,0.07719330602447178,0.9384697667773259,1.043412591163405,0.07382318704575336,14.133941284825994,2.3463618374553024e-45,1.3406542526104048,0.05806811382088403,23.08761494726289,6.1663309370769515e-118,-0.5013595782603361,0.1125500131664935,-4.454549263523253,8.406962463713358e-06,-0.0006774998260797269,0.002973755640952137,0.6731602265996244,-0.0036108359258527132,0.002007735488089714,-0.007545997482508553,0.0003243256308031266,0.036051914830172664,-433.30031110232557,433.30031110232557,0.9384697667773259,23,1996-07-31 23:59:59.999999999,2001-06-30 23:59:59.999999999,60,120,23,1,60
ME3 BM4,ff3,1996-07-31 23:59:59.999999999,2001-06-30 23:59:59.999999999,60,-0.006140978637394772,0.001813711654842833,-3.3858626981844684,0.0007095487519021137,12,0.8458225143328773,0.018600753587868515,-0.006140978637394772,0.001813711654842833,-3.3858626981844684,0.0007095487519021137,1.104021743578763,0.05173968528914726,21.33800654969076,5.039803444131066e-101,0.4366579565139537,0.0471729154864298,9.256539520852105,2.1116503991812385e-20,1.0555769431292976,0.05773267741461083,18.283873023047345,1.112389576986832e-74,-0.0006774998260797269,0.002973755640952137,0.894551524019729,-0.004357318789534562,0.0010462562987084642,-0.006407981135003151,-0.0023066564440659717,1.5589732242044996e-05,-522.8782547441474,522.8782547441474,0.00443467969938821,24,1996-07-31 23:59:59.999999999,2001-06-30 23:59:59.999999999,60,120,24,1,60
ME3 BM3,ff3,1996-07-31 23:59:59.999999999,2001-06-30 23:59:59.999999999,60,-0.007083999702133108,0.001664522221278489,-4.255875717112397,2.0823236001886687e-05,12,0.8522324132753653,0.018891076987358382,-0.007083999702133108,0.001664522221278489,-4.255875717112397,2.0823236001886687e-05,1.1453574481935127,0.050976048114381195,22.468541414264482,8.43150360686755e-112,0.3692473082563804,0.06218303753337948,5.938071263536631,2.8839468930548803e-09,0.9088236919363352,0.051734188386902906,17.567177919938416,4.394981044036145e-69,-0.0006774998260797269,0.002973755640952137,0.899333791989224,-0.004766654670817155,0.0010952532123625987,-0.0069133509670478484,-0.0026199583745864616,6.741897635472939e-06,-571.9985604980586,571.9985604980586,0.0002602904500235836,25,1996-07-31 23:59:59.999999999,2001-06-30 23:59:59.999999999,60,120,25,1,60
ME3 BM2,ff3,2006-07-31 23:59:59.999999999,2011-06-30 23:59:59.999999999,60,0.0034153214268912964,0.002043245296691721,1.6715180660986444,0.09461939331291083,12,0.9553965534449187,0.01339837496964447,0.0034153214268912964,0.002043245296691721,1.6715180660986444,0.09461939331291083,1.0542732873639575,0.03157724902479301,33.38711635507547,2.108837603639495e-244,0.7135564379607696,0.08816727486217256,8.093211898362927,5.811164204357862e-16,-0.08335735607088504,0.042401713376696265,-1.9658959375141138,0.04931063244505099,0.00026233259565139756,0.0020954039386929177,0.8022975914361031,0.0027529243138467788,0.0009627890386210083,0.0008658577981496024,0.004639990829543955,0.997877265004167,330.35091766161344,0.0,0.21504407571116096,1,2006-07-31 23:59:59.999999999,2011-06-30 23:59:59.999999999,60,120,1,5,60
ME4 BM2,ff3,2006-07-31 23:59:59.999999999,2011-06-30 23:59:59.999999999,60,0.00272416214153733,0.0007462577706339084,3.650430519769719,0.0002618011234858151,12,0.9590513758551743,0.012174196958845562,0.00272416214153733,0.0007462577706339084,3.650430519769719,0.0002618011234858151,1.0877657879247018,0.05049605818514074,21.541598037939405,6.347879734924517e-103,0.3775019537825051,0.0747454972792479,5.050497588800089,4.406606740759718e-07,-0.14897787322401815,0.07399149000637416,-2.0134460491494917,0.044067725289185546,0.00026233259565139756,0.0020954039386929177,0.9412454513084875,0.002540845065473348,0.0005156969559942659,0.0015300790317245869,0.0035516110992221094,0.9999995825167525,304.90140785680177,0.0,0.0038048418769647927,2,2006-07-31 23:59:59.999999999,2011-06-30 23:59:59.999999999,60,120,2,5,60
ME5 BM3,ff3,2006-07-31 23:59:59.999999999,2011-06-30 23:59:59.999999999,60,0.0015795911542691315,0.0015294371933274608,1.0327924292416057,0.3017010474400691,12,0.9418538450379929,0.012655074640165362,0.0015795911542691315,0.0015294371933274608,1.0327924292416057,0.3017010474400691,0.952222003652921,0.028344517275172416,33.59457472528534,2.0132542449546304e-247,-0.16996128552665699,0.10712168263956333,-1.5866188930072413,0.11259898580903605,0.16005777148234235,0.04721920446834733,3.389675308690019,0.0006997545067077089,0.00026233259565139756,0.0020954039386929177,0.7727447713857396,0.0022933062287720588,0.001004904872534825,0.0003236926786038016,0.0042629197789403155,0.9887586579743813,275.19674745264706,0.0,0.5387518704286948,3,2006-07-31 23:59:59.999999999,2011-06-30 23:59:59.999999999,60,120,3,5,60
ME3 BM1,ff3,2006-07-31 23:59:59.999999999,2011-06-30 23:59:59.999999999,60,0.0013361236339692482,0.0018887410729900623,0.7074149300168675,0.4793086614864931,12,0.9502704525488855,0.014505589043629369,0.0013361236339692482,0.0018887410729900623,0.7074149300168675,0.4793086614864931,1.1419643419305068,0.061792645284879606,18.48058675374334,2.959453621557679e-76,0.6583434538093387,0.09272483704388518,7.099968841118106,1.2478501977301208e-12,-0.3061166093066913,0.043519578737933946,-7.0339975290216685,2.0069867959615773e-12,0.00026233259565139756,0.0020954039386929177,0.7939940604434632,0.0021431384696641623,0.0009943137676081332,0.0001942834851522213,0.004091993454176103,0.9844345135185728,257.17661635969944,0.0,0.672716205999903,4,2006-07-31 23:59:59.999999999,2011-06-30 23:59:59.999999999,60,120,4,5,60
ME4 BM1,ff3,2006-07-31 23:59:59.999999999,2011-06-30 23:59:59.999999999,60,0.0025752750633914728,0.0016057616661907343,1.6037716665018322,0.10876439215138221,12,0.9582916034414447,0.01160830707097793,0.0025752750633914728,0.0016057616661907343,1.6037716665018322,0.10876439215138221,1.030831503377832,0.052570945896680744,19.608387975437154,1.3112232291245388e-85,0.4891391545813391,0.045633791800714675,10.718792703386061,8.308067748915698e-27,-0.3136445707290225,0.07396370015953051,-4.240520282956777,2.2300228174516675e-05,0.00026233259565139756,0.0020954039386929177,0.7992411960974808,0.0019477744356658543,0.0009551388955980026,7.570220029376939e-05,0.003819846671037939,0.9792878471371022,233.7329322799025,0.0,0.22659248364871296,5,2006-07-31 23:59:59.999999999,2011-06-30 23:59:59.999999999,60,120,5,5,60
SMALL HiBM,ff3,2006-07-31 23:59:59.999999999,2011-06-30 23:59:59.999999999,60,-0.0011000986794144727,0.002750667438193423,-0.3999388163539657,0.6892015815505854,12,0.9770235024641354,0.011873317011032919,-0.0011000986794144727,0.002750667438193423,-0.3999388163539657,0.6892015815505854,0.9794196504933722,0.030695995763675783,31.907081888914384,2.129610727651389e-223,1.0401739105568721,0.07378063326479473,14.098197108497889,3.8959618904174745e-45,0.7808709249851001,0.06859477712378823,11.38382480018729,5.034233885996881e-30,0.00026233259565139756,0.0020954039386929177,0.7603110013548985,0.0018120261247876628,0.0010316430308982966,-0.00020999421577299823,0.003834046465348324,0.9604939281529713,217.44313497451955,0.0,0.749132153859332,6,2006-07-31 23:59:59.999999999,2011-06-30 23:59:59.999999999,60,120,6,4,60
ME3 BM5,ff3,2006-07-31 23:59:59.999999999,2011-06-30 23:59:59.999999999,60,0.00559043405168692,0.0029050199627124952,1.9244046937519086,0.0543038765707411,12,0.9126203727570145,0.021870529025839715,0.00559043405168692,0.0029050199627124952,1.9244046937519086,0.0543038765707411,1.0108708528517452,0.043767563965603974,23.096347186381397,5.038369681257148e-118,0.6879534738683661,0.0858509229070475,8.01334977625374,1.1162558961301252e-15,0.60559843901558,0.12607170973606918,4.8036029675761425,1.558356914687954e-06,0.00026233259565139756,0.0020954039386929177,0.6141602190102092,0.0017006756493363573,0.0013016069550538002,-0.0008504739825690912,0.004251825281241806,0.9043251797961218,204.08107792036284,0.0,0.16969961428356595,7,2006-07-31 23:59:59.999999999,2011-06-30 23:59:59.999999999,60,120,7,4,60
ME5 BM2,ff3,2006-07-31 23:59:59.999999999,2011-06-30 23:59:59.999999999,60,0.000932951387903063,0.0010590207622926155,0.8809566546017172,0.3783412811855883,12,0.9507391036909938,0.010818358587682788,0.000932951387903063,0.0010590207622926155,0.8809566546017172,0.3783412811855883,0.9165016198481926,0.017995635261903082,50.92910622546538,0.0,-0.19073963607532005,0.07013232993530608,-2.719710527958629,0.0065339087282045676,0.06440620512396615,0.02668062960132726,2.4139687138703123,0.01577981725499954,0.00026233259565139756,0.0020954039386929177,0.8767887998152587,0.0016041226674044268,0.0007402774578907578,0.00015317884993854155,0.003055066484870312,0.984879555550303,192.49472008853124,0.0,0.6305688019759805,8,2006-07-31 23:59:59.999999999,2011-06-30 23:59:59.999999999,60,120,8,4,60
BIG HiBM,ff3,2006-07-31 23:59:59.999999999,2011-06-30 23:59:59.999999999,60,0.0018983724095546807,0.003363214405062168,0.5644517954898537,0.5724466974041709,12,0.8890087516133577,0.023787948978644995,0.0018983724095546807,0.003363214405062168,0.5644517954898537,0.5724466974041709,0.9829536552213107,0.0664324279978993,14.79629278719714,1.5478158002926508e-49,-0.19674804837623458,0.1873076760407739,-1.0504003494945167,0.29353408504136114,0.9198045918930242,0.0681957024077213,13.487720771520076,1.8472324791530921e-41,0.00026233259565139756,0.0020954039386929177,0.6022994393903528,0.0011811761247928184,0.0013296814437767609,-0.0014249995050096328,0.0037873517545952695,0.8128143643280384,141.7411349751382,0.0,0.7039033602635126,9,2006-07-31 23:59:59.999999999,2011-06-30 23:59:59.999999999,60,120,9,4,60
ME2 BM3,ff3,2006-07-31 23:59:59.999999999,2011-06-30 23:59:59.999999999,60,0.0029155019214296665,0.0015887317526557983,1.8351127662401014,0.0664889827593262,12,0.967366840509463,0.011345948286789368,0.0029155019214296665,0.0015887317526557983,1.8351127662401014,0.0664889827593262,0.9244328099227932,0.015160224946433216,60.97751274728194,0.0,0.906676148808344,0.08028290829488213,11.293514000241354,1.4127329813428115e-29,0.17968133768530895,0.06700289005968747,2.681695334712358,0.007325013637847402,0.00026233259565139756,0.0020954039386929177,0.884058223441713,0.0011466130090184178,0.0007171922127120415,-0.0002590837278971835,0.0025523097459340194,0.9450622221255085,137.59356108221013,0.0,0.175991977649154,10,2006-07-31 23:59:59.999999999,2011-06-30 23:59:59.999999999,60,120,10,4,60
ME3 BM4,ff3,2006-07-31 23:59:59.999999999,2011-06-30 23:59:59.999999999,60,0.0034372507496765433,0.001354404818908414,2.537831157782504,0.011154178321531717,12,0.9475282501912597,0.014775376214352693,0.0034372507496765433,0.001354404818908414,2.537831157782504,0.011154178321531717,1.0161932772479765,0.031376162784484386,32.38743004452053,4.125743017230004e-230,0.5698030428976886,0.12773010323801307,4.46099258086337,8.158091492247596e-06,0.23742481606302168,0.057405396384517166,4.135932003198529,3.5351686867270046e-05,0.00026233259565139756,0.0020954039386929177,0.8466598406856489,0.0009930222152840958,0.0008206607537039557,-0.0006154728619756572,0.0026015172925438488,0.8868658612135043,119.16266583409148,0.0,0.04647574300638215,11,2006-07-31 23:59:59.999999999,2011-06-30 23:59:59.999999999,60,120,11,3,60
ME3 BM3,ff3,2006-07-31 23:59:59.999999999,2011-06-30 23:59:59.999999999,60,0.0037579164881433574,0.0020769438926390767,1.8093490640078613,0.0703967910596616,12,0.9455939550937885,0.014037864757783075,0.0037579164881433574,0.0020769438926390767,1.8093490640078613,0.0703967910596616,0.9678475921102917,0.03980184416903082,24.316651962156026,1.3068817182483838e-130,0.5966289086040769,0.06325131404847371,9.43267215202581,3.997722002466804e-21,0.09964609505319358,0.05400757977901923,1.8450390752726142,0.06503185464186775,0.00026233259565139756,0.0020954039386929177,0.7900991725083946,0.0009706679770620034,0.0009682712934520612,-0.0009271437581040365,0.002868479712228043,0.841942935388685,116.4801572474404,0.0,0.175991977649154,12,2006-07-31 23:59:59.999999999,2011-06-30 23:59:59.999999999,60,120,12,3,60
ME4 BM4,ff3,2006-07-31 23:59:59.999999999,2011-06-30 23:59:59.999999999,60,0.0009851996975696056,0.0014088082839299279,0.6993142422625107,0.48435566831993015,12,0.934052290960736,0.016225624082797128,0.0009851996975696056,0.0014088082839299279,0.6993142422625107,0.48435566831993015,1.066816594734476,0.07915470479863901,13.477614469643237,2.1184612916392843e-41,0.3220175585648716,0.09658100655581689,3.3341706620003855,0.0008555414789166184,0.14329666205251954,0.11596333533289123,1.2357066277988955,0.21656763303141213,0.00026233259565139756,0.0020954039386929177,0.7916749638085547,0.0009349118805720339,0.0009663712621054551,-0.0009591757931546582,0.002828999554298726,0.8333394041042949,112.18942566864406,0.0,0.672716205999903,13,2006-07-31 23:59:59.999999999,2011-06-30 23:59:59.999999999,60,120,13,3,60
ME2 BM2,ff3,2006-07-31 23:59:59.999999999,2011-06-30 23:59:59.999999999,60,0.0014443540498296167,0.001099388831417537,1.3137790821171853,0.1889205589264581,12,0.9676636752058767,0.012027054934435679,0.0014443540498296167,0.001099388831417537,1.3137790821171853,0.1889205589264581,1.0274685602521696,0.033254987504225224,30.896675577509214,1.323816424520455e-209,1.0467073314172972,0.04778747638014452,21.90338161176051,2.4119868357663817e-106,-0.04634547540545587,0.05342994779211817,-0.8674063389650667,0.3857194098645238,0.00026233259565139756,0.0020954039386929177,0.8935607751611929,0.0007203490004888276,0.0006969370096705273,-0.0006456475384654058,0.0020863455394430613,0.8493366915383116,86.44188005865932,0.0,0.3633087671662656,14,2006-07-31 23:59:59.999999999,2011-06-30 23:59:59.999999999,60,120,14,3,60
ME1 BM4,ff3,2006-07-31 23:59:59.999999999,2011-06-30 23:59:59.999999999,60,0.00023939359555586568,0.0010833797745535216,0.22096923090014642,0.8251163909826542,12,0.9669622217032139,0.012240710046911078,0.00023939359555586568,0.0010833797745535216,0.22096923090014642,0.8251163909826542,0.8520008695589272,0.04487117810571448,18.987708937609156,2.1552875960887916e-80,0.9833526094010191,0.07991322328619792,12.305255237662992,8.486771948668469e-35,0.5681357975825907,0.1171702552780181,4.8488056651795715,1.2420702738923539e-06,0.00026233259565139756,0.0020954039386929177,0.9012421390330811,0.0006147224886636321,0.0006599414081989302,-0.000678762671406271,0.001908207648733535,0.8241974413720909,73.76669863963585,0.0,0.8594962406069314,15,2006-07-31 23:59:59.999999999,2011-06-30 23:59:59.999999999,60,120,15,3,60
ME4 BM5,ff3,2006-07-31 23:59:59.999999999,2011-06-30 23:59:59.999999999,60,-0.0029227333194485994,0.004644130534452735,-0.6293391836784394,0.5291270238300969,12,0.918637420330368,0.02141912849475644,-0.0029227333194485994,0.004644130534452735,-0.6293391836784394,0.5291270238300969,1.0958717553280346,0.06574965476058814,16.667338548291898,2.2645552148635445e-62,0.33638439113563484,0.07275743001551725,4.623368239695834,3.7755859970895316e-06,0.6609177074351121,0.16310200620807716,4.052173990992773,5.0743904642111396e-05,0.00026233259565139756,0.0020954039386929177,0.5278032682065171,0.0003211060741734991,0.001441926897526335,-0.0025050706449781172,0.0031472827933251156,0.5881125180647191,38.53272890081989,0.0,0.6962197681974959,16,2006-07-31 23:59:59.999999999,2011-06-30 23:59:59.999999999,60,120,16,2,60
BIG LoBM,ff3,2006-07-31 23:59:59.999999999,2011-06-30 23:59:59.999999999,60,0.0008754919420879179,0.0011234715849401838,0.77927377409775,0.43581846009810987,12,0.9806127469026675,0.006528808457439401,0.0008754919420879179,0.0011234715849401838,0.77927377409775,0.43581846009810987,0.9723963247568858,0.03406077690310625,28.548859220771497,2.9020538624621846e-179,-0.16584775609626687,0.0636797472390203,-2.604403492271437,0.009203433622767009,-0.34378511807188544,0.03663781818479817,-9.383340359894284,6.3915053386946045e-21,0.00026233259565139756,0.0020954039386929177,0.9354679941409928,-0.0004134152991248332,0.0005339159834500953,-0.0014598906266870197,0.0006330600284373535,0.21937440239358458,-49.60983589497998,49.60983589497998,0.672716205999903,17,2006-07-31 23:59:59.999999999,2011-06-30 23:59:59.999999999,60,120,17,2,60
ME2 BM1,ff3,2006-07-31 23:59:59.999999999,2011-06-30 23:59:59.999999999,60,-0.0006556072648819492,0.0012209070316833359,-0.5369837734311557,0.5912788226213506,12,0.9534313504263511,0.014058622903087445,-0.0006556072648819492,0.0012209070316833359,-0.5369837734311557,0.5912788226213506,1.0584535310049488,0.03462783889245462,30.566548905700987,3.4083319780356667e-205,0.9387498942077052,0.07883284431512745,11.90810635291978,1.0738839789749209e-32,-0.23713787019461824,0.08805866107192781,-2.692953393885015,0.0070822168313378715,0.00026233259565139756,0.0020954039386929177,0.8673154308085074,-0.0006487227334045015,0.0007798912661596449,-0.0021773096150774053,0.0008798641482684024,0.2027576000322721,-77.84672800854018,77.84672800854018,0.7039033602635126,18,2006-07-31 23:59:59.999999999,2011-06-30 23:59:59.999999999,60,120,18,2,60
ME2 BM5,ff3,2006-07-31 23:59:59.999999999,2011-06-30 23:59:59.999999999,60,-5.5545051994148845e-05,0.0008823107544917496,-0.0629540688599509,0.9498030794677255,12,0.9783037232548673,0.01223593974303604,-5.5545051994148845e-05,0.0008823107544917496,-0.0629540688599509,0.9498030794677255,1.1145025038263594,0.034207517751808074,32.580630723123754,7.714705692352578e-233,0.8770280406793106,0.10266501385966716,8.542618441352577,1.3121409781611212e-17,0.8018920298829968,0.03637565006866897,22.044747746616395,1.0727659993182861e-107,0.00026233259565139756,0.0020954039386929177,0.9156662537008469,-0.0007805859461168348,0.0006113105206113521,-0.001978754566515085,0.0004175826742814152,0.10081775405457044,-93.67031353402017,93.67031353402017,0.9498030794677255,19,2006-07-31 23:59:59.999999999,2011-06-30 23:59:59.999999999,60,120,19,2,60
ME1 BM2,ff3,2006-07-31 23:59:59.999999999,2011-06-30 23:59:59.999999999,60,-0.0028386268791016577,0.001099619450148398,-2.581462958588604,0.009838254857528268,12,0.9612739654456472,0.01296460567404598,-0.0028386268791016577,0.001099619450148398,-2.581462958588604,0.009838254857528268,0.964592408104156,0.05528480804871579,17.447693899093903,3.5841377301862147e-68,1.1018519189953029,0.05844132675699993,18.853985358286316,2.725170766141756e-79,0.035405901150719565,0.04300595252690211,0.8232790827867751,0.41034930578306505,0.00026233259565139756,0.0020954039386929177,0.902807857222715,-0.0013841030077659426,0.0006552248211098542,-0.002668343657141257,-9.986235839062841e-05,0.017325678870776583,-166.0923609319131,166.0923609319131,0.04647574300638215,20,2006-07-31 23:59:59.999999999,2011-06-30 23:59:59.999999999,60,120,20,2,60
ME2 BM4,ff3,2006-07-31 23:59:59.999999999,2011-06-30 23:59:59.999999999,60,0.0010811974026290864,0.0023547005603708525,0.4591655605071091,0.6461152798608555,12,0.9651423923068055,0.012304036726617564,0.0010811974026290864,0.0023547005603708525,0.4591655605071091,0.6461152798608555,0.8973561649041691,0.03545942443601379,25.30656318247467,2.704771695402773e-141,0.8086400123455928,0.026280726815306125,30.76931692294879,6.745695371189643e-208,0.5066573208133927,0.04664393403943034,10.862233884155035,1.744292024162001e-27,0.00026233259565139756,0.0020954039386929177,0.7884541464506415,-0.0014299320478703163,0.0009650239089312541,-0.0033213789093755742,0.00046151481363494165,0.06920232832161824,-171.59184574443796,171.59184574443796,0.7342219089327903,21,2006-07-31 23:59:59.999999999,2011-06-30 23:59:59.999999999,60,120,21,1,60
ME1 BM3,ff3,2006-07-31 23:59:59.999999999,2011-06-30 23:59:59.999999999,60,-0.0030403423689368747,0.001361836972587644,-2.232530346976761,0.025579931832300843,12,0.9671584403559125,0.012172809090894557,-0.0030403423689368747,0.001361836972587644,-2.232530346976761,0.025579931832300843,1.0028335152990324,0.025695274244131452,39.02793586754848,0.0,0.9265146225358913,0.05798124561213286,15.979557057705115,1.7740201052645706e-57,0.18630092235823612,0.06702011086247427,2.7797763978714825,0.0054396339695706244,0.00026233259565139756,0.0020954039386929177,0.8691376012568185,-0.001480953357481963,0.0007598971418067499,-0.0029703517554231927,8.445040459266733e-06,0.025654484301714034,-177.71440289783558,177.71440289783558,0.09135689940107443,22,2006-07-31 23:59:59.999999999,2011-06-30 23:59:59.999999999,60,120,22,1,60
ME4 BM3,ff3,2006-07-31 23:59:59.999999999,2011-06-30 23:59:59.999999999,60,-0.00395406157100391,0.0014423135576575356,-2.7414715406445387,0.006116465912498262,12,0.928241937711378,0.017624982985940646,-0.00395406157100391,0.0014423135576575356,-2.7414715406445387,0.006116465912498262,1.1568486061034164,0.07342076882808303,15.75642184859454,6.2047983598094975e-56,0.4323749427726541,0.0794456871851302,5.442396662327334,5.256845668384732e-08,-0.12399563097847133,0.13063460525673562,-0.9491790535500395,0.3425295530360414,0.00026233259565139756,0.0020954039386929177,0.8752803066325333,-0.003526824847643849,0.000756252980620595,-0.005009080689660215,-0.0020445690056274824,1.5539905417352256e-06,-423.21898171726184,423.21898171726184,0.04409305521399761,23,2006-07-31 23:59:59.999999999,2011-06-30 23:59:59.999999999,60,120,23,1,60
ME5 BM4,ff3,2006-07-31 23:59:59.999999999,2011-06-30 23:59:59.999999999,60,-0.007375303998667615,0.0027374317424910103,-2.694242155589323,0.007054888834239618,12,0.9536514798549786,0.016098736366804922,-0.007375303998667615,0.0027374317424910103,-2.694242155589323,0.007054888834239618,1.238169835031928,0.08556592110019948,14.470361787866517,1.864886723552898e-47,-0.3033554824391789,0.06619727360062361,-4.582597831284719,4.592347381180715e-06,0.6275493349111856,0.09035584552494788,6.9453097501911465,3.776308246230593e-12,0.00026233259565139756,0.0020954039386929177,0.6928671251600126,-0.003655065368183155,0.0011709407513429864,-0.005950109240815408,-0.0013600214955509014,0.0008997295754739357,-438.6078441819786,438.6078441819786,0.04409305521399761,24,2006-07-31 23:59:59.999999999,2011-06-30 23:59:59.999999999,60,120,24,1,60
SMALL LoBM,ff3,2006-07-31 23:59:59.999999999,2011-06-30 23:59:59.999999999,60,-0.006305452343830806,0.0017459192317796281,-3.6115372515850077,0.0003043873501571834,12,0.9302974741061317,0.019344745646719386,-0.006305452343830806,0.0017459192317796281,-3.6115372515850077,0.0003043873501571834,1.15290760171633,0.06013409036585367,19.172279728554653,6.308283065872378e-82,1.0121978820870317,0.07703769838913868,13.13899432683127,1.96825190913973e-39,-0.11727081585470402,0.06261266202181252,-1.8729568759406858,0.0610743401972376,0.00026233259565139756,0.0020954039386929177,0.7815608395717424,-0.0037994642261296426,0.000984325985963268,-0.005728743158617648,-0.0018701852936416374,5.670154573688585e-05,-455.93570713555715,455.93570713555715,0.0038048418769647927,25,2006-07-31 23:59:59.999999999,2011-06-30 23:59:59.999999999,60,120,25,1,60
ME2 BM2,ff3,2016-07-31 23:59:59.999999999,2021-06-30 23:59:59.999999999,60,0.0009376914875252199,0.0016640392773763118,0.5635032179070176,0.5730922694968585,12,0.9540279018814921,0.013119605191286377,0.0009376914875252199,0.0016640392773763118,0.5635032179070176,0.5730922694968585,0.9981783102533369,0.025072390449828348,39.81185249371269,0.0,0.8818113416886718,0.05470346908554207,16.119843154914857,1.8507839783637992e-58,0.09103911579201032,0.04222983153727836,2.1558010647436654,0.031099202315077727,0.0005362201882288837,0.001449571120236427,0.6997575569197273,0.002771572599613463,0.0008484243614952305,0.0011086608510828112,0.004434484348144115,0.9994560114299954,332.58871195361553,0.0,0.8954566710888414,1,2016-07-31 23:59:59.999999999,2021-06-30 23:59:59.999999999,60,120,1,5,60
ME3 BM4,ff3,2016-07-31 23:59:59.999999999,2021-06-30 23:59:59.999999999,60,0.00047060422029215307,0.0016691789038582492,0.28193755576731033,0.7779913918071223,12,0.9589985947675369,0.013528418114558696,0.00047060422029215307,0.0016691789038582492,0.28193755576731033,0.7779913918071223,1.0297051725502646,0.022199006829876865,46.38519103316012,0.0,0.6209481192445625,0.05985555128898729,10.374110769552123,3.2522604529635984e-25,0.606178183998119,0.040372150616901234,15.014760787708717,5.87735187624661e-51,0.0005362201882288837,0.001449571120236427,0.7459589604572885,0.0019306338888216933,0.0007479032422188955,0.00046474353407265816,0.0033965242435707284,0.9950799077849,231.6760666586032,0.0,0.9418620697520111,2,2016-07-31 23:59:59.999999999,2021-06-30 23:59:59.999999999,60,120,2,5,60
ME4 BM1,ff3,2016-07-31 23:59:59.999999999,2021-06-30 23:59:59.999999999,60,0.0011493212058424822,0.0012872778639977558,0.892830707329312,0.3719478392379355,12,0.9181163364401478,0.01461014815493572,0.0011493212058424822,0.0012872778639977558,0.892830707329312,0.3719478392379355,1.0156154805102113,0.05176589536950734,19.619393681123476,1.056052094937767e-85,0.3442262901572153,0.06586740698175308,5.226048905380085,1.7317057413663555e-07,-0.31512871823051863,0.04148770589278622,-7.595713270935823,3.0610163683095816e-14,0.0005362201882288837,0.001449571120236427,0.7541303199733306,0.0017343008242787824,0.0007733202302590725,0.00021859317297100037,0.0032500084755865645,0.9875408962840975,208.11609891345387,0.0,0.8453359982680353,3,2016-07-31 23:59:59.999999999,2021-06-30 23:59:59.999999999,60,120,3,5,60
ME1 BM4,ff3,2016-07-31 23:59:59.999999999,2021-06-30 23:59:59.999999999,60,0.001438853621524406,0.0014229682781099603,1.0111635260313359,0.3119381697094077,12,0.9658359013431023,0.012624838007654966,0.001438853621524406,0.0014229682781099603,1.0111635260313359,0.3119381697094077,0.8801777962422312,0.03444807801095629,25.550853547251275,5.372035495960039e-144,1.0198740786501643,0.0425891486330743,23.946805967803275,9.976039625497402e-127,0.6229576384195543,0.03269096606012861,19.055956843665804,5.863464766929561e-81,0.0005362201882288837,0.001449571120236427,0.8170212427766474,0.0017171033986954868,0.0006212784550220474,0.0004993976268522738,0.0029348091705386995,0.9971435700263198,206.0524078434584,0.0,0.8453359982680353,4,2016-07-31 23:59:59.999999999,2021-06-30 23:59:59.999999999,60,120,4,5,60
ME2 BM1,ff3,2016-07-31 23:59:59.999999999,2021-06-30 23:59:59.999999999,60,-0.00012643308839325508,0.001897920323904255,-0.06661664707460781,0.9468868927357811,12,0.9354679891332314,0.017932909134232008,-0.00012643308839325508,0.001897920323904255,-0.06661664707460781,0.9468868927357811,1.130382448010225,0.048073505571804155,23.513626363732698,2.9591348283164133e-122,1.206101936263852,0.1244658871378141,9.690220862913248,3.318103475819931e-22,-0.3226540875538096,0.07161735338265222,-4.505250086942834,6.629481973962021e-06,0.0005362201882288837,0.001449571120236427,0.644273383294685,0.0015181466678667733,0.0009346966062174024,-0.00031385868031933535,0.003350152016052882,0.9478348543215195,182.17760014401279,0.0,0.9752060272370929,5,2016-07-31 23:59:59.999999999,2021-06-30 23:59:59.999999999,60,120,5,5,60
SMALL HiBM,ff3,2016-07-31 23:59:59.999999999,2021-06-30 23:59:59.999999999,60,0.007764129581055245,0.0049817775698964804,1.5585058690640379,0.11911337781059733,12,0.736144686148239,0.04668116384782071,0.007764129581055245,0.0049817775698964804,1.5585058690640379,0.11911337781059733,0.8224928734170057,0.10620581026371527,7.744330290166871,9.60869388593071e-15,1.5581509727829932,0.36581455740336527,4.2594012218734605,2.0497525476645717e-05,0.6980486479667858,0.08704894353801951,8.01903641325533,1.0657791151719242e-15,0.0005362201882288837,0.001449571120236427,0.21130949818090589,0.0014732172756224213,0.001316730742580693,-0.001107574979835737,0.00405400953108058,0.8683968111022417,176.78607307469056,0.0,0.4963057408774889,6,2016-07-31 23:59:59.999999999,2021-06-30 23:59:59.999999999,60,120,6,4,60
BIG LoBM,ff3,2016-07-31 23:59:59.999999999,2021-06-30 23:59:59.999999999,60,0.0019258389888326948,0.000907356081156746,2.1224732261424117,0.033798018714663244,12,0.9702595515722389,0.007982675142418346,0.0019258389888326948,0.000907356081156746,2.1224732261424117,0.033798018714663244,1.046789217713923,0.012880498984616347,81.26930633387276,0.0,-0.15186377256654554,0.031687035669374315,-4.792615319120011,1.6462108911967107e-06,-0.34869685360527153,0.022704785463910027,-15.357857230562086,3.13775097930342e-53,0.0005362201882288837,0.001449571120236427,0.8798337137472089,0.0012464987925445113,0.0005083087631448,0.00025021361678070333,0.0022427839683083193,0.9929016472328912,149.57985510534135,0.0,0.28165015595552706,7,2016-07-31 23:59:59.999999999,2021-06-30 23:59:59.999999999,60,120,7,4,60
ME5 BM3,ff3,2016-07-31 23:59:59.999999999,2021-06-30 23:59:59.999999999,60,-4.916231585126113e-05,0.0015818174475250996,-0.03107963939086659,0.9752060272370928,12,0.91804865723163,0.013134954532421333,-4.916231585126113e-05,0.0015818174475250996,-0.03107963939086659,0.9752060272370928,0.8835686062413299,0.03799763100594555,23.25325508064112,1.3186555991077522e-119,-0.07371794652328961,0.039466485881163645,-1.8678619308863607,0.0617813184056689,0.31723021243711164,0.06895368004014904,4.600627729403287,4.212196347470903e-06,0.0005362201882288837,0.001449571120236427,0.8212914304920631,0.0011685535119190312,0.0006985584835444727,-0.0002006211158281355,0.002537728139666198,0.9528173504923502,140.22642143028375,0.0,0.9752060272370929,8,2016-07-31 23:59:59.999999999,2021-06-30 23:59:59.999999999,60,120,8,4,60
ME1 BM2,ff3,2016-07-31 23:59:59.999999999,2021-06-30 23:59:59.999999999,60,0.00224742721694751,0.002416212180708838,0.9301448088421556,0.3522961131547119,12,0.864997877339055,0.02514907476133316,0.00224742721694751,0.002416212180708838,0.9301448088421556,0.3522961131547119,0.8963545493144165,0.06004154037236735,14.92890661624234,2.1374209081103377e-50,1.3404835919787295,0.07988933610976338,16.779255621012815,3.461478186596512e-63,-0.044828490015232945,0.06444603994081047,-0.6955972788460707,0.486681070795422,0.0005362201882288837,0.001449571120236427,0.4321103602180149,0.0011541062904035578,0.0011168560810299307,-0.0010349316284151062,0.0033431442092222217,0.8492805725265762,138.49275484842693,0.0,0.8453359982680353,9,2016-07-31 23:59:59.999999999,2021-06-30 23:59:59.999999999,60,120,9,4,60
BIG HiBM,ff3,2016-07-31 23:59:59.999999999,2021-06-30 23:59:59.999999999,60,0.001911852465003465,0.0014359645876109751,1.3314064159369194,0.18305531944935272,12,0.9431236177860127,0.017830903001166302,0.001911852465003465,0.0014359645876109751,1.3314064159369194,0.18305531944935272,1.2205303345038454,0.0419528529044639,29.092904296241024,4.414185950154044e-186,0.14095017829906692,0.11958501588632668,1.1786608652797204,0.23853324479705706,0.8677693741391826,0.04211393788318369,20.60527743917501,2.4610532625706987e-94,0.0005362201882288837,0.001449571120236427,0.7345118371349366,0.0011473243627455553,0.0007587504315389265,-0.00033982648307074063,0.0026344752085618512,0.9347487769808044,137.67892352946663,0.0,0.6305589795452898,10,2016-07-31 23:59:59.999999999,2021-06-30 23:59:59.999999999,60,120,10,4,60
SMALL LoBM,ff3,2016-07-31 23:59:59.999999999,2021-06-30 23:59:59.999999999,60,0.0014217200310851176,0.0023291279292756905,0.6104087341940219,0.5415910837937292,12,0.8883158150082637,0.02737176645730466,0.0014217200310851176,0.0023291279292756905,0.6104087341940219,0.5415910837937292,1.060046486828546,0.09650750110858088,10.984083875883227,4.558398379967332e-28,1.7525340593354373,0.1415315928140922,12.382635032147668,3.24510534458047e-35,-0.30453002156181996,0.07627204875197412,-3.99268180866766,6.533020760154896e-05,0.0005362201882288837,0.001449571120236427,0.534799563500173,0.0008869543618722461,0.001062816023799271,-0.001196165044774325,0.0029700737685188173,0.798009469275706,106.43452342466952,0.0,0.8954566710888414,11,2016-07-31 23:59:59.999999999,2021-06-30 23:59:59.999999999,60,120,11,3,60
ME4 BM2,ff3,2016-07-31 23:59:59.999999999,2021-06-30 23:59:59.999999999,60,-0.00025757800892094147,0.0009745788461092038,-0.26429673694362055,0.7915512744563402,12,0.9410842467081042,0.013100793057257564,-0.00025757800892094147,0.0009745788461092038,-0.26429673694362055,0.7915512744563402,1.0562770239794261,0.05295102858754352,19.948187073138563,1.5542255836305373e-88,0.23094187190196022,0.042327835635224,5.456028366113222,4.869021805872258e-08,0.13769474629144515,0.04366772716756876,3.1532382201404925,0.00161469979374864,0.0005362201882288837,0.001449571120236427,0.8539294610695358,0.0006789489628026942,0.0005874385796457282,-0.00047243065330293316,0.0018303285789083214,0.8761141439852379,81.4738755363233,0.0,0.9418620697520111,12,2016-07-31 23:59:59.999999999,2021-06-30 23:59:59.999999999,60,120,12,3,60
ME4 BM5,ff3,2016-07-31 23:59:59.999999999,2021-06-30 23:59:59.999999999,60,-0.00140186960237678,0.002211491567048629,-0.6339023052426381,0.526144581059666,12,0.9454697038469431,0.01796671508038723,-0.00140186960237678,0.002211491567048629,-0.6339023052426381,0.526144581059666,1.1982715756571998,0.049389805900685535,24.261516193578878,4.998328726821519e-130,0.3735178559046328,0.06058447224192909,6.165240730546959,7.037599213730458e-10,0.873705395871829,0.04037487148125623,21.639831009182064,7.578046427033065e-104,0.0005362201882288837,0.001449571120236427,0.6492156860407607,0.000591917528862667,0.0008769243493938703,-0.0011268541959493189,0.002310689253674653,0.7501597965848645,71.03010346352004,0.0,0.8954566710888414,13,2016-07-31 23:59:59.999999999,2021-06-30 23:59:59.999999999,60,120,13,3,60
ME2 BM3,ff3,2016-07-31 23:59:59.999999999,2021-06-30 23:59:59.999999999,60,-0.001066865355168886,0.0014513060788442329,-0.735107067158775,0.46227429062526004,12,0.9694161133261562,0.011343343388740369,-0.001066865355168886,0.0014513060788442329,-0.735107067158775,0.46227429062526004,0.9909156792155693,0.03686152402985675,26.88211367530428,3.555090131849925e-159,0.8941342222038833,0.04946059617118434,18.077708143857844,4.775210723453919e-73,0.36567516623083035,0.04192420111245136,8.722293008040788,2.7262374706073446e-18,0.0005362201882288837,0.001449571120236427,0.7081210533176908,0.0005767371519616868,0.0008307499820987546,-0.0010515328129518723,0.0022050071168752457,0.7562331194511002,69.20845823540242,0.0,0.8954566710888414,14,2016-07-31 23:59:59.999999999,2021-06-30 23:59:59.999999999,60,120,14,3,60
ME3 BM2,ff3,2016-07-31 23:59:59.999999999,2021-06-30 23:59:59.999999999,60,8.687746958354267e-05,0.0011709169232786793,0.07419610038624896,0.940854348741308,12,0.9516505984131683,0.012441456005183057,8.687746958354267e-05,0.0011709169232786793,0.07419610038624896,0.940854348741308,1.0158391181766198,0.03147092769965332,32.278651836113816,1.394539301865425e-228,0.5576530405437283,0.043386987840944774,12.853001978106096,8.273606898666813e-38,0.12480842805757363,0.029560373008489037,4.222153354483437,2.4197937539857176e-05,0.0005362201882288837,0.001449571120236427,0.8507190214904755,0.0005586293794986637,0.0005738364223832585,-0.0005660900083725228,0.0016833487673698503,0.8348474064128436,67.03552553983964,0.0,0.9752060272370929,15,2016-07-31 23:59:59.999999999,2021-06-30 23:59:59.999999999,60,120,15,3,60
ME5 BM2,ff3,2016-07-31 23:59:59.999999999,2021-06-30 23:59:59.999999999,60,0.000956684922915325,0.0014154262952618762,0.6758987918465392,0.49910490485284775,12,0.9454843626606999,0.009487000402145104,0.000956684922915325,0.0014154262952618762,0.6758987918465392,0.49910490485284775,0.888792430196443,0.029522867857479346,30.105219942962815,4.1400561002914263e-199,-0.19366588755853006,0.035308100049485,-5.485027154876742,4.1340590909243985e-08,0.05304599260437799,0.049686173921087304,1.067620797057685,0.2856915985316081,0.0005362201882288837,0.001449571120236427,0.793533263673589,0.0005012041464501113,0.0006643714868894583,-0.0008009639678532271,0.0018033722607534496,0.7746965017997782,60.14449757401335,0.0,0.8954566710888414,16,2016-07-31 23:59:59.999999999,2021-06-30 23:59:59.999999999,60,120,16,2,60
ME4 BM3,ff3,2016-07-31 23:59:59.999999999,2021-06-30 23:59:59.999999999,60,-0.0002075544627294036,0.0009600499474635774,-0.21619131720985577,0.8288386213817698,12,0.9445036834603657,0.013057825297784395,-0.0002075544627294036,0.0009600499474635774,-0.21619131720985577,0.8288386213817698,1.0275499447812202,0.028951038960237947,35.492679423093655,6.375288119324026e-276,0.12976534865123934,0.047081238482978245,2.756200831423641,0.005847707983477715,0.3927262993456843,0.04366219135013946,8.994653891654247,2.3697770042321317e-19,0.0005362201882288837,0.001449571120236427,0.8387998858452645,0.0004964682697540209,0.0006339620605918142,-0.0007460973690059348,0.0017390339085139766,0.7832216303114212,59.57619237048251,0.0,0.9418620697520111,17,2016-07-31 23:59:59.999999999,2021-06-30 23:59:59.999999999,60,120,17,2,60
ME3 BM1,ff3,2016-07-31 23:59:59.999999999,2021-06-30 23:59:59.999999999,60,-0.003384943196600706,0.002057875215302003,-1.6448729113557787,0.0999960222443131,12,0.9237243242124807,0.018061400892860343,-0.003384943196600706,0.002057875215302003,-1.6448729113557787,0.0999960222443131,1.169178964364633,0.031448782452292996,37.177240999337506,1.5917970359287656e-302,0.8295979366496885,0.1693712552958245,4.898103489879138,9.67660692968848e-07,-0.36274881471148324,0.05863174766936443,-6.186900939011621,6.135849547184472e-10,0.0005362201882288837,0.001449571120236427,0.6037329628991803,0.00020906860917474057,0.0009751221284390896,-0.001702170762565875,0.002120307980915356,0.5848833986768628,25.088233100968868,0.0,0.4963057408774889,18,2016-07-31 23:59:59.999999999,2021-06-30 23:59:59.999999999,60,120,18,2,60
ME2 BM5,ff3,2016-07-31 23:59:59.999999999,2021-06-30 23:59:59.999999999,60,-0.0005939258759426723,0.0024774297617965366,-0.2397346980735309,0.810535934019368,12,0.948356306147759,0.018283937521809283,-0.0005939258759426723,0.0024774297617965366,-0.2397346980735309,0.810535934019368,1.1958809527844287,0.1200414721722971,9.962231644976539,2.2299988452928986e-23,0.8557477862508297,0.06751980836571993,12.674025696513917,8.237585843903517e-37,0.7086724700959155,0.049341848887180136,14.36250335321425,8.895499766423133e-47,0.0005362201882288837,0.001449571120236427,0.6447754567862393,0.0001869162388603591,0.0008643363987311606,-0.0015071831026527156,0.0018810155803734338,0.585605134253117,22.429948663243092,0.0,0.9418620697520111,19,2016-07-31 23:59:59.999999999,2021-06-30 23:59:59.999999999,60,120,19,2,60
ME1 BM3,ff3,2016-07-31 23:59:59.999999999,2021-06-30 23:59:59.999999999,60,0.0007238738664240514,0.0017644125860807889,0.41026337724781264,0.6816127540884307,12,0.9546591456425791,0.014000634105143323,0.0007238738664240514,0.0017644125860807889,0.41026337724781264,0.6816127540884307,0.9319877364373073,0.05111182400454832,18.234288339120354,2.758206874778874e-74,1.103820404084731,0.07089791105856856,15.56915270991367,1.1795940094184271e-54,0.28417512329785527,0.025635128186782808,11.085379453821997,1.4772274401696226e-28,0.0005362201882288837,0.001449571120236427,0.6957721649465665,5.859839611563886e-05,0.0008044571012593757,-0.0015181375223527376,0.001635334314584015,0.5290341409893567,7.0318075338766635,0.0,0.9418620697520111,20,2016-07-31 23:59:59.999999999,2021-06-30 23:59:59.999999999,60,120,20,2,60
ME3 BM3,ff3,2016-07-31 23:59:59.999999999,2021-06-30 23:59:59.999999999,60,-0.000647019499824755,0.0013335046781322573,-0.48520227220424006,0.6275328704245877,12,0.9360243858162953,0.014303071336553931,-0.000647019499824755,0.0013335046781322573,-0.48520227220424006,0.6275328704245877,0.9584525642152852,0.07112459766666372,13.47568345774298,2.1746230485473036e-41,0.44293718387457587,0.05733569422250781,7.725330439980887,1.1156355487767471e-14,0.36694502555795766,0.04377613195619799,8.382308101709844,5.189976590231771e-17,0.0005362201882288837,0.001449571120236427,0.7206698674065054,-3.2400073558015935e-05,0.0008344039353104084,-0.0016678317867664164,0.0016030316396503845,0.4845128825405424,-3.8880088269619124,3.8880088269619124,0.9228424565067467,21,2016-07-31 23:59:59.999999999,2021-06-30 23:59:59.999999999,60,120,21,1,60
ME2 BM4,ff3,2016-07-31 23:59:59.999999999,2021-06-30 23:59:59.999999999,60,-0.002022383793398666,0.0015843196259998755,-1.2764998679621389,0.20177887345449275,12,0.9598879054642095,0.013672507187636249,-0.002022383793398666,0.0015843196259998755,-1.2764998679621389,0.20177887345449275,0.9183201410422596,0.0655381210839828,14.01199982320965,1.3164504996668116e-44,0.9054018310416186,0.07256328731602431,12.477409231729732,9.916088118548324e-36,0.6449349565322007,0.04292336646932285,15.025265014875592,5.0160330375625523e-51,0.0005362201882288837,0.001449571120236427,0.8156169014463969,-0.0011904124872137848,0.0006224486852418603,-0.0024104119102878307,2.9586935860261314e-05,0.027908169205241598,-142.84949846565416,142.84949846565416,0.6305589795452898,22,2016-07-31 23:59:59.999999999,2021-06-30 23:59:59.999999999,60,120,22,1,60
ME4 BM4,ff3,2016-07-31 23:59:59.999999999,2021-06-30 23:59:59.999999999,60,-0.004827335799020104,0.0025018816172043485,-1.9294821009214111,0.05367104003970161,12,0.921554331769332,0.019024461266448314,-0.004827335799020104,0.0025018816172043485,-1.9294821009214111,0.05367104003970161,1.1414967623643222,0.06278246625487154,18.181776385309632,7.196443890611713e-74,0.28416054294779064,0.0980976311203658,2.8967115688973735,0.003770962781186808,0.6129917640474069,0.11139319119141627,5.502955409492234,3.734769064041174e-08,0.0005362201882288837,0.001449571120236427,0.6101617474283136,-0.0015503903226426446,0.001102300138876628,-0.0037108985948408352,0.0006101179495555463,0.07978715544532927,-186.04683871711734,186.04683871711734,0.3354440002481351,23,2016-07-31 23:59:59.999999999,2021-06-30 23:59:59.999999999,60,120,23,1,60
ME5 BM4,ff3,2016-07-31 23:59:59.999999999,2021-06-30 23:59:59.999999999,60,-0.003750679761270362,0.0014107146133573005,-2.658709086697753,0.0078440661585263,12,0.9494433005057294,0.011976148899971312,-0.003750679761270362,0.0014107146133573005,-2.658709086697753,0.0078440661585263,0.9516090402915411,0.03423476518846301,27.796569804200963,4.772285376041473e-170,-0.08580782312398944,0.05277589251086991,-1.6258905163245918,0.10397294794658389,0.5658351839763368,0.04245859702277219,13.326751792407496,1.6178997448297991e-40,0.0005362201882288837,0.001449571120236427,0.7418975340908377,-0.001756339587489968,0.000799315161917439,-0.0033229973048481483,-0.0001896818701317875,0.013999318187503846,-210.76075049879614,210.76075049879614,0.09805082698157874,24,2016-07-31 23:59:59.999999999,2021-06-30 23:59:59.999999999,60,120,24,1,60
ME3 BM5,ff3,2016-07-31 23:59:59.999999999,2021-06-30 23:59:59.999999999,60,-0.0043516899117056595,0.0012093767917908454,-3.598291236647328,0.00032031481572075547,12,0.957624478751665,0.01684613862086004,-0.0043516899117056595,0.0012093767917908454,-3.598291236647328,0.00032031481572075547,1.1848717567794258,0.028174732263762305,42.054410515317684,0.0,0.7613404976710401,0.07133793040708616,10.672309854329812,1.371732868413487e-26,0.8721440563378577,0.07043999607220955,12.381375709388232,3.2964336596181516e-35,0.0005362201882288837,0.001449571120236427,0.8482071894770778,-0.0026718534812375967,0.0006374203027487736,-0.003921197274625193,-0.0014225096878500005,1.3845628081784289e-05,-320.6224177485116,320.6224177485116,0.008007870393018887,25,2016-07-31 23:59:59.999999999,2021-06-30 23:59:59.999999999,60,120,25,1,60
ME3 BM1,ff3,1931-07-31 23:59:59.999999999,1941-06-30 23:59:59.999999999,120,0.0015773837929515698,0.002305334263128833,0.6842321385579554,0.4938285910255281,12,0.9357890409415408,0.035617310424881594,0.0015773837929515698,0.002305334263128833,0.6842321385579554,0.4938285910255281,1.109706445650095,0.040963615248526916,27.09005147415549,1.2897386494558954e-161,0.8945209255165653,0.08397158356845041,10.652662335317116,1.6944832169654797e-26,-0.08289193219885306,0.06263390451193807,-1.3234354914446345,0.18569059553587142,0.001762349784099676,0.0025950719463737094,0.7758545734966081,0.005322087102673928,0.0013710620073991223,0.0026348055681716487,0.008009368637176207,0.9999481411591568,638.6504523208714,0.0,0.8705550835674242,1,1931-07-31 23:59:59.999999999,1941-06-30 23:59:59.999999999,120,120,1,5,120
ME1 BM4,ff3,1931-07-31 23:59:59.999999999,1941-06-30 23:59:59.999999999,120,0.001613891907732538,0.0036874204591721945,0.4376750429200709,0.6616218635112423,12,0.9489701698984719,0.04248458285575719,0.001613891907732538,0.0036874204591721945,0.4376750429200709,0.6616218635112423,0.9566437122925856,0.039269975786429746,24.360690149016246,4.466453739877056e-131,1.6132842351212373,0.21934018417346718,7.355169510778548,1.9068497873092535e-13,0.5010719696162764,0.04861360191925216,10.307238094567928,6.535247065796564e-25,0.001762349784099676,0.0025950719463737094,0.5432994629383205,0.004970328325378127,0.0017945558065266599,0.0014529989445858735,0.00848765770617038,0.997194348886999,596.4393990453752,0.0,0.8705550835674242,2,1931-07-31 23:59:59.999999999,1941-06-30 23:59:59.999999999,120,120,2,5,120
ME3 BM2,ff3,1931-07-31 23:59:59.999999999,1941-06-30 23:59:59.999999999,120,0.004155835387575068,0.0018403191029541942,2.2582145568688947,0.02393228614731219,12,0.9505289897640399,0.028111125556289213,0.004155835387575068,0.0018403191029541942,2.2582145568688947,0.02393228614731219,1.1251862013837994,0.042463820408301205,26.49752637809852,1.0349884640875838e-154,0.5059283715393765,0.04408544304753741,11.476086811554396,1.7397783992530778e-30,-0.0974081006360981,0.04414031965059438,-2.206782855383931,0.0273292334013741,0.001762349784099676,0.0025950719463737094,0.7779707695201147,0.0041962349877524875,0.0013010266868462817,0.0016462226815337753,0.0067462472939712,0.9993708531545455,503.5481985302985,0.0,0.19943571789426826,3,1931-07-31 23:59:59.999999999,1941-06-30 23:59:59.999999999,120,120,3,5,120
ME5 BM3,ff3,1931-07-31 23:59:59.999999999,1941-06-30 23:59:59.999999999,120,-0.0009092169702365538,0.0029564646406419104,-0.30753520868734074,0.7584360279559261,12,0.9615189514676236,0.02329231046613543,-0.0009092169702365538,0.0029564646406419104,-0.30753520868734074,0.7584360279559261,1.0205702834501833,0.04423569457408524,23.07119382382362,9.01421347299457e-118,-0.31497883392273346,0.07699449284925182,-4.09092679575711,4.296527454518822e-05,0.3628895845166777,0.06425961527867964,5.647241785418514,1.63042453406438e-08,0.001762349784099676,0.0025950719463737094,0.7753752873161639,0.003753330667131297,0.0012801808266315704,0.001244176246933419,0.006262485087329175,0.9983153905081379,450.3996800557556,0.0,0.9029000332808644,4,1931-07-31 23:59:59.999999999,1941-06-30 23:59:59.999999999,120,120,4,5,120
ME3 BM3,ff3,1931-07-31 23:59:59.999999999,1941-06-30 23:59:59.999999999,120,0.004639468991737757,0.0012382448371317564,3.7468106893015785,0.0001790971440661291,12,0.9673999011493598,0.02489803697594386,0.004639468991737757,0.0012382448371317564,3.7468106893015785,0.0001790971440661291,1.136011829705096,0.052644630812815514,21.578873517877376,2.8369546795606945e-103,0.44941015960620734,0.0708975108716024,6.338870773899286,2.3145526381028023e-10,0.1485863419349617,0.050272658264862116,2.955609412021396,0.0031205199442906136,0.001762349784099676,0.0025950719463737094,0.8802802519469368,0.0032440560104798222,0.0009214200177891222,0.0014380727756131428,0.005050039245346502,0.9997848064207581,389.2867212575787,0.0,0.0022387143008266138,5,1931-07-31 23:59:59.999999999,1941-06-30 23:59:59.999999999,120,120,5,5,120
ME4 BM1,ff3,1931-07-31 23:59:59.999999999,1941-06-30 23:59:59.999999999,120,0.002120335784934315,0.002001894025921124,1.059164849627189,0.2895247102038808,12,0.9560651300393767,0.02075086755012004,0.002120335784934315,0.002001894025921124,1.059164849627189,0.2895247102038808,1.003281378369015,0.02746835598268425,36.524988208303135,4.4501116013587e-292,0.15355594891154742,0.03744531793827085,4.100805050305265,4.117153052027459e-05,-0.17555845124111946,0.03260048623444475,-5.3851482452930215,7.238496368533794e-08,0.001762349784099676,0.0025950719463737094,0.8314234511544062,0.0028599126539996444,0.0011163927211003362,0.0006717829206429856,0.005048042387356303,0.9947926012680505,343.1895184799573,0.0,0.8705550835674242,6,1931-07-31 23:59:59.999999999,1941-06-30 23:59:59.999999999,120,120,6,4,120
ME4 BM2,ff3,1931-07-31 23:59:59.999999999,1941-06-30 23:59:59.999999999,120,0.00285728685879228,0.0030662213526511444,0.9318592919985331,0.35140924780224925,12,0.9566356676824016,0.02475142073080569,0.00285728685879228,0.0030662213526511444,0.9318592919985331,0.35140924780224925,1.0693442094281087,0.059198057187923044,18.063839595841753,6.139948325188042e-73,0.21395573863204304,0.07935382528712928,2.696224635143649,0.007013035486570911,0.0449903466261718,0.059040856752690586,0.7620205583165343,0.44604773431825395,0.001762349784099676,0.0025950719463737094,0.6023672865900664,0.0028395011797328444,0.0017703089642449434,-0.0006303043901872444,0.006309306749652933,0.9456383417651879,340.74014156794135,0.0,0.8705550835674242,7,1931-07-31 23:59:59.999999999,1941-06-30 23:59:59.999999999,120,120,7,4,120
ME5 BM4,ff3,1931-07-31 23:59:59.999999999,1941-06-30 23:59:59.999999999,120,-0.004108481818283007,0.003547440317778863,-1.1581538941451242,0.2468012397134003,12,0.9508890718165083,0.032433459895305015,-0.004108481818283007,0.003547440317778863,-1.1581538941451242,0.2468012397134003,1.1457056728289932,0.05827954374629801,19.658796194707165,4.861256019018226e-86,-0.07359989987274063,0.05951365776227979,-1.2366892347085545,0.21620247684949967,0.5082187037155395,0.07672952822692013,6.6235087776446635,3.507710864291317e-11,0.001762349784099676,0.0025950719463737094,0.7110415676401686,0.002444713140276211,0.0014323447350661942,-0.0003626825404535296,0.005252108821005952,0.9560695495174916,293.3655768331453,0.0,0.8705550835674242,8,1931-07-31 23:59:59.999999999,1941-06-30 23:59:59.999999999,120,120,8,4,120
ME2 BM3,ff3,1931-07-31 23:59:59.999999999,1941-06-30 23:59:59.999999999,120,0.00047554124453134256,0.001978647147819721,0.24033655776136909,0.810069356385923,12,0.9614409959459855,0.031195188052840044,0.00047554124453134256,0.001978647147819721,0.24033655776136909,0.810069356385923,1.1063170659858546,0.062316609824423136,17.75316515296483,1.629082225681465e-70,0.9633008365203921,0.11687568044909664,8.242098209130363,1.6921657764415678e-16,0.24050929981911418,0.0699655411990077,3.4375393328984245,0.0005870254553204878,0.001762349784099676,0.0025950719463737094,0.7334261612306796,0.0024072712241514737,0.0013569182019780943,-0.0002522884517255912,0.005066830900028539,0.961974417959743,288.87254689817684,0.0,0.920533359529458,9,1931-07-31 23:59:59.999999999,1941-06-30 23:59:59.999999999,120,120,9,4,120
ME2 BM4,ff3,1931-07-31 23:59:59.999999999,1941-06-30 23:59:59.999999999,120,0.0033953401972211545,0.0018620502475970363,1.8234417688796631,0.06823650899602322,12,0.9672912748689694,0.030466755038450494,0.0033953401972211545,0.0018620502475970363,1.8234417688796631,0.06823650899602322,1.0049334972950883,0.05586876931794234,17.98739276994155,2.4459844495664923e-72,1.0046360399560423,0.1268231134522223,7.92155319806524,2.3456186048834997e-15,0.547310466703132,0.08071790222524995,6.78053382972983,1.197326356108701e-11,0.001762349784099676,0.0025950719463737094,0.815949764052828,0.0023134603082572125,0.0011259108526054213,0.00010667503715058695,0.004520245579363838,0.9800482058101038,277.61523699086547,0.0,0.42647818122514514,10,1931-07-31 23:59:59.999999999,1941-06-30 23:59:59.999999999,120,120,10,4,120
BIG HiBM,ff3,1931-07-31 23:59:59.999999999,1941-06-30 23:59:59.999999999,120,0.00993139970204788,0.007879210812148414,1.2604561470465212,0.20750485798009166,12,0.8899790967930428,0.06268776306329704,0.00993139970204788,0.007879210812148414,1.2604561470465212,0.20750485798009166,1.1503538772277822,0.07428522457495454,15.485635048017706,4.337581669558449e-54,-0.4189219568324198,0.19245633133273052,-2.176711745108356,0.029502081422289494,1.1972753512397059,0.08874450183800023,13.491262291666105,1.7606015245353885e-41,0.001762349784099676,0.0025950719463737094,0.3246041551961909,0.0023028675763782534,0.0021583862654115434,-0.0019275695038283719,0.006533304656584879,0.8570004231637243,276.3441091653904,0.0,0.8705550835674242,11,1931-07-31 23:59:59.999999999,1941-06-30 23:59:59.999999999,120,120,11,3,120
ME4 BM5,ff3,1931-07-31 23:59:59.999999999,1941-06-30 23:59:59.999999999,120,-0.0034511314281675735,0.004817484383502405,-0.716376256451616,0.47375905187588696,12,0.9565113154362334,0.0413278221797964,-0.0034511314281675735,0.004817484383502405,-0.716376256451616,0.47375905187588696,1.2537112158995498,0.0695179373248937,18.034355795689123,1.0470858008300139e-72,0.266639026177071,0.08299341229895524,3.2127733851524938,0.0013145996967988398,1.0125478655295892,0.10710385467547633,9.453888177952136,3.2647295197292342e-21,0.001762349784099676,0.0025950719463737094,0.5175000347539412,0.0021767812063151013,0.0018903971666715045,-0.0015283972403610474,0.0058819596529912505,0.8752354918588947,261.21374475781215,0.0,0.8705550835674242,12,1931-07-31 23:59:59.999999999,1941-06-30 23:59:59.999999999,120,120,12,3,120
SMALL HiBM,ff3,1931-07-31 23:59:59.999999999,1941-06-30 23:59:59.999999999,120,-0.0002784973106248865,0.0030650734049151485,-0.09086154679959328,0.9276026049671894,12,0.95580018914343,0.0441901084136908,-0.0002784973106248865,0.0030650734049151485,-0.09086154679959328,0.9276026049671894,0.8199471980122527,0.0842703608418629,9.72995949965042,2.246823974762086e-22,1.590687539474714,0.10373735192968188,15.333797420942052,4.546141168306305e-53,1.0818365642320706,0.1429129819491796,7.569897076367603,3.7352004628835055e-14,0.001762349784099676,0.0025950719463737094,0.6157941620020412,0.0020261977668095013,0.0016496584332014504,-0.0012071327622653416,0.005259528295884344,0.8903239784015821,243.14373201714014,0.0,0.966252713507489,13,1931-07-31 23:59:59.999999999,1941-06-30 23:59:59.999999999,120,120,13,3,120
ME1 BM3,ff3,1931-07-31 23:59:59.999999999,1941-06-30 23:59:59.999999999,120,0.0019866728561452537,0.0030833046434097632,0.6443323271320452,0.519359957151198,12,0.9097257583783573,0.05993924313688535,0.0019866728561452537,0.0030833046434097632,0.6443323271320452,0.519359957151198,1.155463923252977,0.12352940213723211,9.353756298191595,8.458900229213405e-21,1.3865234487305396,0.19175559915946755,7.230680380693764,4.805801968485667e-13,0.47332141223194646,0.1147728682258906,4.123983477526913,3.7237561794899374e-05,0.001762349784099676,0.0025950719463737094,0.5219104512329911,0.0018510002041227022,0.0018290667993006114,-0.0017339707225064963,0.005435971130751901,0.8442289608524833,222.12002449472425,0.0,0.8705550835674242,14,1931-07-31 23:59:59.999999999,1941-06-30 23:59:59.999999999,120,120,14,3,120
ME5 BM2,ff3,1931-07-31 23:59:59.999999999,1941-06-30 23:59:59.999999999,120,0.0013024093249369303,0.001343807633043399,0.9691932780492462,0.33244876429195935,12,0.9731657378114601,0.016234977639720014,0.0013024093249369303,0.001343807633043399,0.9691932780492462,0.33244876429195935,1.0252845461239777,0.03192693873811426,32.11346238153415,2.86040703144397e-226,-0.1831574292927373,0.02852830226571265,-6.420200809245805,1.3609469968051908e-10,-0.04419784882918983,0.051291711183569115,-0.8616957361981765,0.38885497253241996,0.001762349784099676,0.0025950719463737094,0.9202939216211657,0.0018458885542279005,0.0008052624302198822,0.0002675741909969314,0.0034242029174588696,0.9890553113797674,221.50662650734807,0.0,0.8705550835674242,15,1931-07-31 23:59:59.999999999,1941-06-30 23:59:59.999999999,120,120,15,3,120
ME4 BM4,ff3,1931-07-31 23:59:59.999999999,1941-06-30 23:59:59.999999999,120,0.0038124799569352616,0.0031794962849966304,1.199083004098966,0.23049567204322052,12,0.9507036619803183,0.03286053397010824,0.0038124799569352616,0.0031794962849966304,1.199083004098966,0.23049567204322052,1.0903223692476636,0.05641030160692834,19.328426514098794,3.0972036531520017e-83,0.13623182798569888,0.10283668208932692,1.3247396280965578,0.18525752470375945,0.5352334604061643,0.168647395654809,3.173683520744615,0.001505177128156513,0.001762349784099676,0.0025950719463737094,0.6512597412971497,0.0017083861861030463,0.0015796403151201307,-0.0013877088315324099,0.004804481203738503,0.8602633493497253,205.00634233236556,0.0,0.8705550835674242,16,1931-07-31 23:59:59.999999999,1941-06-30 23:59:59.999999999,120,120,16,2,120
ME4 BM3,ff3,1931-07-31 23:59:59.999999999,1941-06-30 23:59:59.999999999,120,1.5826373142580735e-07,0.0021008668615587044,7.533258500178641e-05,0.9999398932935586,12,0.951144209080236,0.029143034273696196,1.5826373142580735e-07,0.0021008668615587044,7.533258500178641e-05,0.9999398932935586,1.0693338192980764,0.032877871053983224,32.52442402801274,4.815965907117606e-232,0.3169076497334531,0.07119289362200473,4.451394424506175,8.531447480558376e-06,0.21454656003942887,0.06414247161154014,3.3448439801129974,0.0008232886894610964,0.001762349784099676,0.0025950719463737094,0.7387004985337016,0.0016667082368262843,0.0013756176604525147,-0.0010295023776606446,0.004362918851313213,0.8871686079414653,200.0049884191541,0.0,0.9999398932935586,17,1931-07-31 23:59:59.999999999,1941-06-30 23:59:59.999999999,120,120,17,2,120
ME3 BM4,ff3,1931-07-31 23:59:59.999999999,1941-06-30 23:59:59.999999999,120,0.0009722555738645353,0.0017834054275921698,0.545168002083075,0.5856379764619049,12,0.9536871755720306,0.033005991808985495,0.0009722555738645353,0.0017834054275921698,0.545168002083075,0.5856379764619049,1.0613680252099853,0.07894639053700846,13.444161512519532,3.3316078413260027e-41,0.549538292584725,0.1238365693216185,4.437609145627313,9.096360012293784e-06,0.4638054921461557,0.12920070463319588,3.589806212457675,0.00033092388584847173,0.001762349784099676,0.0025950719463737094,0.7912979146714916,0.0014809839544218447,0.001204507577919617,-0.0008798508983006044,0.0038418188071442936,0.8905643161491381,177.71807453062138,0.0,0.8705550835674242,18,1931-07-31 23:59:59.999999999,1941-06-30 23:59:59.999999999,120,120,18,2,120
ME3 BM5,ff3,1931-07-31 23:59:59.999999999,1941-06-30 23:59:59.999999999,120,-0.0011469172080738773,0.002303016771373789,-0.4980064506389685,0.6184794955643078,12,0.9419233240466347,0.04475264410660244,-0.0011469172080738773,0.002303016771373789,-0.4980064506389685,0.6184794955643078,1.1626738830633232,0.08285778461527563,14.032162318384906,9.908375480253953e-45,0.6251105007997197,0.18526516740021418,3.374139400146069,0.000740468597231294,0.7594299447086907,0.12722692772487737,5.96909756675823,2.3856942516769726e-09,0.001762349784099676,0.0025950719463737094,0.7349537215369735,0.0014406429517297222,0.0013365897502071538,-0.0011790729586762991,0.004060358862135743,0.8594495972019853,172.8771542075667,0.0,0.8705550835674242,19,1931-07-31 23:59:59.999999999,1941-06-30 23:59:59.999999999,120,120,19,2,120
ME2 BM5,ff3,1931-07-31 23:59:59.999999999,1941-06-30 23:59:59.999999999,120,-0.0012064018890012994,0.0024260251370705915,-0.4972750985004308,0.6189950694006903,12,0.9661053395115554,0.03559274023057645,-0.0012064018890012994,0.0024260251370705915,-0.4972750985004308,0.6189950694006903,0.9087284906046563,0.07038253844012957,12.911277580271705,3.887962692478528e-38,0.8543825269761113,0.13770348956523235,6.204508902959765,5.48679675253053e-10,1.1620074053048712,0.06946284782879751,16.72847344480934,8.129531310956515e-63,0.001762349784099676,0.0025950719463737094,0.7404167405222993,0.0004877071784258301,0.0013962168589908542,-0.002248877865196244,0.003224292222047904,0.6365702705833418,58.52486141109961,0.0,0.8705550835674242,20,1931-07-31 23:59:59.999999999,1941-06-30 23:59:59.999999999,120,120,20,2,120
SMALL LoBM,ff3,1931-07-31 23:59:59.999999999,1941-06-30 23:59:59.999999999,120,-0.004573989133577747,0.010354954376520132,-0.4417198731410416,0.658691927020673,12,0.6358569644842941,0.16803872839790848,-0.004573989133577747,0.010354954376520132,-0.4417198731410416,0.658691927020673,1.0215142538646194,0.185126725758301,5.5179188724932935,3.430377163662889e-08,1.1449413065847123,0.6590402253607761,1.7372859235685363,0.0823367149363983,1.3326679868313374,0.3985551621093229,3.3437479012398015,0.0008265480985479957,0.001762349784099676,0.0025950719463737094,0.10920144475186246,0.00017855241154251622,0.002597361216806292,-0.004912275573397816,0.005269380396482849,0.5274032128639797,21.426289385101946,0.0,0.8705550835674242,21,1931-07-31 23:59:59.999999999,1941-06-30 23:59:59.999999999,120,120,21,1,120
ME2 BM1,ff3,1931-07-31 23:59:59.999999999,1941-06-30 23:59:59.999999999,120,-0.0017101765648063678,0.002550291703680847,-0.6705807662464895,0.5024876386884943,12,0.9015331937347528,0.04609576984166956,-0.0017101765648063678,0.002550291703680847,-0.6705807662464895,0.5024876386884943,0.9978227209302039,0.08256643030905175,12.08508975373267,1.2663180616854914e-33,1.3233404590117954,0.16452408212422945,8.043445323782828,8.734718946666339e-16,-0.144017987338874,0.07768819301158837,-1.8537950460167292,0.06376848750774454,0.001762349784099676,0.0025950719463737094,0.6221768030794834,-0.0001079775548220932,0.00163530410579956,-0.0033131736021892308,0.0030972184925450444,0.4736773539731484,-12.957306578651185,12.957306578651185,0.8705550835674242,22,1931-07-31 23:59:59.999999999,1941-06-30 23:59:59.999999999,120,120,22,1,120
ME2 BM2,ff3,1931-07-31 23:59:59.999999999,1941-06-30 23:59:59.999999999,120,0.0003729625365411071,0.003030264787116317,0.12307919034891615,0.9020443896737039,12,0.9529320631419375,0.0337608341789543,0.0003729625365411071,0.003030264787116317,0.12307919034891615,0.9020443896737039,1.0681206060901542,0.04862783371662669,21.965210548232697,6.196932964826253e-107,1.2210048446151203,0.13569338098744688,8.998263848463445,2.2931516109914274e-19,0.05347800103804453,0.07930955827626793,0.6742945264145663,0.5001240832568461,0.001762349784099676,0.0025950719463737094,0.7270225171890998,-0.0009741201163041935,0.00136688393594845,-0.0036532126307631555,0.0017049723981547686,0.23802885444451982,-116.89441395650321,116.89441395650321,0.966252713507489,23,1931-07-31 23:59:59.999999999,1941-06-30 23:59:59.999999999,120,120,23,1,120
BIG LoBM,ff3,1931-07-31 23:59:59.999999999,1941-06-30 23:59:59.999999999,120,0.000358968253880565,0.0009533684796180415,0.3765262451558944,0.7065257077897624,12,0.9878018833663403,0.010138254242195943,0.000358968253880565,0.0009533684796180415,0.3765262451558944,0.7065257077897624,1.008456188902833,0.02115537651961129,47.66902578963706,0.0,-0.003159644863674239,0.014080066613531431,-0.22440553375207126,0.8224417651746626,-0.22661096032871386,0.021908913515194504,-10.343322601166516,4.487049741567762e-25,0.001762349784099676,0.0025950719463737094,0.9522582266147728,-0.001004733427072258,0.0005959948958531385,-0.0021728834229444095,0.00016341656879989347,0.04591631825573744,-120.56801124867097,120.56801124867097,0.883157134737203,24,1931-07-31 23:59:59.999999999,1941-06-30 23:59:59.999999999,120,120,24,1,120
ME1 BM2,ff3,1931-07-31 23:59:59.999999999,1941-06-30 23:59:59.999999999,120,-0.023533838786830522,0.005867587168866791,-4.010820480298995,6.0508106044599734e-05,12,0.8335319569652319,0.08871450152546358,-0.023533838786830522,0.005867587168866791,-4.010820480298995,6.0508106044599734e-05,1.171879080806544,0.09390733052067146,12.479101198053785,9.707626445370152e-36,2.149559724234876,0.3936851662733366,5.460098343513485,4.758709121732325e-08,0.0017597756067241994,0.14526979353050037,0.012113843931049043,0.9903347873433032,0.001762349784099676,0.0025950719463737094,0.3652679249511188,-0.005371036126045295,0.0022704077111513903,-0.00982103523990202,-0.00092103701218857,0.008998731560578116,-644.5243351254354,644.5243351254354,0.0015127026511149934,25,1931-07-31 23:59:59.999999999,1941-06-30 23:59:59.999999999,120,120,25,1,120
ME2 BM2,ff3,1941-07-31 23:59:59.999999999,1951-06-30 23:59:59.999999999,120,0.0024307849313608353,0.0010710355826737345,2.2695650552455233,0.02323398587748168,12,0.9384959226287842,0.012657276789296136,0.0024307849313608353,0.0010710355826737345,2.2695650552455233,0.02323398587748168,0.9512314494636951,0.05452149148698396,17.446908063598823,3.6337798274422706e-68,0.9232632437306173,0.06747080090904127,13.683893347809622,1.2672174473495124e-42,-0.10592469961105418,0.04166535126337109,-2.542273049409639,0.011013409864526175,0.0001000791918588648,0.0008753536594356824,0.637834608739803,0.0016402823292009365,0.000531859944267031,0.000597836838437556,0.002682727819964317,0.9989789814926023,196.8338795041124,0.0,0.580849646937042,1,1941-07-31 23:59:59.999999999,1951-06-30 23:59:59.999999999,120,120,1,5,120
ME5 BM3,ff3,1941-07-31 23:59:59.999999999,1951-06-30 23:59:59.999999999,120,0.002057274151775867,0.0013410456903530591,1.5340820723522444,0.1250094631560423,12,0.871104003854987,0.013828364891918845,0.002057274151775867,0.0013410456903530591,1.5340820723522444,0.1250094631560423,0.8738449052754639,0.047455723607795965,18.413899079855348,1.0163496180505798e-75,-0.16787369572770083,0.08286485747546225,-2.0258732210745816,0.042777778074597116,0.2162311347340524,0.04518569243496551,4.785389424877526,1.7065611998653128e-06,0.0001000791918588648,0.0008753536594356824,0.4879493290606925,0.0011698188217913292,0.0006305009488547713,-6.59630379640226e-05,0.002405600681546681,0.9682290060760317,140.37825861495952,0.0,0.796709477560429,2,1941-07-31 23:59:59.999999999,1951-06-30 23:59:59.999999999,120,120,2,5,120
ME2 BM5,ff3,1941-07-31 23:59:59.999999999,1951-06-30 23:59:59.999999999,120,0.0014931819705572644,0.001416864183836165,1.0538638689521171,0.2919452469807947,12,0.9457800724957479,0.018195459786592764,0.0014931819705572644,0.001416864183836165,1.0538638689521171,0.2919452469807947,1.103831214757494,0.035568715242718034,31.03376681516437,1.8893075728461588e-211,0.901421215127473,0.07450240361430663,12.0992232652528,1.0661516135222006e-33,0.9748410184275098,0.06472603650744897,15.061033720415132,2.921824449730615e-51,0.0001000791918588648,0.0008753536594356824,0.47349653821025495,0.001019335588735467,0.0006375641834567709,-0.00023029021083980391,0.0022689613883107376,0.9450671220054364,122.32027064825603,0.0,0.796709477560429,3,1941-07-31 23:59:59.999999999,1951-06-30 23:59:59.999999999,120,120,3,5,120
ME4 BM3,ff3,1941-07-31 23:59:59.999999999,1951-06-30 23:59:59.999999999,120,0.0014839515381844005,0.0013674717895495977,1.085178904255983,0.27784242567561646,12,0.9396976340673833,0.012148223753262794,0.0014839515381844005,0.0013674717895495977,1.085178904255983,0.27784242567561646,1.0664532184313218,0.041677090277977426,25.588475858518507,2.0498161441092356e-144,0.38504766163646953,0.0826656990042496,4.657889139928224,3.1946815823020685e-06,0.05820461425965918,0.07825650263164602,0.7437671286388654,0.45701736989906705,0.0001000791918588648,0.0008753536594356824,0.6406330821936559,0.0008196390454444154,0.0005284382194140223,-0.0002160998646070682,0.001855377955495899,0.9395562701722593,98.35668545332986,0.0,0.796709477560429,4,1941-07-31 23:59:59.999999999,1951-06-30 23:59:59.999999999,120,120,4,5,120
SMALL HiBM,ff3,1941-07-31 23:59:59.999999999,1951-06-30 23:59:59.999999999,120,0.0020465568688653873,0.0014924309935078306,1.3712907851472125,0.17028432710656594,12,0.9447056621846704,0.020007897348012768,0.0020465568688653873,0.0014924309935078306,1.3712907851472125,0.17028432710656594,0.9590952719290887,0.052616253371785444,18.228117938237446,3.0876524080091448e-74,1.6145394060085019,0.11686011720202993,13.816000228865562,2.0409944979037856e-43,0.9242183620768754,0.06486104943880183,14.249204569976941,4.534162890264949e-46,0.0001000791918588648,0.0008753536594356824,0.5001169475703928,0.0007889746349837846,0.0006278818721059268,-0.00044167383434383183,0.002019623104311401,0.8955444746603083,94.67695619805416,0.0,0.796709477560429,5,1941-07-31 23:59:59.999999999,1951-06-30 23:59:59.999999999,120,120,5,5,120
ME5 BM4,ff3,1941-07-31 23:59:59.999999999,1951-06-30 23:59:59.999999999,120,0.0002023602386495587,0.0011050450214163516,0.1831239766052163,0.8547007432611311,12,0.9240307589213301,0.012667486981029392,0.0002023602386495587,0.0011050450214163516,0.1831239766052163,0.8547007432611311,0.910543417011734,0.038659290464067665,23.55302971372559,1.1687521081127193e-122,-0.18258095183115178,0.09054303578806883,-2.0165101627309374,0.04374665660790944,0.587970149182656,0.07856241011374501,7.484115473689965,7.203060276514514e-14,0.0001000791918588648,0.0008753536594356824,0.5408908154299511,0.0007242461251906408,0.0005942130290004687,-0.0004404114116502778,0.0018889036620315595,0.8885461048339789,86.9095350228769,0.0,0.9746349581090186,6,1941-07-31 23:59:59.999999999,1951-06-30 23:59:59.999999999,120,120,6,4,120
ME3 BM4,ff3,1941-07-31 23:59:59.999999999,1951-06-30 23:59:59.999999999,120,0.0005693828021410683,0.0010614120768852402,0.5364389708207832,0.591655203887866,12,0.9468575423944914,0.012632470393811275,0.0005693828021410683,0.0010614120768852402,0.5364389708207832,0.591655203887866,1.0877901305496083,0.028726160564443725,37.86757816483273,0.0,0.5052283610308494,0.08440810562740779,5.985543180663433,2.1566889418833134e-09,0.22630749171822076,0.07878356352640876,2.872521647771886,0.004072101791367959,0.0001000791918588648,0.0008753536594356824,0.6420854074259644,0.0007189373739605553,0.0005343122321656273,-0.00032831460108407424,0.001766189349005185,0.9107742092749691,86.27248487526664,0.0,0.8700811821880382,7,1941-07-31 23:59:59.999999999,1951-06-30 23:59:59.999999999,120,120,7,4,120
ME1 BM4,ff3,1941-07-31 23:59:59.999999999,1951-06-30 23:59:59.999999999,120,-0.0005373966670365249,0.001258094219664781,-0.42715136802688286,0.6692690804004869,12,0.934197610282564,0.017460293647921003,-0.0005373966670365249,0.001258094219664781,-0.42715136802688286,0.6692690804004869,0.8413508410123651,0.05462249227719449,15.403010846570957,1.5622273776302779e-53,1.4032963687222997,0.12405584950434033,11.311811368259605,1.1469688556915629e-29,0.518425589342063,0.060417164409565294,8.580766648161088,9.424289456981825e-18,0.0001000791918588648,0.0008753536594356824,0.5886703398745857,0.0004551442560304336,0.0005717585443530919,-0.0006655024909016265,0.0015757910029624937,0.7869964121176879,54.61731072365203,0.0,0.8806172110532722,8,1941-07-31 23:59:59.999999999,1951-06-30 23:59:59.999999999,120,120,8,4,120
BIG LoBM,ff3,1941-07-31 23:59:59.999999999,1951-06-30 23:59:59.999999999,120,0.0008122904576081173,0.0007661160794821007,1.0602707335906993,0.28902144966002685,12,0.9681440925984045,0.00693378820966303,0.0008122904576081173,0.0007661160794821007,1.0602707335906993,0.28902144966002685,1.0594363000366611,0.019707784598548852,53.75724981866662,0.0,-0.06323250428192975,0.0281509881421855,-2.2461912868761096,0.024691758100102493,-0.33567270255587267,0.023828602948912845,-14.086965286027706,4.567724434853074e-45,0.0001000791918588648,0.0008753536594356824,0.8058320265168277,0.00032185333510312026,0.00038609697504817886,-0.00043489673599131026,0.0010786034061975509,0.7977489017580441,38.62240021237443,0.0,0.796709477560429,9,1941-07-31 23:59:59.999999999,1951-06-30 23:59:59.999999999,120,120,9,4,120
ME2 BM4,ff3,1941-07-31 23:59:59.999999999,1951-06-30 23:59:59.999999999,120,0.0006522682484394459,0.0009750688333155113,0.668945848901301,0.5035300216398664,12,0.9487703346176912,0.013265582632890882,0.0006522682484394459,0.0009750688333155113,0.668945848901301,0.5035300216398664,0.98691720869412,0.03100432145545595,31.83160160792516,2.366056800998328e-222,0.8875250559817621,0.05451639221969096,16.279966810811704,1.3694319552039054e-59,0.3002916331982382,0.04520875085075856,6.642334228378699,3.0875383561498444e-11,0.0001000791918588648,0.0008753536594356824,0.6864615010915033,0.00016087818584728565,0.0004905819070590706,-0.0008006623519884927,0.001122418723683064,0.6285189849990527,19.30538230167428,0.0,0.796709477560429,10,1941-07-31 23:59:59.999999999,1951-06-30 23:59:59.999999999,120,120,10,4,120
ME3 BM2,ff3,1941-07-31 23:59:59.999999999,1951-06-30 23:59:59.999999999,120,-0.00021548466604078554,0.0012016111517835625,-0.17932978211873254,0.8576787631359364,12,0.9250654621160108,0.013256347243569057,-0.00021548466604078554,0.0012016111517835625,-0.17932978211873254,0.8576787631359364,1.0316848965460734,0.04898564084356767,21.06096559685091,1.8143886375684012e-98,0.6169359391943179,0.09022531225451186,6.837725731045802,8.046024836495288e-12,-0.18441234903061451,0.06325459866479714,-2.915398293930602,0.0035523486986126216,0.0001000791918588648,0.0008753536594356824,0.6453095116529636,4.624234553197285e-05,0.0005398830325598458,-0.001011928398285325,0.0011044130893492704,0.5341286789692045,5.549081463836742,0.0,0.9746349581090186,11,1941-07-31 23:59:59.999999999,1951-06-30 23:59:59.999999999,120,120,11,3,120
ME3 BM5,ff3,1941-07-31 23:59:59.999999999,1951-06-30 23:59:59.999999999,120,-0.0014317991204032747,0.0015731751438725736,-0.9101333223958246,0.36275220300576716,12,0.9432965784579432,0.0174625764197321,-0.0014317991204032747,0.0015731751438725736,-0.9101333223958246,0.36275220300576716,1.067958339723893,0.04188544985666065,25.497119963582428,2.1216962295712335e-143,0.7935242270211286,0.08881158147011262,8.934918328058036,4.074790894927441e-19,0.9007681493353129,0.09347357060329736,9.636607904475808,5.600818442880736e-22,0.0001000791918588648,0.0008753536594356824,0.4427004530761273,-4.1011626671045356e-05,0.0006538780988322857,-0.0013226127003823254,0.0012405894470402345,0.47499449663906435,-4.921395200525443,4.921395200525443,0.796709477560429,12,1941-07-31 23:59:59.999999999,1951-06-30 23:59:59.999999999,120,120,12,3,120
ME4 BM5,ff3,1941-07-31 23:59:59.999999999,1951-06-30 23:59:59.999999999,120,0.0015645157618153804,0.00198039062582526,0.7900036191917552,0.4295256546949532,12,0.883516149966562,0.024734972830669496,0.0015645157618153804,0.00198039062582526,0.7900036191917552,0.4295256546949532,1.1043624798888825,0.03885929305322786,28.419520611869395,1.1605379260772403e-177,0.5742389362695329,0.16843812291688226,3.409198145439425,0.0006515413751117596,0.8650207092355305,0.10249661794152362,8.439504898874246,3.1868464659008926e-17,0.0001000791918588648,0.0008753536594356824,0.37649776152294095,-4.309788249480385e-05,0.0007057401661602568,-0.0014263486081689072,0.0013401528431792997,0.4756526724899896,-5.171745899376462,5.171745899376462,0.796709477560429,13,1941-07-31 23:59:59.999999999,1951-06-30 23:59:59.999999999,120,120,13,3,120
ME1 BM3,ff3,1941-07-31 23:59:59.999999999,1951-06-30 23:59:59.999999999,120,-0.0012238404229795263,0.001857110011855572,-0.659002652059745,0.5098940656386746,12,0.8923803522202196,0.024534847630961407,-0.0012238404229795263,0.001857110011855572,-0.659002652059745,0.5098940656386746,1.0898700651377402,0.059649019383678316,18.27138277206884,1.3986143057353898e-74,1.4455672611229218,0.11886085060390307,12.161845164142324,4.9624972605614315e-34,0.29692380819980124,0.09313105272092692,3.1882363564551577,0.0014314347832019448,0.0001000791918588648,0.0008753536594356824,0.336018208616739,-0.00014730801012651122,0.0007423895459466307,-0.0016023915201819074,0.001307775499928885,0.42135661442243827,-17.676961215181347,17.676961215181347,0.796709477560429,14,1941-07-31 23:59:59.999999999,1951-06-30 23:59:59.999999999,120,120,14,3,120
ME1 BM2,ff3,1941-07-31 23:59:59.999999999,1951-06-30 23:59:59.999999999,120,-0.002714330102200815,0.0021850387465658957,-1.242234311161199,0.21415012372699838,12,0.7923629513330398,0.03241609678267254,-0.002714330102200815,0.0021850387465658957,-1.242234311161199,0.21415012372699838,1.0267066823266298,0.0837233959375921,12.263079761981261,1.4296125755737792e-34,1.229393757552103,0.12813659486175435,9.59440009217107,8.440668392640115e-22,0.2360237951766108,0.18850360037670358,1.2520917091500818,0.21053644841206287,0.0001000791918588648,0.0008753536594356824,0.23569583125344892,-0.00015466068677242448,0.0007870052600881256,-0.0016971909965451508,0.0013878696230003016,0.42210237912017035,-18.559282412690937,18.559282412690937,0.796709477560429,15,1941-07-31 23:59:59.999999999,1951-06-30 23:59:59.999999999,120,120,15,3,120
ME4 BM2,ff3,1941-07-31 23:59:59.999999999,1951-06-30 23:59:59.999999999,120,0.00023769876768616388,0.0009269738105294768,0.2564244695871106,0.7976230953373605,12,0.9524798960691444,0.009776541484175175,0.00023769876768616388,0.0009269738105294768,0.2564244695871106,0.7976230953373605,1.032577676192863,0.03421001178957039,30.18349372529784,3.9008350953744754e-200,0.31156209548924013,0.04766185711877267,6.536927310927727,6.279554854049062e-11,-0.07178449612187698,0.030849113212643085,-2.3269549314778066,0.019967664077917127,0.0001000791918588648,0.0008753536594356824,0.6640205278212282,-0.0001884337794353488,0.0005201672603030808,-0.0012079616096293871,0.0008310940507586896,0.35858031850591443,-22.612053532241855,22.612053532241855,0.9746349581090186,16,1941-07-31 23:59:59.999999999,1951-06-30 23:59:59.999999999,120,120,16,2,120
ME2 BM1,ff3,1941-07-31 23:59:59.999999999,1951-06-30 23:59:59.999999999,120,9.93330838561613e-05,0.001749474160620077,0.056778823084162655,0.9547213834495855,12,0.8763957240645793,0.020640773613077163,9.93330838561613e-05,0.001749474160620077,0.056778823084162655,0.9547213834495855,0.9005744720560112,0.06984572072134294,12.893767331128995,4.880037758198773e-38,1.3038038936839644,0.0886484829975779,14.70757140558838,5.7639140532280024e-49,-0.06424496334450197,0.0637792669764585,-1.0073016889362394,0.3137898184114474,0.0001000791918588648,0.0008753536594356824,0.38888977309770245,-0.00019479062712352894,0.0006941795306768818,-0.0015553825072502172,0.0011658012530031594,0.38950648039931757,-23.374875254823476,23.374875254823476,0.9932179576372946,17,1941-07-31 23:59:59.999999999,1951-06-30 23:59:59.999999999,120,120,17,2,120
ME2 BM3,ff3,1941-07-31 23:59:59.999999999,1951-06-30 23:59:59.999999999,120,-0.0006245636180816633,0.0008021258404691075,-0.7786354541531783,0.436194487919387,12,0.9266165516678981,0.014514970220994653,-0.0006245636180816633,0.0008021258404691075,-0.7786354541531783,0.436194487919387,0.9839917893267539,0.050536558058210224,19.47089052232938,1.9387171466826856e-84,0.7763907557876336,0.08216312393531582,9.449382138863893,3.408365942279641e-21,0.10585584352364252,0.05899788330144503,1.7942312096652764,0.07277627264620191,0.0001000791918588648,0.0008753536594356824,0.7428465668171441,-0.00032988292356057457,0.00044533193918113513,-0.0012027335243555994,0.0005429676772344503,0.2294202785054873,-39.58595082726895,39.58595082726895,0.796709477560429,18,1941-07-31 23:59:59.999999999,1951-06-30 23:59:59.999999999,120,120,18,2,120
BIG HiBM,ff3,1941-07-31 23:59:59.999999999,1951-06-30 23:59:59.999999999,120,-0.001097175471416387,0.0015614224776078285,-0.7026768777514402,0.4822571405049946,12,0.9038875967360462,0.018091304716272676,-0.001097175471416387,0.0015614224776078285,-0.7026768777514402,0.4822571405049946,0.9206458011451059,0.08238653226926194,11.17471236847524,5.42257584798408e-29,0.06535586969420917,0.1261594553342796,0.518041787046705,0.6044291144530535,0.928241477330793,0.07178374054722997,12.931082585757125,3.005567275612077e-38,0.0001000791918588648,0.0008753536594356824,0.459148991812735,-0.00033215714148955567,0.0006702091607429001,-0.0016457670965456398,0.0009814528135665282,0.310087546495038,-39.85885697874667,39.85885697874667,0.796709477560429,19,1941-07-31 23:59:59.999999999,1951-06-30 23:59:59.999999999,120,120,19,2,120
ME4 BM4,ff3,1941-07-31 23:59:59.999999999,1951-06-30 23:59:59.999999999,120,-0.000651694936445729,0.0014878262791511512,-0.43801816487442347,0.6613731156556819,12,0.9168605679369447,0.015472517408894161,-0.000651694936445729,0.0014878262791511512,-0.43801816487442347,0.6613731156556819,0.9576116704728063,0.04956585688826733,19.319986187901076,3.6474807666187214e-83,0.5308132691481806,0.1213087211210293,4.375722241920183,1.2103105467972081e-05,0.36540492404890695,0.08483476570890239,4.307254472803502,1.6529341113240255e-05,0.0001000791918588648,0.0008753536594356824,0.5358992087140718,-0.0004119682214475792,0.000610992253417511,-0.0016095130381459009,0.0007855765952507424,0.25007271075912296,-49.436186573709506,49.436186573709506,0.8806172110532722,20,1941-07-31 23:59:59.999999999,1951-06-30 23:59:59.999999999,120,120,20,2,120
ME3 BM3,ff3,1941-07-31 23:59:59.999999999,1951-06-30 23:59:59.999999999,120,-6.447308934719928e-06,0.0007584951606811511,-0.008500131930874883,0.9932179576372945,12,0.950632283802773,0.011184512625260434,-6.447308934719928e-06,0.0007584951606811511,-0.008500131930874883,0.9932179576372945,1.0330919710162385,0.034398233755446705,30.033285382062854,3.609357458181271e-198,0.6348477583548819,0.05871879849906497,10.811661249590983,3.031301762504836e-27,-0.02578867908182453,0.04162118834843982,-0.6196045837502192,0.5355181482192248,0.0001000791918588648,0.0008753536594356824,0.7509188334143387,-0.000562786971644704,0.00044485106933070043,-0.0014346950675328768,0.0003091211242434689,0.10291537110056431,-67.53443659736448,67.53443659736448,0.9932179576372946,21,1941-07-31 23:59:59.999999999,1951-06-30 23:59:59.999999999,120,120,21,1,120
SMALL LoBM,ff3,1941-07-31 23:59:59.999999999,1951-06-30 23:59:59.999999999,120,-0.0038751772463673922,0.0034900577961412046,-1.1103475852611944,0.26684927521598745,12,0.7563714504258525,0.047936256490507055,-0.0038751772463673922,0.0034900577961412046,-1.1103475852611944,0.26684927521598745,0.9049224494139593,0.160302837538361,5.6450806692514615,1.651038152162633e-08,2.5455191861854307,0.25549484046239646,9.963094290195963,2.210728057643184e-23,0.21722207543914318,0.19446362156974106,1.1170319347428186,0.263980671074455,0.0001000791918588648,0.0008753536594356824,0.12882207632841416,-0.0005886158113420314,0.0008317803423624159,-0.0022189052823723666,0.0010416736596883039,0.2395789081736816,-70.63389736104376,70.63389736104376,0.796709477560429,22,1941-07-31 23:59:59.999999999,1951-06-30 23:59:59.999999999,120,120,22,1,120
ME3 BM1,ff3,1941-07-31 23:59:59.999999999,1951-06-30 23:59:59.999999999,120,-0.0009488901431588737,0.0011819257408511104,-0.8028339770953574,0.42207070081365683,12,0.9114535873921012,0.014105086422878298,-0.0009488901431588737,0.0011819257408511104,-0.8028339770953574,0.42207070081365683,1.0014873289599275,0.04766282206934311,21.011918419410748,5.1030979211145024e-98,0.592202043887511,0.11516148746244949,5.142361886221809,2.7130587926568146e-07,-0.1679326659426601,0.06163827093128566,-2.724486968978598,0.006440147171011329,0.0001000791918588648,0.0008753536594356824,0.6413715085491375,-0.0006462805942309662,0.0005255978048662389,-0.0016764522917687944,0.0003838911033068619,0.10942149289130992,-77.55367130771594,77.55367130771594,0.796709477560429,23,1941-07-31 23:59:59.999999999,1951-06-30 23:59:59.999999999,120,120,23,1,120
ME5 BM2,ff3,1941-07-31 23:59:59.999999999,1951-06-30 23:59:59.999999999,120,-0.0015742764731062598,0.0009050067893545114,-1.739518964525227,0.08194351936235313,12,0.9351137428525352,0.009697317101481287,-0.0015742764731062598,0.0009050067893545114,-1.739518964525227,0.08194351936235313,0.9940486520239467,0.05692430512355403,17.46264007731613,2.7587540770130947e-68,-0.15439857347764518,0.0619356101150106,-2.4928885529816625,0.012670861007203119,-0.08983528759820235,0.02743565798869339,-3.2743988730004108,0.0010588703136779599,0.0001000791918588648,0.0008753536594356824,0.7378457593210251,-0.000779225578226172,0.0004540099620179671,-0.0016690851037813874,0.00011063394732904351,0.04305190598678758,-93.50706938714063,93.50706938714063,0.796709477560429,24,1941-07-31 23:59:59.999999999,1951-06-30 23:59:59.999999999,120,120,24,1,120
ME4 BM1,ff3,1941-07-31 23:59:59.999999999,1951-06-30 23:59:59.999999999,120,-3.0126241471330194e-05,0.0009794577742815753,-0.030758080912091958,0.9754624711751843,12,0.9256421986429849,0.011850075528845502,-3.0126241471330194e-05,0.0009794577742815753,-0.030758080912091958,0.9754624711751843,1.096659659575838,0.03232482005663554,33.92624174409655,2.7337024425371553e-252,0.0035908332299926416,0.051292349983103065,0.07000718881422957,0.9441879378321301,-0.14525239070579296,0.03942146932070419,-3.6846011376218866,0.000229061059432428,0.0001000791918588648,0.0008753536594356824,0.7583664079614271,-0.0009431523907830752,0.0004428410871992834,-0.0018111209216936707,-7.51838598724798e-05,0.0165950488409626,-113.17828689396903,113.17828689396903,0.9932179576372946,25,1941-07-31 23:59:59.999999999,1951-06-30 23:59:59.999999999,120,120,25,1,120
ME5 BM3,ff3,1951-07-31 23:59:59.999999999,1961-06-30 23:59:59.999999999,120,0.003843576366325434,0.0011349184256841823,3.386654299852736,0.0007075047820337253,12,0.8184442232735528,0.013638973992946616,0.003843576366325434,0.0011349184256841823,3.386654299852736,0.0007075047820337253,0.8184822250517125,0.04043781048719734,20.240517851747807,4.306209314707711e-91,-0.16863003509680188,0.0486996877493635,-3.4626512589704617,0.0005348811756739907,0.2684144193695119,0.03487177416537416,7.6971827729956255,1.3909886778101927e-14,-0.00012418715613556058,0.0012414993852736186,0.6921611512605478,0.001991307050672798,0.0006889611477688879,0.0006409432010457776,0.003341670900299818,0.9980756517898514,238.95684608073574,0.0,0.016981011549790443,1,1951-07-31 23:59:59.999999999,1961-06-30 23:59:59.999999999,120,120,1,5,120
ME2 BM5,ff3,1951-07-31 23:59:59.999999999,1961-06-30 23:59:59.999999999,120,0.000643429554701933,0.0011033975808958747,0.5831348245113219,0.5598025420207866,12,0.9380275942887721,0.010176400486348372,0.000643429554701933,0.0011033975808958747,0.5831348245113219,0.5598025420207866,1.1015708499862866,0.02550248802595884,43.194642376265556,0.0,1.0757089738480992,0.04121902346556782,26.09739104437273,3.90307485536276e-150,0.6196387417386947,0.05935631404789661,10.439306275633749,1.6400480847824517e-25,-0.00012418715613556058,0.0012414993852736186,0.7351320935531966,0.0017348246881187888,0.0006392969042416012,0.00048180275580525034,0.002987846620432327,0.9966726256118409,208.17896257425465,0.0,0.6664315976437936,2,1951-07-31 23:59:59.999999999,1961-06-30 23:59:59.999999999,120,120,2,5,120
ME2 BM3,ff3,1951-07-31 23:59:59.999999999,1961-06-30 23:59:59.999999999,120,0.002037766996978515,0.00102594194038655,1.9862400753503984,0.0470066729543514,12,0.922377733509352,0.008636688736688531,0.002037766996978515,0.00102594194038655,1.9862400753503984,0.0470066729543514,0.8786168919588173,0.03311902469091751,26.529069021762812,4.479401938025926e-155,0.7179302044361218,0.048926207001017685,14.673735170625193,9.496996087153313e-49,0.29414457355808915,0.03160991775821116,9.305452035909855,1.3342356756478522e-20,-0.00012418715613556058,0.0012414993852736186,0.7602066704658661,0.001329656705489454,0.0006086228258707595,0.0001367559667827653,0.0025225574441961425,0.9855444795346799,159.5588046587345,0.0,0.15353783079815173,3,1951-07-31 23:59:59.999999999,1961-06-30 23:59:59.999999999,120,120,3,5,120
ME3 BM1,ff3,1951-07-31 23:59:59.999999999,1961-06-30 23:59:59.999999999,120,0.0019670800095478143,0.0008628940061402109,2.2796310966936826,0.022629577029339692,12,0.8642015754652943,0.012678208481895673,0.0019670800095478143,0.0008628940061402109,2.2796310966936826,0.022629577029339692,1.00670397777475,0.038603039839024945,26.0783602009768,6.417100013054967e-150,0.8437935482677805,0.0657671111352064,12.830022996343557,1.1133112715981886e-37,-0.26711006544582,0.0531155781084665,-5.028846055301491,4.934403379962323e-07,-0.00012418715613556058,0.0012414993852736186,0.8251203308344418,0.0009040671229656552,0.0005204728609910207,-0.00011605968457674529,0.0019241939305080556,0.9588073918438182,108.48805475587862,0.0,0.11314788514669846,4,1951-07-31 23:59:59.999999999,1961-06-30 23:59:59.999999999,120,120,4,5,120
ME3 BM2,ff3,1951-07-31 23:59:59.999999999,1961-06-30 23:59:59.999999999,120,0.0010468031611948802,0.0010317175565433894,1.0146218357493428,0.31028612652129217,12,0.8732120971343604,0.01167438804066909,0.0010468031611948802,0.0010317175565433894,1.0146218357493428,0.31028612652129217,0.9387276415614677,0.0316426981488632,29.66648536560377,2.0788266567280997e-193,0.6942952996944526,0.04751062711834037,14.613473696423512,2.3046143259384744e-48,0.12391105494609891,0.06274893175740293,1.9747117835433154,0.04830086493497973,-0.00012418715613556058,0.0012414993852736186,0.813638844124466,0.0007303699253018109,0.0005430123114574209,-0.00033393420515473405,0.0017946740557583558,0.9106928439342907,87.64439103621731,0.0,0.4699939232476803,5,1951-07-31 23:59:59.999999999,1961-06-30 23:59:59.999999999,120,120,5,5,120
ME4 BM3,ff3,1951-07-31 23:59:59.999999999,1961-06-30 23:59:59.999999999,120,0.0022078253739921064,0.0014911969960389542,1.4805725734807154,0.13872050836716976,12,0.8937603913640675,0.01084832932531277,0.0022078253739921064,0.0014911969960389542,1.4805725734807154,0.13872050836716976,0.9536726475831943,0.047557791953410734,20.05292105481779,1.903347406739624e-89,0.4064169914839986,0.0667671671807172,6.087078554403227,1.1498955987667655e-09,0.22899421614696988,0.05136339041168444,4.4583158220582915,8.260613112698424e-06,-0.00012418715613556058,0.0012414993852736186,0.6120604129255524,0.0006919507692251985,0.0007854014070784217,-0.000847435988648508,0.0022313375270989052,0.8108452694660547,83.03409230702383,0.0,0.27142551288019423,6,1951-07-31 23:59:59.999999999,1961-06-30 23:59:59.999999999,120,120,6,4,120
ME4 BM2,ff3,1951-07-31 23:59:59.999999999,1961-06-30 23:59:59.999999999,120,0.0016700252402595595,0.0008139976656491495,2.051633942866092,0.040205250882948206,12,0.9185235514603445,0.008775386874750286,0.0016700252402595595,0.0008139976656491495,2.051633942866092,0.040205250882948206,0.9155391676162137,0.025639978475181527,35.70748581175366,3.0253747686049905e-279,0.3434377761772815,0.03600741944820703,9.537972491232852,1.4565194142600053e-21,0.04827016512510033,0.041791137221634085,1.1550335390277975,0.2480766923015718,-0.00012418715613556058,0.0012414993852736186,0.82796640225379,0.0005303028229389798,0.0005204579609758937,-0.0004897947805737718,0.0015504004264517315,0.8458785213690135,63.63633875267758,0.0,0.15353783079815173,7,1951-07-31 23:59:59.999999999,1961-06-30 23:59:59.999999999,120,120,7,4,120
ME3 BM4,ff3,1951-07-31 23:59:59.999999999,1961-06-30 23:59:59.999999999,120,0.0012280096212288602,0.0007674978959688538,1.600016922103321,0.10959482942228671,12,0.9262895314455462,0.010425766163552223,0.0012280096212288602,0.0007674978959688538,1.600016922103321,0.10959482942228671,1.0590613448220918,0.026543708172685164,39.89877141250069,0.0,0.8117404075400084,0.04850483504770662,16.735247254044392,7.255522037778807e-63,0.5295172363756839,0.03604663066648273,14.689784498167962,7.495178464469277e-49,-0.00012418715613556058,0.0012414993852736186,0.8265371290566839,0.0004245245131093355,0.0005173957721574242,-0.0005895712003192157,0.0014386202265378868,0.7940351413760786,50.94294157312026,0.0,0.27142551288019423,8,1951-07-31 23:59:59.999999999,1961-06-30 23:59:59.999999999,120,120,8,4,120
ME3 BM3,ff3,1951-07-31 23:59:59.999999999,1961-06-30 23:59:59.999999999,120,0.0007142688188213685,0.0007757700083380048,0.9207223934212211,0.35719538166823706,12,0.9225484508963975,0.009548555947295211,0.0007142688188213685,0.0007757700083380048,0.9207223934212211,0.35719538166823706,0.9999968900007079,0.02506509369508887,39.89599648680517,0.0,0.6754166507327412,0.07058275405807203,9.569145604279502,1.0779276294467978e-21,0.21754288868420973,0.051641934532936896,4.212524001118941,2.5253287145603732e-05,-0.00012418715613556058,0.0012414993852736186,0.8143047378412693,0.00039538796578604134,0.0005418552406079408,-0.0006666483058055228,0.0014574242373776053,0.7672110637607834,47.446555894324966,0.0,0.4699939232476803,9,1951-07-31 23:59:59.999999999,1961-06-30 23:59:59.999999999,120,120,9,4,120
ME2 BM2,ff3,1951-07-31 23:59:59.999999999,1961-06-30 23:59:59.999999999,120,0.0005150574146006296,0.0012218136352464943,0.42155153596458234,0.6733523870237572,12,0.8252183533916388,0.015060638386269273,0.0005150574146006296,0.0012218136352464943,0.42155153596458234,0.6733523870237572,0.9942693480717958,0.03649206849420255,27.246176747414417,1.84457585457078e-163,0.9392254246372939,0.0859476908813786,10.927872697982933,8.481338628374537e-28,0.07113238585976353,0.08738097135418145,0.8140489257259742,0.4156169232429753,-0.00012418715613556058,0.0012414993852736186,0.6955944423202136,8.556186975089463e-05,0.0006942129126795514,-0.0012750954391010261,0.0014462191786028154,0.5490455066113238,10.267424370107355,0.0,0.7651731670724513,10,1951-07-31 23:59:59.999999999,1961-06-30 23:59:59.999999999,120,120,10,4,120
SMALL HiBM,ff3,1951-07-31 23:59:59.999999999,1961-06-30 23:59:59.999999999,120,0.0005977296968520188,0.0008786584762700367,0.6802753436004179,0.4963301335676733,12,0.9250329886432795,0.010635430702041582,0.0005977296968520188,0.0008786584762700367,0.6802753436004179,0.4963301335676733,0.9548008457929069,0.022730215129467123,42.0057989048734,0.0,1.1440400910654291,0.07178987943598496,15.935952254740444,3.567247998835055e-57,0.7927011298066924,0.055659026221860274,14.242094833764021,5.019937929764548e-46,-0.00012418715613556058,0.0012414993852736186,0.8275961756513042,6.901342077013964e-05,0.0005177382136872596,-0.0009457534780568893,0.0010837803195971685,0.5530211089896634,8.281610492416757,0.0,0.6204126669595916,11,1951-07-31 23:59:59.999999999,1961-06-30 23:59:59.999999999,120,120,11,3,120
ME1 BM3,ff3,1951-07-31 23:59:59.999999999,1961-06-30 23:59:59.999999999,120,8.329058986836114e-05,0.0009850107816528077,0.08455804892673656,0.9326127516737772,12,0.7526038913799653,0.017536773106272694,8.329058986836114e-05,0.0009850107816528077,0.08455804892673656,0.9326127516737772,0.777785644993828,0.04089787665448774,19.01775125307101,1.215877267933095e-80,0.9391993677027374,0.1423715556809742,6.596818888509533,4.2007339994493964e-11,0.6586620067899775,0.13322873851207725,4.943843303975061,7.659727846649987e-07,-0.00012418715613556058,0.0012414993852736186,0.671802390053624,4.6026074181584875e-05,0.0007246627071576339,-0.0013743128318473776,0.0014663649802105474,0.5253213102570651,5.5231289017901855,0.0,0.9326127516737772,12,1951-07-31 23:59:59.999999999,1961-06-30 23:59:59.999999999,120,120,12,3,120
ME5 BM2,ff3,1951-07-31 23:59:59.999999999,1961-06-30 23:59:59.999999999,120,-0.0011046659226783373,0.0008760937340402362,-1.260899239153334,0.2073451523683738,12,0.9136810197375788,0.00995875800521767,-0.0011046659226783373,0.0008760937340402362,-1.260899239153334,0.2073451523683738,0.9765833435728081,0.029474608365082155,33.13303883385071,9.940776044649683e-241,-0.07713156145254649,0.06244581289611422,-1.2351758728942115,0.21676505658788625,-0.05045775903419371,0.06962784639006823,-0.7246778645359774,0.4686496779092213,-0.00012418715613556058,0.0012414993852736186,0.8297632922824975,-2.65872784194913e-05,0.0005125663625811019,-0.001031217349078451,0.0009780427922394684,0.4793157808341958,-3.190473410338956,3.190473410338956,0.3702592006578104,13,1951-07-31 23:59:59.999999999,1961-06-30 23:59:59.999999999,120,120,13,3,120
ME1 BM4,ff3,1951-07-31 23:59:59.999999999,1961-06-30 23:59:59.999999999,120,0.0015113030581969122,0.0009039986276486749,1.6717979562954124,0.09456416996838989,12,0.9239534808664519,0.009553453755861236,0.0015113030581969122,0.0009039986276486749,1.6717979562954124,0.09456416996838989,0.8999730117058528,0.03395633742313003,26.503830507138808,8.755433371491456e-155,0.8990664710839752,0.05309277417641529,16.933876314252867,2.531463423300428e-64,0.6147606225653865,0.04664661359370234,13.17910508831415,1.1575577144661574e-39,-0.00012418715613556058,0.0012414993852736186,0.8266819894451455,-8.099069633858404e-05,0.0005170237236920743,-0.0010943571947750496,0.0009323758020978816,0.4377611628700978,-9.718883560630085,9.718883560630085,0.26267824991219413,14,1951-07-31 23:59:59.999999999,1961-06-30 23:59:59.999999999,120,120,14,3,120
BIG LoBM,ff3,1951-07-31 23:59:59.999999999,1961-06-30 23:59:59.999999999,120,-0.0005762644043200174,0.0006186873463403498,-0.9314307262444077,0.3516308029678191,12,0.9645785220654363,0.006939006845768515,-0.0005762644043200174,0.0006186873463403498,-0.9314307262444077,0.3516308029678191,1.0821885006509062,0.01827348019795554,59.221806077858275,0.0,-0.2183543814727452,0.029504594846890633,-7.400690726507524,1.3547793010145753e-13,-0.3049378053866187,0.03967625509878339,-7.685649883725269,1.522222752473045e-14,-0.00012418715613556058,0.0012414993852736186,0.8923459241271811,-0.0002663657062626796,0.00040957625068233837,-0.001069135157600063,0.0005364037450747036,0.2577348243609433,-31.96388475152155,31.96388475152155,0.4699939232476803,15,1951-07-31 23:59:59.999999999,1961-06-30 23:59:59.999999999,120,120,15,3,120
ME3 BM5,ff3,1951-07-31 23:59:59.999999999,1961-06-30 23:59:59.999999999,120,-0.002375147662303899,0.0016140400785949812,-1.4715543274312373,0.141141266697701,12,0.8920372905555978,0.013560510383501515,-0.002375147662303899,0.0016140400785949812,-1.4715543274312373,0.141141266697701,1.0277759862465723,0.036418867404105146,28.22097609028668,3.233408831268287e-175,0.7470402732738763,0.09554850166135682,7.818440480851682,5.348176231613398e-15,0.8848542034345223,0.06792113902534949,13.02767026778331,8.516859856538306e-39,-0.00012418715613556058,0.0012414993852736186,0.6213962447516429,-0.00041485990093899995,0.0007790190200105239,-0.0019417371801596266,0.0011120173782816268,0.297175528562835,-49.783188112679994,49.783188112679994,0.27142551288019423,16,1951-07-31 23:59:59.999999999,1961-06-30 23:59:59.999999999,120,120,16,2,120
ME4 BM5,ff3,1951-07-31 23:59:59.999999999,1961-06-30 23:59:59.999999999,120,-0.004341335369634771,0.0022065870830140742,-1.9674434800482699,0.04913210585540855,12,0.8302554013553105,0.0191405604188503,-0.004341335369634771,0.0022065870830140742,-1.9674434800482699,0.04913210585540855,1.1577049814318552,0.053673496316993474,21.569397577428102,3.4819892851293735e-103,0.7182725761917393,0.12643125084737705,5.681131614040664,1.3380645735763128e-08,0.8440662101728255,0.08762078332352738,9.633173525238071,5.791270876807808e-22,-0.00012418715613556058,0.0012414993852736186,0.4099539950524642,-0.0006976412215836752,0.0009588400653613927,-0.002576967749692005,0.0011816853065246544,0.23343269199936906,-83.71694659004102,83.71694659004102,0.15353783079815173,17,1951-07-31 23:59:59.999999999,1961-06-30 23:59:59.999999999,120,120,17,2,120
BIG HiBM,ff3,1951-07-31 23:59:59.999999999,1961-06-30 23:59:59.999999999,120,-0.003437333494032396,0.0012850734329848575,-2.674814843886746,0.007477053225431444,12,0.895334182184853,0.0156273008301689,-0.003437333494032396,0.0012850734329848575,-2.674814843886746,0.007477053225431444,1.1413735116124522,0.04716139928021388,24.201434415269876,2.1486930124173286e-129,0.11858592564421676,0.11830575239630826,1.0023682132291416,0.3161657883967176,1.1893021962082002,0.055006828394073684,21.620991991902102,1.140005752978315e-103,-0.00012418715613556058,0.0012414993852736186,0.6874738667352065,-0.0007708840400755367,0.00070589215352105,-0.0021544326609767945,0.0006126645808257212,0.13740104395463926,-92.5060848090644,92.5060848090644,0.06230877687859537,18,1951-07-31 23:59:59.999999999,1961-06-30 23:59:59.999999999,120,120,18,2,120
ME2 BM4,ff3,1951-07-31 23:59:59.999999999,1961-06-30 23:59:59.999999999,120,-0.00031800635006278726,0.0008794603643726742,-0.36159258898452307,0.7176565035905362,12,0.9272904525226844,0.009949872628109742,-0.00031800635006278726,0.0008794603643726742,-0.36159258898452307,0.7176565035905362,1.0144225719984494,0.02952623223243714,34.35665492341477,1.1203629998459003e-258,0.97190165178921,0.06987421649147042,13.90930303895215,5.56187720677913e-44,0.4534238512505717,0.07195045346968897,6.301890111666753,2.940376145682302e-10,-0.00012418715613556058,0.0012414993852736186,0.8538110619183376,-0.0009423266020691988,0.00047486033591727367,-0.0018730528604670553,-1.1600343671342426e-05,0.023604020185765757,-113.07919224830387,113.07919224830387,0.780061416946235,19,1951-07-31 23:59:59.999999999,1961-06-30 23:59:59.999999999,120,120,19,2,120
ME4 BM4,ff3,1951-07-31 23:59:59.999999999,1961-06-30 23:59:59.999999999,120,-0.0014058427699645067,0.0013891834968709244,-1.0119921328831696,0.3115418149789453,12,0.9055488792590239,0.012068612495333714,-0.0014058427699645067,0.0013891834968709244,-1.0119921328831696,0.3115418149789453,1.0922119434586406,0.045329191540191445,24.095111921204754,2.8127628766595875e-128,0.5701670543782198,0.10702081231242937,5.327627795551695,9.950376589876073e-08,0.48172741446347483,0.07721242908109378,6.23898794787989,4.4041092086179026e-10,-0.00012418715613556058,0.0012414993852736186,0.6331022864099393,-0.0011254750535465053,0.0007567862281169168,-0.002608776060655662,0.00035782595356265157,0.06848403777726547,-135.05700642558062,135.05700642558062,0.4699939232476803,20,1951-07-31 23:59:59.999999999,1961-06-30 23:59:59.999999999,120,120,20,2,120
ME1 BM2,ff3,1951-07-31 23:59:59.999999999,1961-06-30 23:59:59.999999999,120,-0.0019504553426537593,0.002082126816869554,-0.9367610689469142,0.34888147513734846,12,0.6958358762946689,0.025670444817163816,-0.0019504553426537593,0.002082126816869554,-0.9367610689469142,0.34888147513734846,1.0961463475251771,0.07388480072743385,14.83588419719689,8.586503864594135e-50,1.084421101219776,0.11438307641554568,9.480607929097397,2.528058951367291e-21,0.5340543321577438,0.12054863553252497,4.43019806734894,9.414657759512772e-06,-0.00012418715613556058,0.0012414993852736186,0.3898618994060495,-0.001141730999513397,0.0009820994523618062,-0.003066645926142537,0.0007831839271157429,0.12250786549602405,-137.00771994160763,137.00771994160763,0.4699939232476803,21,1951-07-31 23:59:59.999999999,1961-06-30 23:59:59.999999999,120,120,21,1,120
ME4 BM1,ff3,1951-07-31 23:59:59.999999999,1961-06-30 23:59:59.999999999,120,-0.00014194496442784834,0.0006615891038835539,-0.21455154505209634,0.8301169755159045,12,0.9208532009740179,0.009551178954982031,-0.00014194496442784834,0.0006615891038835539,-0.21455154505209634,0.8301169755159045,1.0347055538534327,0.02640804604760548,39.18145068318121,0.0,0.5107624424404013,0.051910294669470725,9.839328512631019,7.621782998687582e-23,-0.17863309153810059,0.04612129653694201,-3.873115132290783,0.00010745303470247333,-0.00012418715613556058,0.0012414993852736186,0.8889356547099619,-0.0011577918076245213,0.00041374630000398974,-0.001968734555632341,-0.0003468490596167014,0.0025685122488352304,-138.93501691494257,138.93501691494257,0.8647051828290672,22,1951-07-31 23:59:59.999999999,1961-06-30 23:59:59.999999999,120,120,22,1,120
ME2 BM1,ff3,1951-07-31 23:59:59.999999999,1961-06-30 23:59:59.999999999,120,-0.003039196765023063,0.0019538641203492965,-1.555480103948958,0.1198317694504373,12,0.7890415946103535,0.018985151727961593,-0.003039196765023063,0.0019538641203492965,-1.555480103948958,0.1198317694504373,1.1037066140392997,0.04733451088707823,23.317165285014042,2.9692240153024334e-120,1.254280035620713,0.10707802417470134,11.713701716930391,1.0843964043975274e-31,-0.06239259461055868,0.1070071402615833,-0.5830694517958096,0.559846547298418,-0.00012418715613556058,0.0012414993852736186,0.5017129446131469,-0.0013040904404587848,0.0008955754799583052,-0.003059418381177063,0.0004512375002594933,0.07267585595041842,-156.4908528550542,156.4908528550542,0.27142551288019423,23,1951-07-31 23:59:59.999999999,1961-06-30 23:59:59.999999999,120,120,23,1,120
SMALL LoBM,ff3,1951-07-31 23:59:59.999999999,1961-06-30 23:59:59.999999999,120,-0.009310091869559636,0.002906379017539617,-3.2033302653832996,0.0013584809239832354,12,0.5048691608542396,0.042624290169105336,-0.009310091869559636,0.002906379017539617,-3.2033302653832996,0.0013584809239832354,1.161331547293537,0.10810428252911233,10.742696960046814,6.4142754827266696e-27,1.6859405594360304,0.23310022259896937,7.232685325816092,4.735357713115684e-13,0.4391334307198935,0.19017082969662893,2.309152415333222,0.02093512502966204,-0.00012418715613556058,0.0012414993852736186,0.24711137415215087,-0.0020091086059392236,0.0010894753983402322,-0.004144480386686079,0.00012626317480763163,0.03258381427667068,-241.09303271270684,241.09303271270684,0.016981011549790443,24,1951-07-31 23:59:59.999999999,1961-06-30 23:59:59.999999999,120,120,24,1,120
ME5 BM4,ff3,1951-07-31 23:59:59.999999999,1961-06-30 23:59:59.999999999,120,-0.0030059679732385913,0.0012394833313090483,-2.4251782152357917,0.015300873475106535,12,0.9076799228725141,0.012711745481886262,-0.0030059679732385913,0.0012394833313090483,-2.4251782152357917,0.015300873475106535,1.0710136751203108,0.022758587078373818,47.05976128623704,0.0,-0.17299827659560335,0.0815768019476957,-2.120679806822092,0.033948756976937174,0.6770235097026367,0.07527483582778313,8.994021737245086,2.3834530906131515e-19,-0.00012418715613556058,0.0012414993852736186,0.6950050326648198,-0.002099819478929096,0.0006874141708529836,-0.0034471512538009437,-0.0007524877040572485,0.0011265630850416596,-251.97833747149156,251.97833747149156,0.09563045921941585,25,1951-07-31 23:59:59.999999999,1961-06-30 23:59:59.999999999,120,120,25,1,120
ME3 BM2,ff3,1961-07-31 23:59:59.999999999,1971-06-30 23:59:59.999999999,120,0.001245339535557668,0.0011602881364757172,1.0733019638900105,0.2831356543454764,12,0.9252202064239954,0.013890824907909048,0.001245339535557668,0.0011602881364757172,1.0733019638900105,0.2831356543454764,0.9712108919099073,0.05150854360050157,18.855335911700095,2.656463253352056e-79,0.5774441883833605,0.047591072256867116,12.133456150487104,7.022190877582974e-34,-0.08693249146552261,0.08058515260301154,-1.0787656119953029,0.2806922282178195,4.08126851173699e-05,0.0008461016828976831,0.568209110043986,0.0009883649823159656,0.0005821599554262621,-0.00015266853031950826,0.0021293984949514394,0.9552229949855111,118.60379787791587,0.0,0.6434901235124463,1,1961-07-31 23:59:59.999999999,1971-06-30 23:59:59.999999999,120,120,1,5,120
ME1 BM4,ff3,1961-07-31 23:59:59.999999999,1971-06-30 23:59:59.999999999,120,0.0006982466023600985,0.0010831333201905785,0.6446543461863413,0.5191512079508706,12,0.9621555739197475,0.011706340836104917,0.0006982466023600985,0.0010831333201905785,0.6446543461863413,0.5191512079508706,0.9216585974086912,0.027338543395538557,33.712790914789515,3.7546907541224496e-249,1.1951547619198253,0.03549834460010571,33.66790128901578,1.7059087202636113e-248,0.5236860604228648,0.05835701373741864,8.973832396209065,2.863729039746818e-19,4.08126851173699e-05,0.0008461016828976831,0.5688599142678831,0.0008389975559132031,0.0005885542560402469,-0.00031456878592568064,0.001992563897752087,0.9229969439005455,100.67970670958437,0.0,0.7984823603131319,2,1961-07-31 23:59:59.999999999,1971-06-30 23:59:59.999999999,120,120,2,5,120
SMALL HiBM,ff3,1961-07-31 23:59:59.999999999,1971-06-30 23:59:59.999999999,120,0.0014866838196089206,0.0009701191477934195,1.5324754933354847,0.12540514055996071,12,0.9680382731267951,0.01073359999205331,0.0014866838196089206,0.0009701191477934195,1.5324754933354847,0.12540514055996071,0.8891394273281579,0.03772133079803774,23.571263487194116,7.599813891490601e-123,1.2465722480209458,0.04492252391887196,27.74938136317093,1.772690294374379e-169,0.7085790161769309,0.04625500217700793,15.318970550803382,5.711492795547426e-53,4.08126851173699e-05,0.0008461016828976831,0.733672331716498,0.0008227500207300985,0.0004368550135572436,-3.348580584209887e-05,0.001678985847302296,0.970173389501211,98.73000248761181,0.0,0.5105341701889751,3,1961-07-31 23:59:59.999999999,1971-06-30 23:59:59.999999999,120,120,3,5,120
BIG LoBM,ff3,1961-07-31 23:59:59.999999999,1971-06-30 23:59:59.999999999,120,0.0023390964762373553,0.0011288323924485083,2.072137982472055,0.03825257503854771,12,0.9419750381171854,0.010198753442157305,0.0023390964762373553,0.0011288323924485083,2.072137982472055,0.03825257503854771,1.01739747602998,0.049744719759411776,20.45237124564335,5.72247939622431e-93,-0.15373216177078095,0.04517325657628533,-3.403167569094099,0.0006660941508692881,-0.4503286241856931,0.05968043278692217,-7.545666195040965,4.4998126292545735e-14,4.08126851173699e-05,0.0008461016828976831,0.6941975609786842,0.0007709830920740463,0.00046920132203586665,-0.0001486514991162523,0.001690617683264345,0.9498273420683007,92.51797104888556,0.0,0.47336656174489894,4,1961-07-31 23:59:59.999999999,1971-06-30 23:59:59.999999999,120,120,4,5,120
ME2 BM5,ff3,1961-07-31 23:59:59.999999999,1971-06-30 23:59:59.999999999,120,0.0015625540596846833,0.0012826177340424256,1.2182539023220758,0.22312750182189667,12,0.9481271979513015,0.012972641108946179,0.0015625540596846833,0.0012826177340424256,1.2182539023220758,0.22312750182189667,1.0836260620785316,0.03859527829310318,28.07664849179676,1.8891588851031416e-173,0.7825560944158758,0.05244042229094436,14.922764925007307,2.343575279641345e-50,0.6879963147516589,0.05760401268404129,11.943548421276258,7.016465374399444e-33,4.08126851173699e-05,0.0008461016828976831,0.5139324044279359,0.0007196794480023069,0.000607989097907439,-0.0004719791838962734,0.0019113380799008872,0.8817349769779568,86.36153376027681,0.0,0.6434901235124463,5,1961-07-31 23:59:59.999999999,1971-06-30 23:59:59.999999999,120,120,5,5,120
ME4 BM4,ff3,1961-07-31 23:59:59.999999999,1971-06-30 23:59:59.999999999,120,0.0022651597802207856,0.0014740408178111784,1.5367008517337732,0.12436658245784811,12,0.9034646248085731,0.015000713622307137,0.0022651597802207856,0.0014740408178111784,1.5367008517337732,0.12436658245784811,1.038523260765146,0.055224053517148146,18.80563259346155,6.790727090281741e-79,0.36892450859042814,0.0817530152546001,4.512671580876883,6.401610891204547e-06,0.5297893543877871,0.09036680332122819,5.862654591250032,4.555251723163464e-09,4.08126851173699e-05,0.0008461016828976831,0.42687003652532163,0.0007090126258505812,0.0006674980239394378,-0.0005992835010707168,0.0020173087527718793,0.8559262665654379,85.08151510206974,0.0,0.5105341701889751,6,1961-07-31 23:59:59.999999999,1971-06-30 23:59:59.999999999,120,120,6,4,120
ME4 BM3,ff3,1961-07-31 23:59:59.999999999,1971-06-30 23:59:59.999999999,120,0.0005320075633229518,0.0011333850809539538,0.46939700571598203,0.6387858882505055,12,0.9271977926298774,0.011719920338211723,0.0005320075633229518,0.0011333850809539538,0.46939700571598203,0.6387858882505055,1.032557886937796,0.020739276684596755,49.787555402290664,0.0,0.11527393613272646,0.06322634403417385,1.823194712482836,0.06827390562580851,0.23421339125767207,0.05994644471400885,3.9070439018535974,9.343218255886807e-05,4.08126851173699e-05,0.0008461016828976831,0.593350994828671,0.0003510442107774156,0.0005771795494238665,-0.0007802277060933626,0.0014823161276481937,0.7284746558778319,42.12530529328988,0.0,0.7984823603131319,7,1961-07-31 23:59:59.999999999,1971-06-30 23:59:59.999999999,120,120,7,4,120
ME3 BM4,ff3,1961-07-31 23:59:59.999999999,1971-06-30 23:59:59.999999999,120,0.0015765839771903754,0.001437758281914913,1.0965570478860773,0.27283507237931603,12,0.9375307863470191,0.011781475604154252,0.0015765839771903754,0.001437758281914913,1.0965570478860773,0.27283507237931603,0.9804121717245562,0.03708513537495127,26.43679635552212,5.175984831960527e-154,0.4773522339115853,0.04647002412303736,10.272261375369926,9.397555971024178e-25,0.4759363769897857,0.05509412348651387,8.638605115594352,5.690348858761914e-18,4.08126851173699e-05,0.0008461016828976831,0.541611544156479,0.0003494812768891479,0.000577382439537364,-0.0007821883046040855,0.0014811508583823813,0.7275053764471875,41.93775322669775,0.0,0.6434901235124463,8,1961-07-31 23:59:59.999999999,1971-06-30 23:59:59.999999999,120,120,8,4,120
ME5 BM3,ff3,1961-07-31 23:59:59.999999999,1971-06-30 23:59:59.999999999,120,-0.0005444204408775736,0.000919749636970056,-0.5919224308378804,0.5539025325678967,12,0.8560400708849973,0.0140333504664328,-0.0005444204408775736,0.000919749636970056,-0.5919224308378804,0.5539025325678967,0.9403355558194268,0.06276054452391508,14.98290945294634,9.496699648574207e-51,-0.2242179768261426,0.05908778914525431,-3.794658423840366,0.0001478468553656806,0.32923507639250715,0.0667829437190616,4.929927584167495,8.22601033790132e-07,4.08126851173699e-05,0.0008461016828976831,0.6925806271435015,0.0003179208587388655,0.0004720262805618892,-0.0006072506511624373,0.0012430923686401684,0.749692892864667,38.15050304866386,0.0,0.7984823603131319,9,1961-07-31 23:59:59.999999999,1971-06-30 23:59:59.999999999,120,120,9,4,120
ME3 BM5,ff3,1961-07-31 23:59:59.999999999,1971-06-30 23:59:59.999999999,120,0.0001351804645961332,0.001366244531149447,0.09894309657906067,0.9211834506434142,12,0.940393703619739,0.012802449924878731,0.0001351804645961332,0.001366244531149447,0.09894309657906067,0.9211834506434142,1.0240846595400164,0.026111206024044424,39.2201209931472,0.0,0.662183530466756,0.05126935988451022,12.915775269252357,3.6673158917615956e-38,0.6418104373377078,0.05633584745147408,11.392576243581727,4.553249331584106e-30,4.08126851173699e-05,0.0008461016828976831,0.561749990504212,0.00031600264600517114,0.0005652006666512148,-0.0007917906606312098,0.001423795952641552,0.7119526307045765,37.920317520620536,0.0,0.9498325287278264,10,1961-07-31 23:59:59.999999999,1971-06-30 23:59:59.999999999,120,120,10,4,120
SMALL LoBM,ff3,1961-07-31 23:59:59.999999999,1971-06-30 23:59:59.999999999,120,0.0009120435773421178,0.0028798560240008686,0.31669762993048944,0.7514730473391504,12,0.9072409812446305,0.023664335019665278,0.0009120435773421178,0.0028798560240008686,0.31669762993048944,0.7514730473391504,0.9378581473098648,0.08138338614297287,11.523950916250309,9.992185393940616e-31,1.6931262366847937,0.09041186905445722,18.72681379548722,2.993013084951462e-78,-0.08625276156156114,0.10746420394680203,-0.8026185315089555,0.4221952539353738,4.08126851173699e-05,0.0008461016828976831,0.2308377030296476,0.0003006928124982269,0.0007641650368300019,-0.0011970706596885767,0.0017984562846850305,0.6530219264175718,36.08313749978723,0.0,0.8539466447035801,11,1961-07-31 23:59:59.999999999,1971-06-30 23:59:59.999999999,120,120,11,3,120
ME3 BM1,ff3,1961-07-31 23:59:59.999999999,1971-06-30 23:59:59.999999999,120,-0.0009837416956127566,0.0013748632909861371,-0.7155196462530876,0.47428800555709094,12,0.9489125375321943,0.013915110222647383,-0.0009837416956127566,0.0013748632909861371,-0.7155196462530876,0.47428800555709094,1.1338901656821743,0.03543453764391731,31.999575585736977,1.1053408943955023e-224,0.6854443074340747,0.057760527120965355,11.86700228684857,1.7564930457960902e-32,-0.5106029027521803,0.04850862935286094,-10.526022061723458,6.554618918455457e-26,4.08126851173699e-05,0.0008461016828976831,0.520630566049667,0.0002087612646385619,0.0006456646897730968,-0.0010567415273167078,0.0014742640565938317,0.6267764524716302,25.051351756627426,0.0,0.7904800092618183,12,1961-07-31 23:59:59.999999999,1971-06-30 23:59:59.999999999,120,120,12,3,120
ME2 BM4,ff3,1961-07-31 23:59:59.999999999,1971-06-30 23:59:59.999999999,120,0.0004921206164354792,0.0010047068427477925,0.48981513362601264,0.6242647207791797,12,0.9584809901095089,0.010759427729394573,0.0004921206164354792,0.0010047068427477925,0.48981513362601264,0.6242647207791797,1.0337511820884988,0.04145587458914684,24.93618075444331,3.0158734871527765e-137,0.687509434638893,0.0667263777186757,10.303413105046605,6.800474571684697e-25,0.5814454292181479,0.03656167131011331,15.903141415127665,6.026541012161854e-57,4.08126851173699e-05,0.0008461016828976831,0.6254224914736387,0.00019787782940596557,0.0005445239474060166,-0.0008693891075098269,0.001265144766321758,0.6418454587470128,23.74533952871587,0.0,0.7984823603131319,13,1961-07-31 23:59:59.999999999,1971-06-30 23:59:59.999999999,120,120,13,3,120
ME4 BM1,ff3,1961-07-31 23:59:59.999999999,1971-06-30 23:59:59.999999999,120,0.0009919684128439324,0.001804046787889247,0.5498573648439271,0.5824172091144472,12,0.9296483773155142,0.01337772554786438,0.0009919684128439324,0.001804046787889247,0.5498573648439271,0.5824172091144472,1.0454204102475992,0.044496021556366956,23.49469399018685,4.6213602055735127e-122,0.252537597820736,0.06819671131567469,3.7030758954309198,0.00021300112534242103,-0.5271589412016169,0.08035130488680604,-6.560676792296601,5.356410709334806e-11,4.08126851173699e-05,0.0008461016828976831,0.4585015509706277,0.00018581666162827918,0.0006695931735982353,-0.001126585958624262,0.0014982192818808204,0.6093045089898825,22.2979993953935,0.0,0.7984823603131319,14,1961-07-31 23:59:59.999999999,1971-06-30 23:59:59.999999999,120,120,14,3,120
ME2 BM3,ff3,1961-07-31 23:59:59.999999999,1971-06-30 23:59:59.999999999,120,0.0010638285711752117,0.0012334333009853976,0.8624937970503248,0.3884158450351082,12,0.9488754202624478,0.012496096600891696,0.0010638285711752117,0.0012334333009853976,0.8624937970503248,0.3884158450351082,0.9443830798630911,0.038107853463039375,24.781849252649295,1.406967660886747e-135,0.8935882935477235,0.046311705633058226,19.295084932260888,5.906783852026245e-83,0.10420903983539748,0.06165959947424417,1.690070008951755,0.0910145617713605,4.08126851173699e-05,0.0008461016828976831,0.5820685056856598,-1.0663597635112611e-05,0.0005545216496817175,-0.0010975260310112788,0.0010761988357410536,0.4923287075002377,-1.2796317162135133,1.2796317162135133,0.7877537805785971,15,1961-07-31 23:59:59.999999999,1971-06-30 23:59:59.999999999,120,120,15,3,120
ME2 BM2,ff3,1961-07-31 23:59:59.999999999,1971-06-30 23:59:59.999999999,120,-0.0011799463886243435,0.0010502819139150278,-1.12345682905838,0.26124352573613707,12,0.9510965772244268,0.012978580448280807,-0.0011799463886243435,0.0010502819139150278,-1.12345682905838,0.26124352573613707,1.005234097883895,0.019942444382060383,50.40676451820384,0.0,0.9314291313436835,0.07021350670115725,13.265668887726012,3.6613922057909223e-40,0.02114642014708208,0.0748950420467941,0.28234739669242576,0.7776771459860271,4.08126851173699e-05,0.0008461016828976831,0.6050110318722467,-9.590919139697527e-05,0.0005356242092351209,-0.0011457326414978123,0.0009539142587038619,0.4289450599450497,-11.509102967637032,11.509102967637032,0.6434901235124463,16,1961-07-31 23:59:59.999999999,1971-06-30 23:59:59.999999999,120,120,16,2,120
ME5 BM4,ff3,1961-07-31 23:59:59.999999999,1971-06-30 23:59:59.999999999,120,-0.0007872859585772401,0.001022096201663051,-0.7702660055836706,0.4411421171240144,12,0.8993225559197694,0.012399392525899422,-0.0007872859585772401,0.001022096201663051,-0.7702660055836706,0.4411421171240144,0.9925484044081775,0.03612918891902875,27.47220278408785,3.773020457327407e-166,-0.16466566752327463,0.052940280572154864,-3.1104041335565618,0.0018683153112170827,0.561924517446255,0.05370506758057631,10.463156323249617,1.2753506435066408e-25,4.08126851173699e-05,0.0008461016828976831,0.7076401120163003,-0.0002036118889840555,0.00046023109249068364,-0.0011056648302657955,0.0006984410522976844,0.32909544562008153,-24.43342667808666,24.43342667808666,0.7877537805785971,17,1961-07-31 23:59:59.999999999,1971-06-30 23:59:59.999999999,120,120,17,2,120
ME3 BM3,ff3,1961-07-31 23:59:59.999999999,1971-06-30 23:59:59.999999999,120,-8.20464775476306e-05,0.0013040412722464963,-0.06291708651696859,0.9498325287278264,12,0.9232504885654979,0.01378477729331256,-8.20464775476306e-05,0.0013040412722464963,-0.06291708651696859,0.9498325287278264,1.0164747739437656,0.056278600974942077,18.06147907614741,6.408232456427681e-73,0.4993597052902471,0.06515530533212081,7.6641449647856765,1.800264674596931e-14,0.2188029938003387,0.05285184498472701,4.139931044291223,3.474102346775855e-05,4.08126851173699e-05,0.0008461016828976831,0.5917567211637826,-0.0003068008719160432,0.0005505264435299104,-0.0013858327012346674,0.0007722309574025811,0.28866590040580586,-36.816104629925185,36.816104629925185,0.9498325287278264,18,1961-07-31 23:59:59.999999999,1971-06-30 23:59:59.999999999,120,120,18,2,120
ME4 BM5,ff3,1961-07-31 23:59:59.999999999,1971-06-30 23:59:59.999999999,120,-9.41223379336812e-05,0.0011727485645298323,-0.08025790078149947,0.9360321404662272,12,0.8867647130251807,0.017936675394143887,-9.41223379336812e-05,0.0011727485645298323,-0.08025790078149947,0.9360321404662272,1.078367740137529,0.043976916097312885,24.521222401118305,8.772806779943138e-133,0.5149490183317275,0.0758087122731078,6.792741927558097,1.1002209449768126e-11,0.7646587392215437,0.08475235253742561,9.02227155150507,1.842288839421574e-19,4.08126851173699e-05,0.0008461016828976831,0.5345055607477707,-0.0003745240962315391,0.0006273551814227183,-0.001604140251820067,0.0008550920593569888,0.2752573869418927,-44.9428915477847,44.9428915477847,0.9498325287278264,19,1961-07-31 23:59:59.999999999,1971-06-30 23:59:59.999999999,120,120,19,2,120
ME4 BM2,ff3,1961-07-31 23:59:59.999999999,1971-06-30 23:59:59.999999999,120,-0.0012985948848616901,0.0015930859958021232,-0.8151442472556819,0.4149897467024981,12,0.8969649135519543,0.014571892930833824,-0.0012985948848616901,0.0015930859958021232,-0.8151442472556819,0.4149897467024981,1.0274464138313797,0.06602162712300745,15.562270404470713,1.313554563072575e-54,0.17128526859434484,0.0576584416206106,2.970688485155262,0.0029713300896730393,0.04974666100099345,0.07809130785365569,0.6370319868917993,0.5241040084754272,4.08126851173699e-05,0.0008461016828976831,0.47677250633996016,-0.00039193526526988667,0.0006292120393237321,-0.0016251908623444015,0.000841320331804628,0.26667559634867544,-47.0322318323864,47.0322318323864,0.7877537805785971,20,1961-07-31 23:59:59.999999999,1971-06-30 23:59:59.999999999,120,120,20,2,120
ME1 BM3,ff3,1961-07-31 23:59:59.999999999,1971-06-30 23:59:59.999999999,120,-0.000463959370438427,0.0012628096832003161,-0.3674024491660715,0.7133188449772605,12,0.9427059072421979,0.01518090598817224,-0.000463959370438427,0.0012628096832003161,-0.3674024491660715,0.7133188449772605,0.940586810680221,0.03774873548177922,24.917041555848378,4.863363288958166e-137,1.2505187889139706,0.09389479102297703,13.31829780214278,1.8119161939488804e-40,0.2545371435037181,0.054004591930965525,4.713250010834168,2.437967717818446e-06,4.08126851173699e-05,0.0008461016828976831,0.557573690062374,-0.00047062479331806646,0.0005896621420992743,-0.001626362591832644,0.0006851130051965112,0.21239863498625067,-56.474975198167975,56.474975198167975,0.8491891011634054,21,1961-07-31 23:59:59.999999999,1971-06-30 23:59:59.999999999,120,120,21,1,120
ME1 BM2,ff3,1961-07-31 23:59:59.999999999,1971-06-30 23:59:59.999999999,120,-0.0019417888744556963,0.0013255481633501292,-1.464894998268572,0.14294956765291303,12,0.9357854415244503,0.01735909718193379,-0.0019417888744556963,0.0013255481633501292,-1.464894998268572,0.14294956765291303,0.975584829238949,0.04176219539258122,23.36047758189109,1.0785242037904461e-120,1.3735799322177746,0.052274793429027265,26.27614270886913,3.5937649814075403e-152,0.11676331616463104,0.06565978141039035,1.7783080244332614,0.07535327915280389,4.08126851173699e-05,0.0008461016828976831,0.4970360698572025,-0.0005824421135593345,0.0006045777717775168,-0.0017674145462432676,0.0006025303191245985,0.16767677853248664,-69.89305362712014,69.89305362712014,0.5105341701889751,22,1961-07-31 23:59:59.999999999,1971-06-30 23:59:59.999999999,120,120,22,1,120
BIG HiBM,ff3,1961-07-31 23:59:59.999999999,1971-06-30 23:59:59.999999999,120,-0.0016362935085728466,0.0008979640392649359,-1.8222260992904566,0.06842068600877015,12,0.8915065013015934,0.014742816371745215,-0.0016362935085728466,0.0008979640392649359,-1.8222260992904566,0.06842068600877015,1.0743781407008024,0.04262486141662096,25.20543422299231,3.4922177330166976e-140,0.01370969441510459,0.06444010146348697,0.21275097499455012,0.8315212045210513,0.6743096438010631,0.08071443056398743,8.354263780210841,6.584206570859579e-17,4.08126851173699e-05,0.0008461016828976831,0.664557073413201,-0.0007868877214701564,0.0004990044972541482,-0.0017649365360882868,0.00019116109314797395,0.05740753199813886,-94.42652657641878,94.42652657641878,0.47336656174489894,23,1961-07-31 23:59:59.999999999,1971-06-30 23:59:59.999999999,120,120,23,1,120
ME2 BM1,ff3,1961-07-31 23:59:59.999999999,1971-06-30 23:59:59.999999999,120,-0.0024443823866518075,0.0013763683877633863,-1.7759652200556246,0.07573864987918383,12,0.9311191983418206,0.017910124318646012,-0.0024443823866518075,0.0013763683877633863,-1.7759652200556246,0.07573864987918383,1.0936223235645808,0.03778792800908281,28.941050255566136,3.6372191958824075e-184,1.0552414594368544,0.06585487446628716,16.02374111239192,8.723979596131546e-58,-0.4233642067219094,0.08719619488566345,-4.855305982985247,1.2020099225029092e-06,4.08126851173699e-05,0.0008461016828976831,0.549141256063741,-0.0013271869783815762,0.0005977811905888281,-0.0024988381119356792,-0.00015553584482747322,0.013202984274419339,-159.26243740578914,159.26243740578914,0.47336656174489894,24,1961-07-31 23:59:59.999999999,1971-06-30 23:59:59.999999999,120,120,24,1,120
ME5 BM2,ff3,1961-07-31 23:59:59.999999999,1971-06-30 23:59:59.999999999,120,-0.0017046671893874994,0.0007304092671449752,-2.333852082751777,0.019603468537215812,12,0.9270251780734157,0.00989030420835383,-0.0017046671893874994,0.0007304092671449752,-2.333852082751777,0.019603468537215812,0.9573733576283395,0.029168003157858936,32.82272538325572,2.791537735604345e-236,-0.22696826376729845,0.0362572020367975,-6.259949775963075,3.851014778517257e-10,0.032546122453551936,0.06674468212390584,0.4876212069320042,0.6258181714860656,4.08126851173699e-05,0.0008461016828976831,0.8000217916108731,-0.00150648163937084,0.00037852412831901257,-0.0022483889308761045,-0.0007645743478655754,3.447463677789138e-05,-180.7777967245008,180.7777967245008,0.47336656174489894,25,1961-07-31 23:59:59.999999999,1971-06-30 23:59:59.999999999,120,120,25,1,120
ME4 BM3,ff3,1971-07-31 23:59:59.999999999,1981-06-30 23:59:59.999999999,120,0.0014578892131727,0.0011854353066540256,1.229834479359059,0.21875909381391023,12,0.92102734644268,0.015100082107820949,0.0014578892131727,0.0011854353066540256,1.229834479359059,0.21875909381391023,1.030519711715059,0.04113764382247392,25.050528322968162,1.7228582413001784e-138,0.1958637020118476,0.06349397406099706,3.084760481737783,0.002037161366042846,0.4803230589293081,0.07149976048669943,6.7178275236133,1.8445383358648478e-11,0.00019943317740316288,0.0007454203069507867,0.595564096001574,0.0012319686249659004,0.0005867185462845788,8.200027424812577e-05,0.0023819369756836748,0.9821250574816652,147.83623499590806,0.0,0.9568118550620255,1,1971-07-31 23:59:59.999999999,1981-06-30 23:59:59.999999999,120,120,1,5,120
ME3 BM3,ff3,1971-07-31 23:59:59.999999999,1981-06-30 23:59:59.999999999,120,0.0006836540769883681,0.0008244912376149064,0.8291829504047211,0.40700089110067206,12,0.9478795057310524,0.01271625116670463,0.0006836540769883681,0.0008244912376149064,0.8291829504047211,0.40700089110067206,0.9446339610434011,0.03981490300813711,23.725637629968432,1.9610789568550783e-124,0.5153596726768572,0.043565963805283964,11.829410568769537,2.750665209261767e-32,0.38671393329536774,0.04558534734641241,8.48329465072733,2.1890538354094598e-17,0.00019943317740316288,0.0007454203069507867,0.6958801140449526,0.0012209886833306532,0.000435426554858861,0.00036755263580728567,0.0020744247308540206,0.9974773005463756,146.51864199967838,0.0,0.9568118550620255,2,1971-07-31 23:59:59.999999999,1981-06-30 23:59:59.999999999,120,120,2,5,120
ME2 BM5,ff3,1971-07-31 23:59:59.999999999,1981-06-30 23:59:59.999999999,120,0.0015494669856945765,0.0012219949622990275,1.2679814839657377,0.2048045629560773,12,0.9670046267090682,0.012706545134978315,0.0015494669856945765,0.0012219949622990275,1.2679814839657377,0.2048045629560773,1.0810259369491837,0.04828855300088148,22.386795001487208,5.2930889317201364e-111,0.8499062555063102,0.03675812226130377,23.121590636881596,2.808482012274939e-118,0.7181242379892573,0.047845290948863466,15.009298172243968,6.381938978356208e-51,0.00019943317740316288,0.0007454203069507867,0.48407192857587783,0.001006515320273792,0.0005620977460699789,-9.519626202336663e-05,0.0021082269025709506,0.9633245455638021,120.78183843285503,0.0,0.9568118550620255,3,1971-07-31 23:59:59.999999999,1981-06-30 23:59:59.999999999,120,120,3,5,120
ME4 BM1,ff3,1971-07-31 23:59:59.999999999,1981-06-30 23:59:59.999999999,120,-0.00019954634709655347,0.0012260907732130945,-0.16275006015551538,0.8707152301031568,12,0.9497103806420022,0.01466991799165776,-0.00019954634709655347,0.0012260907732130945,-0.16275006015551538,0.8707152301031568,1.1195789355504353,0.03417885738078633,32.75647641105192,2.4554291564025532e-235,0.352806773884188,0.057884248543648896,6.095039371862041,1.0941051963421604e-09,-0.370458681536027,0.04798708686934543,-7.719966051381195,1.1636069345647595e-14,0.00019943317740316288,0.0007454203069507867,0.4999506833058647,0.0006574490287670766,0.0005485146759025447,-0.00041763973600191103,0.0017325377935360643,0.8846580062248481,78.8938834520492,0.0,0.9568118550620255,4,1971-07-31 23:59:59.999999999,1981-06-30 23:59:59.999999999,120,120,4,5,120
SMALL HiBM,ff3,1971-07-31 23:59:59.999999999,1981-06-30 23:59:59.999999999,120,0.001215384130704789,0.0010543539578605524,1.1527287602457448,0.24902173285921758,12,0.9740246760778988,0.012060044752342607,0.001215384130704789,0.0010543539578605524,1.1527287602457448,0.24902173285921758,1.011353921509577,0.03656076518963919,27.662274470015213,1.986586198732075e-168,1.163426921821851,0.050082838482915046,23.23005159179896,2.263460577792658e-119,0.664002405678227,0.06358502782165046,10.442747741507423,1.5816510984000663e-25,0.00019943317740316288,0.0007454203069507867,0.600504217791618,0.000619254160380196,0.0005173565509954762,-0.0003947646795709374,0.0016332730003313293,0.8843385740760898,74.31049924562352,0.0,0.9568118550620255,5,1971-07-31 23:59:59.999999999,1981-06-30 23:59:59.999999999,120,120,5,5,120
ME5 BM3,ff3,1971-07-31 23:59:59.999999999,1981-06-30 23:59:59.999999999,120,0.0015238160108748146,0.0017975950718205108,0.8476970340887579,0.39660671854808416,12,0.8107921653568975,0.020057816417276206,0.0015238160108748146,0.0017975950718205108,0.8476970340887579,0.39660671854808416,0.9525632543425167,0.0685556748448991,13.894739662290586,6.817092449335757e-44,-0.2949108405178464,0.08367350606207505,-3.524542646737669,0.0004242145229736769,0.21846382815856955,0.1121407838061379,1.948121109410439,0.05140047352434803,0.00019943317740316288,0.0007454203069507867,0.4457766001204556,0.0006175884102450099,0.0005619961668873907,-0.0004839240768542757,0.0017191008973442955,0.864098356915575,74.11060922940119,0.0,0.9568118550620255,6,1971-07-31 23:59:59.999999999,1981-06-30 23:59:59.999999999,120,120,6,4,120
ME2 BM4,ff3,1971-07-31 23:59:59.999999999,1981-06-30 23:59:59.999999999,120,0.0003067644299488552,0.0009703177198382399,0.3161484364111123,0.7518898436927317,12,0.9668202816843281,0.010982620699967862,0.0003067644299488552,0.0009703177198382399,0.3161484364111123,0.7518898436927317,0.9643633560689323,0.02762664700148692,34.906999608639744,5.8218103027120385e-267,0.6882466509855972,0.03613592683158138,19.046049495099616,7.085162660736618e-81,0.513725861168446,0.04166604703724397,12.32960402289285,6.275434495159079e-35,0.00019943317740316288,0.0007454203069507867,0.6754724157955287,0.0005134455086748377,0.00045257075346102823,-0.00037359316810877763,0.0014004841854584529,0.87170941062595,61.61346104098052,0.0,0.9568118550620255,7,1971-07-31 23:59:59.999999999,1981-06-30 23:59:59.999999999,120,120,7,4,120
ME2 BM1,ff3,1971-07-31 23:59:59.999999999,1981-06-30 23:59:59.999999999,120,0.0005046196651528236,0.0014079988904465305,0.3583949309738372,0.7200477845606239,12,0.9594807937588327,0.015940230017102187,0.0005046196651528236,0.0014079988904465305,0.3583949309738372,0.7200477845606239,1.0858433440350104,0.05048866875863573,21.50667408613907,1.3483198653227318e-102,1.058846009963905,0.07270760688384034,14.563070569157176,4.8241337946798455e-48,-0.4559472498909691,0.0636049458867008,-7.168424460310772,7.586577471317039e-13,0.00019943317740316288,0.0007454203069507867,0.560399932548676,0.0005077951742912752,0.0005426577502108044,-0.0005558140161219014,0.0015714043647044517,0.8253005508505346,60.93542091495303,0.0,0.9568118550620255,8,1971-07-31 23:59:59.999999999,1981-06-30 23:59:59.999999999,120,120,8,4,120
ME5 BM2,ff3,1971-07-31 23:59:59.999999999,1981-06-30 23:59:59.999999999,120,0.0009207305041031692,0.0015111453733643782,0.609293136406378,0.5423301556907203,12,0.9119622841338597,0.014567390184273723,0.0009207305041031692,0.0015111453733643782,0.609293136406378,0.5423301556907203,1.0005329553406113,0.061315363615966685,16.317818183501235,7.372379344981358e-60,-0.1194299689040039,0.07284038113238958,-1.6396120812017216,0.10108584953439757,0.039212627640064876,0.09180233317457481,0.42714195036303326,0.6692759394479065,0.00019943317740316288,0.0007454203069507867,0.5127732942618665,0.0004887249698315862,0.000557772302579027,-0.0006045087432233068,0.0015819586828864792,0.8095417186349143,58.646996379790345,0.0,0.9568118550620255,9,1971-07-31 23:59:59.999999999,1981-06-30 23:59:59.999999999,120,120,9,4,120
SMALL LoBM,ff3,1971-07-31 23:59:59.999999999,1981-06-30 23:59:59.999999999,120,0.0003659136501190467,0.0015634198285064801,0.23404695491715777,0.8149485260522722,12,0.9595342004814791,0.017113201930087026,0.0003659136501190467,0.0015634198285064801,0.23404695491715777,0.8149485260522722,1.0927772577291899,0.0386922053559243,28.242826886626947,1.7434664976361056e-175,1.3224788406522443,0.052774433140901585,25.059081868702975,1.3900461447361614e-138,-0.3374318975916368,0.08033972255747616,-4.200063018019925,2.6684070064025464e-05,0.00019943317740316288,0.0007454203069507867,0.5252072092554724,0.000474283931403757,0.0005960665109725389,-0.0006940064301024193,0.0016425742929099332,0.7868937671744523,56.914071768450846,0.0,0.9568118550620255,10,1971-07-31 23:59:59.999999999,1981-06-30 23:59:59.999999999,120,120,10,4,120
ME4 BM5,ff3,1971-07-31 23:59:59.999999999,1981-06-30 23:59:59.999999999,120,0.00010290501838536333,0.0014647102759273634,0.07025622751244118,0.9439897217587394,12,0.9127148090114094,0.0192081655755359,0.00010290501838536333,0.0014647102759273634,0.07025622751244118,0.9439897217587394,1.2092535652946281,0.04359138965973323,27.74065187491957,2.2592026697551614e-169,0.2809556121702619,0.0782545553271151,3.59027804829799,0.00033032540536414684,0.8453212426341754,0.06718547681825349,12.581904344013106,2.6555021010574177e-36,0.00019943317740316288,0.0007454203069507867,0.43765100965822784,0.00038081295768522443,0.0006121199189343776,-0.0008189420834261558,0.0015805679987966046,0.7330690082958834,45.697554922226935,0.0,0.9568118550620255,11,1971-07-31 23:59:59.999999999,1981-06-30 23:59:59.999999999,120,120,11,3,120
ME1 BM4,ff3,1971-07-31 23:59:59.999999999,1981-06-30 23:59:59.999999999,120,-4.588224952361216e-05,0.0008277721639034564,-0.05542859681008002,0.9557970138915622,12,0.9783645570369884,0.00978468528736037,-4.588224952361216e-05,0.0008277721639034564,-0.05542859681008002,0.9557970138915622,0.9013738987643766,0.03758269723162484,23.98374691441503,4.109700142910915e-127,1.0498327744313296,0.036780309104413204,28.543337454044455,3.398168371498568e-179,0.465418226978693,0.06004343257819736,7.751359424239398,9.091395364584218e-15,0.00019943317740316288,0.0007454203069507867,0.789708025590248,0.00037452082443291943,0.0003902380170640889,-0.00039034568901269483,0.0011393873378785337,0.831402951259438,44.94249893195033,0.0,0.9568118550620255,12,1971-07-31 23:59:59.999999999,1981-06-30 23:59:59.999999999,120,120,12,3,120
ME2 BM2,ff3,1971-07-31 23:59:59.999999999,1981-06-30 23:59:59.999999999,120,-0.000287805859763807,0.0012803461548037789,-0.22478753787323638,0.822144561333706,12,0.9696784916723717,0.011993338320550282,-0.000287805859763807,0.0012803461548037789,-0.22478753787323638,0.822144561333706,1.0146745212766584,0.027550501348305403,36.82962093679176,6.199407817355684e-297,0.9349166532579117,0.059295306711709635,15.76712736816461,5.237849893436992e-56,0.11718175959588524,0.047570244393936485,2.463341550770375,0.013764872083143163,0.00019943317740316288,0.0007454203069507867,0.6090673103401545,0.00025450661312133977,0.000577637658666171,-0.0008776631978643552,0.0013866764241070347,0.6702483605745764,30.540793574560773,0.0,0.9568118550620255,13,1971-07-31 23:59:59.999999999,1981-06-30 23:59:59.999999999,120,120,13,3,120
ME1 BM2,ff3,1971-07-31 23:59:59.999999999,1981-06-30 23:59:59.999999999,120,-0.0001278210845747222,0.0012302702977363238,-0.10389674920211502,0.9172512869080879,12,0.9717933513951661,0.012789214929836094,-0.0001278210845747222,0.0012302702977363238,-0.10389674920211502,0.9172512869080879,0.9515563433012459,0.0285703768764405,33.30569797579084,3.1931230597220945e-243,1.3142372827365274,0.051356052868595355,25.590698843216476,1.9362986433108485e-144,0.0945156983244373,0.0634307076112434,1.4900621778288965,0.13620788784768126,0.00019943317740316288,0.0007454203069507867,0.5944355099235215,0.00023885141734753242,0.0005079056814209458,-0.0007566437182375213,0.001234346552932586,0.6809179602194807,28.66217008170389,0.0,0.9568118550620255,14,1971-07-31 23:59:59.999999999,1981-06-30 23:59:59.999999999,120,120,14,3,120
ME4 BM4,ff3,1971-07-31 23:59:59.999999999,1981-06-30 23:59:59.999999999,120,-6.679040584124272e-05,0.001233324493194767,-0.05415477127858772,0.9568118550620256,12,0.9139706745226994,0.015758941170285753,-6.679040584124272e-05,0.001233324493194767,-0.05415477127858772,0.9568118550620256,1.0198558976438516,0.034947285098704275,29.18269315523066,3.2158268684165393e-187,0.18973844801072762,0.04068393827825154,4.66371880502425,3.1054565823616958e-06,0.6831336593662426,0.05806501243192988,11.764979128646294,5.91409701744616e-32,0.00019943317740316288,0.0007454203069507867,0.4854896452538632,0.00023168187216777178,0.0005881302284213146,-0.0009210533755380049,0.0013844171198735484,0.6531834709708014,27.801824660132613,0.0,0.9568118550620255,15,1971-07-31 23:59:59.999999999,1981-06-30 23:59:59.999999999,120,120,15,3,120
ME5 BM4,ff3,1971-07-31 23:59:59.999999999,1981-06-30 23:59:59.999999999,120,0.0004812312035020995,0.0010152842400347423,0.47398667735217886,0.6355094076758183,12,0.8878774906750978,0.015331360278924126,0.0004812312035020995,0.0010152842400347423,0.47398667735217886,0.6355094076758183,0.9768990086615527,0.030033632759899277,32.52683471464372,4.4524457499939526e-232,-0.1936350134250473,0.051241752728670646,-3.7788522662439132,0.00015755285628651198,0.602592733965052,0.06297762923313124,9.568361675450943,1.086130939733169e-21,0.00019943317740316288,0.0007454203069507867,0.6234462317386791,1.3698042423460391e-05,0.00047182538713538776,-0.0009110797163618996,0.0009384758012088203,0.5115804720612733,1.643765090815247,0.0,0.9568118550620255,16,1971-07-31 23:59:59.999999999,1981-06-30 23:59:59.999999999,120,120,16,2,120
ME3 BM2,ff3,1971-07-31 23:59:59.999999999,1981-06-30 23:59:59.999999999,120,-0.0009133588432694892,0.001077286132638101,-0.8478331017153445,0.3965309254026885,12,0.9575825017746494,0.012729888341913787,-0.0009133588432694892,0.001077286132638101,-0.8478331017153445,0.3965309254026885,0.9902196432977934,0.027904717892768733,35.48574284473954,8.156361099241436e-276,0.6809247206096475,0.047828537172108464,14.236787509502452,5.416013518785439e-46,0.1542480281899949,0.06694221473008921,2.304196668902014,0.021211606118719552,0.00019943317740316288,0.0007454203069507867,0.6716017205593943,-0.00017026711910971912,0.00047833548456839385,-0.001107804668863771,0.0007672704306443328,0.36093618426733676,-20.432054293166292,20.432054293166292,0.9568118550620255,17,1971-07-31 23:59:59.999999999,1981-06-30 23:59:59.999999999,120,120,17,2,120
ME3 BM1,ff3,1971-07-31 23:59:59.999999999,1981-06-30 23:59:59.999999999,120,-0.0003107268686600359,0.0009374958476371422,-0.3314434612624575,0.7403095409418348,12,0.956948268037251,0.014903697424670403,-0.0003107268686600359,0.0009374958476371422,-0.3314434612624575,0.7403095409418348,1.1027529328656662,0.03459049560528973,31.880229339559637,5.018873270563581e-223,0.740135870959314,0.06488920886379587,11.40614724572892,3.8960666938587995e-30,-0.3520234122113458,0.0623278061895427,-5.647935227189305,1.62386333063948e-08,0.00019943317740316288,0.0007454203069507867,0.5420439584849662,-0.00021045959034863656,0.0005131057608811453,-0.0012161468816756814,0.0007952277009784083,0.3408413375483994,-25.255150841836386,25.255150841836386,0.9568118550620255,18,1971-07-31 23:59:59.999999999,1981-06-30 23:59:59.999999999,120,120,18,2,120
BIG LoBM,ff3,1971-07-31 23:59:59.999999999,1981-06-30 23:59:59.999999999,120,-0.0005930421563272274,0.001378454641186708,-0.43022246696248123,0.6670338204125492,12,0.9231851901299006,0.014244741001196465,-0.0005930421563272274,0.001378454641186708,-0.43022246696248123,0.6670338204125492,0.9727776828673858,0.060059459466100674,16.19691038705485,5.302505238813634e-59,-0.22208423264981061,0.041773948036963764,-5.316333338981964,1.0587910885696563e-07,-0.3834734475569369,0.07071047409472048,-5.423149151047321,5.855809099129587e-08,0.00019943317740316288,0.0007454203069507867,0.7193907916255421,-0.00021458230964442894,0.00040236835343625634,-0.0010032242823794914,0.0005740596630906334,0.29691359446794124,-25.749877157331472,25.749877157331472,0.9568118550620255,19,1971-07-31 23:59:59.999999999,1981-06-30 23:59:59.999999999,120,120,19,2,120
ME3 BM4,ff3,1971-07-31 23:59:59.999999999,1981-06-30 23:59:59.999999999,120,-0.0001056000009514146,0.0010519663528935762,-0.10038343969932828,0.920039916558657,12,0.9549521056335115,0.011477448864299059,-0.0001056000009514146,0.0010519663528935762,-0.10038343969932828,0.920039916558657,0.9687881434220289,0.022883283027678943,42.33606437722295,0.0,0.38583304920798295,0.0398522782360214,9.681580734805742,3.61089172488515e-22,0.6221624352638196,0.04035698888161575,15.416473143942609,1.2684499777921942e-53,0.00019943317740316288,0.0007454203069507867,0.6349599059682736,-0.00024188735233902223,0.0004692991372156447,-0.0011617136612816859,0.0006779389566036415,0.3031288932669568,-29.026482280682668,29.026482280682668,0.9568118550620255,20,1971-07-31 23:59:59.999999999,1981-06-30 23:59:59.999999999,120,120,20,2,120
ME2 BM3,ff3,1971-07-31 23:59:59.999999999,1981-06-30 23:59:59.999999999,120,-0.0008573106067389204,0.0011949206964018977,-0.7174623465142276,0.4730888617724016,12,0.9611735717972685,0.012489290795568488,-0.0008573106067389204,0.0011949206964018977,-0.7174623465142276,0.4730888617724016,0.9492193248946366,0.043598976664205286,21.771596434600372,4.313427668578737e-105,0.8368962739012157,0.037815815144829595,22.130853736618214,1.595282707512827e-108,0.32324878613081626,0.059795970215221414,5.405862384494455,6.449730423060908e-08,0.00019943317740316288,0.0007454203069507867,0.5524614336746202,-0.00030310998455000064,0.0005305484995977041,-0.0013429850437615006,0.0007367650746614992,0.283893279524468,-36.37319814600008,36.37319814600008,0.9568118550620255,21,1971-07-31 23:59:59.999999999,1981-06-30 23:59:59.999999999,120,120,21,1,120
BIG HiBM,ff3,1971-07-31 23:59:59.999999999,1981-06-30 23:59:59.999999999,120,-0.002920000673008742,0.0020359902794571893,-1.4341918536994374,0.15151752112691216,12,0.7743386913569299,0.024697824734121476,-0.002920000673008742,0.0020359902794571893,-1.4341918536994374,0.15151752112691216,0.947095661319347,0.0843164008915112,11.23263862434027,2.819312203645031e-29,0.0010077935300177076,0.1061728177598261,0.009492010773392498,0.9924265848783713,0.8407539265530863,0.08258082371900743,10.180982565805673,2.4111433192012035e-24,0.00019943317740316288,0.0007454203069507867,0.3019098836639197,-0.0005682306112630343,0.0006879277108588532,-0.0019165689245463865,0.000780107702020318,0.2044010885068373,-68.18767335156411,68.18767335156411,0.9568118550620255,22,1971-07-31 23:59:59.999999999,1981-06-30 23:59:59.999999999,120,120,22,1,120
ME1 BM3,ff3,1971-07-31 23:59:59.999999999,1981-06-30 23:59:59.999999999,120,-0.0014944900314350297,0.0012013038804948204,-1.2440566085738816,0.21347872935346612,12,0.9807569522420396,0.009666629164093539,-0.0014944900314350297,0.0012013038804948204,-1.2440566085738816,0.21347872935346612,0.9423272354408354,0.021913334773405114,43.00245695988184,0.0,1.1124147355262848,0.030613382696059614,36.337530764591676,4.1355588391192885e-289,0.3535212460918109,0.044720179804837924,7.905183915507563,2.675383028060553e-15,0.00019943317740316288,0.0007454203069507867,0.6037357062264671,-0.0006261922250679294,0.000532788771009161,-0.001670458216245885,0.00041807376611002625,0.11993526204436034,-75.14306700815152,75.14306700815152,0.9568118550620255,23,1971-07-31 23:59:59.999999999,1981-06-30 23:59:59.999999999,120,120,23,1,120
ME4 BM2,ff3,1971-07-31 23:59:59.999999999,1981-06-30 23:59:59.999999999,120,-0.0015787019151296676,0.002028946002108627,-0.7780896650226112,0.4365161550319171,12,0.9237613563627248,0.01616281230312412,-0.0015787019151296676,0.002028946002108627,-0.7780896650226112,0.4365161550319171,1.0584070903708647,0.04759551471334199,22.237538489612586,1.4890388916745644e-109,0.3216614033638322,0.07540342838996486,4.265872391110546,1.99122575709391e-05,0.10136331348405934,0.0912232361707454,1.111156737460338,0.26650088941001115,0.00019943317740316288,0.0007454203069507867,0.5423845617411452,-0.0007068920066121069,0.0006218750489209292,-0.001925767102497128,0.0005119830892729143,0.12782962763366612,-84.82704079345282,84.82704079345282,0.9568118550620255,24,1971-07-31 23:59:59.999999999,1981-06-30 23:59:59.999999999,120,120,24,1,120
ME3 BM5,ff3,1971-07-31 23:59:59.999999999,1981-06-30 23:59:59.999999999,120,-0.0007707658280500927,0.0018635937119419615,-0.41359112939210047,0.6791735707704512,12,0.9346424905637315,0.01714608776219953,-0.0007707658280500927,0.0018635937119419615,-0.41359112939210047,0.6791735707704512,1.044066067018544,0.03012082018547008,34.662604158507904,2.8850221953280425e-263,0.7470209078923582,0.053228646719441275,14.034189368551345,9.629116145432493e-45,0.7458077059591253,0.0441428175195551,16.895335365232075,4.869374208186161e-64,0.00019943317740316288,0.0007454203069507867,0.3382376558685517,-0.0008046349053283828,0.0006196921492693106,-0.0020192315178962318,0.0004099617072394659,0.09706758336513932,-96.55618863940595,96.55618863940595,0.9568118550620255,25,1971-07-31 23:59:59.999999999,1981-06-30 23:59:59.999999999,120,120,25,1,120
ME2 BM4,ff3,1981-07-31 23:59:59.999999999,1991-06-30 23:59:59.999999999,120,0.003960317557396391,0.0006925891126674831,5.718134294868373,1.077000115564537e-08,12,0.9550006834452636,0.010077680636602184,0.003960317557396391,0.0006925891126674831,5.718134294868373,1.077000115564537e-08,0.9011140565800896,0.021195653044673055,42.514097333111415,0.0,0.7025853289250386,0.0416187751990774,16.881451353729734,6.161131924997907e-64,0.2949613502069764,0.04830847366425514,6.105789064191175,1.0229403358382883e-09,-0.00011015887123111516,0.0022997701338962812,0.9349614343998737,0.003288736300174607,0.000587412796282693,0.0021374072194605288,0.004440065380888685,0.9999999892004996,394.6483560209528,0.0,1.3462501444556712e-07,1,1981-07-31 23:59:59.999999999,1991-06-30 23:59:59.999999999,120,120,1,5,120
BIG LoBM,ff3,1981-07-31 23:59:59.999999999,1991-06-30 23:59:59.999999999,120,0.003483414349725125,0.0008893829651100232,3.916664121506084,8.978270044096258e-05,12,0.9620655444925817,0.010326866208198686,0.003483414349725125,0.0008893829651100232,3.916664121506084,8.978270044096258e-05,0.9161482874115271,0.024944010093515556,36.7281878084907,2.592536575451671e-295,-0.25968991908562117,0.053175805137593006,-4.883610476863876,1.0416074586037217e-06,-0.5314581024227393,0.041576375596810426,-12.782694373761396,2.048479851438993e-37,-0.00011015887123111516,0.0022997701338962812,0.9003773637705972,0.0027364822585943718,0.0007263526332860276,0.0013128310973537578,0.004160133419834986,0.9999175314148888,328.3778710313246,0.0,0.0007481891703413549,2,1981-07-31 23:59:59.999999999,1991-06-30 23:59:59.999999999,120,120,2,5,120
ME1 BM4,ff3,1981-07-31 23:59:59.999999999,1991-06-30 23:59:59.999999999,120,0.0019475603435122866,0.0009212282038853265,2.1140910963194055,0.034507487510566884,12,0.9661960056601137,0.009367353246700627,0.0019475603435122866,0.0009212282038853265,2.1140910963194055,0.034507487510566884,0.8611755184875021,0.028105939680940255,30.64033895552331,3.5543507219023327e-206,1.012377065131116,0.05148455921369892,19.663702682759777,4.413115412236208e-86,0.19153400222648836,0.03844821645049984,4.981609549381279,6.30575695578274e-07,-0.00011015887123111516,0.0022997701338962812,0.9145181941891956,0.0024838649659585134,0.0006747558293006446,0.00116134354052925,0.0038063863913877765,0.9998838994178049,298.0637959150216,0.0,0.0862687187764172,3,1981-07-31 23:59:59.999999999,1991-06-30 23:59:59.999999999,120,120,3,5,120
ME2 BM3,ff3,1981-07-31 23:59:59.999999999,1991-06-30 23:59:59.999999999,120,0.0028290238653379276,0.0007865650149619693,3.5966815349328902,0.00032230267825674754,12,0.9696498671640409,0.009359764089685401,0.0028290238653379276,0.0007865650149619693,3.5966815349328902,0.00032230267825674754,0.9904041005820778,0.020040938621778928,49.41904764409507,0.0,0.7864712902605996,0.04167617479743065,18.871004694727542,1.9750755706349458e-79,0.1907879918580308,0.03628025182301809,5.258728434100474,1.4505491588770753e-07,-0.00011015887123111516,0.0022997701338962812,0.9142879060096445,0.0024649014894869013,0.000673295462231759,0.0011452423835126536,0.0037845605954611493,0.9998743594412208,295.7881787384282,0.0,0.0016115133912837376,4,1981-07-31 23:59:59.999999999,1991-06-30 23:59:59.999999999,120,120,4,5,120
ME4 BM1,ff3,1981-07-31 23:59:59.999999999,1991-06-30 23:59:59.999999999,120,0.002699459019610704,0.0010282320633806493,2.6253402473517014,0.00865624185363231,12,0.9652278316639071,0.01129526973981625,0.002699459019610704,0.0010282320633806493,2.6253402473517014,0.00865624185363231,0.9949615163415835,0.026574898401510515,37.43989916006716,8.770190712824665e-307,0.17926078822147046,0.03639040836766945,4.926044973453285,8.391069230265102e-07,-0.5895865367546594,0.06740147379036451,-8.747383456160343,2.1835669751702637e-18,-0.00011015887123111516,0.0022997701338962812,0.872423131893575,0.0018029632236604423,0.0008323835735535947,0.00017149141949539671,0.003434435027825488,0.9848453430525725,216.35558683925308,0.0,0.028280510056593103,5,1981-07-31 23:59:59.999999999,1991-06-30 23:59:59.999999999,120,120,5,5,120
ME3 BM2,ff3,1981-07-31 23:59:59.999999999,1991-06-30 23:59:59.999999999,120,0.0022438990625987983,0.0008596759380850827,2.610168510237771,0.009049763218109793,12,0.956993474518011,0.011888665148194713,0.0022438990625987983,0.0008596759380850827,2.610168510237771,0.009049763218109793,1.0188066820780106,0.022257696225101195,45.77323150493211,0.0,0.6167168652431863,0.03621457860350105,17.029519299268195,4.9610065434943355e-65,-0.0740513820573848,0.07312182159237542,-1.0127124905365639,0.3111975099846528,-0.00011015887123111516,0.0022997701338962812,0.9010501736187537,0.0015092160383709296,0.0007273008655121944,8.37063419670285e-05,0.0029347257347748304,0.9810109847004465,181.10592460451156,0.0,0.028280510056593103,6,1981-07-31 23:59:59.999999999,1991-06-30 23:59:59.999999999,120,120,6,4,120
ME1 BM3,ff3,1981-07-31 23:59:59.999999999,1991-06-30 23:59:59.999999999,120,0.0010936906905868956,0.0011911898657092257,0.9181497610674518,0.35854046624242975,12,0.9647107055843666,0.010430797768682443,0.0010936906905868956,0.0011911898657092257,0.9181497610674518,0.35854046624242975,0.9299135256897592,0.02654842104525611,35.02707464615579,8.711855458882265e-269,1.0700227447331427,0.05791725471724321,18.475025274541785,3.2807361776247444e-76,0.14763486012458485,0.04441012959360018,3.324351031523675,0.000886245666217255,-0.00011015887123111516,0.0022997701338962812,0.8303819997930637,0.0013728600233310411,0.0009471637204039376,-0.00048358086866067654,0.0032293009153227586,0.9263930755071857,164.74320279972494,0.0,0.5975674437373829,7,1981-07-31 23:59:59.999999999,1991-06-30 23:59:59.999999999,120,120,7,4,120
ME3 BM4,ff3,1981-07-31 23:59:59.999999999,1991-06-30 23:59:59.999999999,120,0.0009819977040073956,0.0010294681203651087,0.9538884056546818,0.34014013298069323,12,0.9382621023941743,0.011763510704144553,0.0009819977040073956,0.0010294681203651087,0.9538884056546818,0.34014013298069323,0.9728220956483584,0.024648120517141332,39.468408756433064,0.0,0.46519434116283154,0.04357014571998464,10.67690579123901,1.305507273618486e-26,0.41434332060965473,0.04578328824481908,9.050099643215177,1.4283793647291946e-19,-0.00011015887123111516,0.0022997701338962812,0.8747397292635254,0.0010326119302884581,0.0008190464626263476,-0.0005727191364591831,0.0026379429970360994,0.896300335884985,123.91343163461497,0.0,0.5975674437373829,8,1981-07-31 23:59:59.999999999,1991-06-30 23:59:59.999999999,120,120,8,4,120
ME2 BM2,ff3,1981-07-31 23:59:59.999999999,1991-06-30 23:59:59.999999999,120,0.0014629833834081695,0.0012402859892405521,1.1795532611829138,0.23817794149425375,12,0.9624460758237277,0.01189729284735545,0.0014629833834081695,0.0012402859892405521,1.1795532611829138,0.23817794149425375,1.0245276586357155,0.025520067452405044,40.14596201779093,0.0,0.9136750676716685,0.09099898198978562,10.040497681328192,1.0116245477561931e-23,-0.09529145787868468,0.046594797933448735,-2.045109370681021,0.04084407665393456,-0.00011015887123111516,0.0022997701338962812,0.8159789550030393,0.0006891198713012022,0.0010088494399540754,-0.0012882250310087856,0.00266646477361119,0.7527202866554881,82.69438455614426,0.0,0.4962040447796953,9,1981-07-31 23:59:59.999999999,1991-06-30 23:59:59.999999999,120,120,9,4,120
ME4 BM5,ff3,1981-07-31 23:59:59.999999999,1991-06-30 23:59:59.999999999,120,0.000734029478885427,0.0014597164747480965,0.5028575696606414,0.6150644145410982,12,0.9070296529212261,0.015123652049670077,0.000734029478885427,0.0014597164747480965,0.5028575696606414,0.6150644145410982,1.080659751769653,0.044677532669452215,24.18799085806595,2.976286901493915e-129,0.21208968127579433,0.08324642991272597,2.547733055917776,0.010842540307272348,0.5951638280564124,0.06434491034011128,9.249586718056232,2.2536234498078996e-20,-0.00011015887123111516,0.0022997701338962812,0.7656656042118634,0.00042699564946014436,0.0011236790753489346,-0.0017754153382237674,0.002629406637144056,0.6480264999714571,51.23947793521732,0.0,0.732219541120355,10,1981-07-31 23:59:59.999999999,1991-06-30 23:59:59.999999999,120,120,10,4,120
ME3 BM5,ff3,1981-07-31 23:59:59.999999999,1991-06-30 23:59:59.999999999,120,0.000855353661014462,0.0009261638386729616,0.9235446530065795,0.355723441583945,12,0.9309048871092149,0.012908203797428382,0.000855353661014462,0.0009261638386729616,0.9235446530065795,0.355723441583945,1.0394444464852486,0.021849152641086483,47.57367315612111,0.0,0.5111716740675255,0.05129276956223806,9.96576473507198,2.152111786993687e-23,0.6208723596750009,0.048449455035647446,12.814847127138671,1.3540496761245224e-37,-0.00011015887123111516,0.0022997701338962812,0.8825032793760345,0.00015031291100996088,0.0007921047186764135,-0.0014022123375958095,0.0017028381596157314,0.5752529423015194,18.037549321195304,0.0,0.5975674437373829,11,1981-07-31 23:59:59.999999999,1991-06-30 23:59:59.999999999,120,120,11,3,120
SMALL HiBM,ff3,1981-07-31 23:59:59.999999999,1991-06-30 23:59:59.999999999,120,0.0001713643390323835,0.0013275448345502784,0.12908365470792946,0.8972914554490344,12,0.9502993290664858,0.011647955716886363,0.0001713643390323835,0.0013275448345502784,0.12908365470792946,0.8972914554490344,0.9257952461793905,0.02495317551362673,37.10129981948875,2.6770630697334855e-301,1.1189842266383931,0.04841048251532835,23.114502655165357,3.309542237200585e-118,0.48677593469363156,0.04802245884724163,10.136422548500796,3.8079014532721344e-24,-0.00011015887123111516,0.0022997701338962812,0.7948298504494885,2.776955117344278e-05,0.001049036411807155,-0.002028341815968581,0.0020838809183154664,0.5105593611729308,3.332346140813134,0.0,0.9016955226890514,12,1981-07-31 23:59:59.999999999,1991-06-30 23:59:59.999999999,120,120,12,3,120
ME5 BM2,ff3,1981-07-31 23:59:59.999999999,1991-06-30 23:59:59.999999999,120,0.0009622603173897658,0.001115210652858114,0.8628507223488585,0.38821954712707263,12,0.9529472559258723,0.011648914087818735,0.0009622603173897658,0.001115210652858114,0.8628507223488585,0.38821954712707263,1.0360746057427874,0.02512264488762518,41.24066595604084,0.0,-0.2776778407730288,0.05054192025109603,-5.494010504418997,3.929071042311916e-08,-0.20686666166893372,0.039453813091803146,-5.2432615622623295,1.5776264320867235e-07,-0.00011015887123111516,0.0022997701338962812,0.8520978397683074,-0.0001753260446123737,0.0008865004992034008,-0.0019128670230510391,0.0015622149338262918,0.4216112558426901,-21.039125353484845,21.039125353484845,0.6065930423860509,13,1981-07-31 23:59:59.999999999,1991-06-30 23:59:59.999999999,120,120,13,3,120
ME3 BM1,ff3,1981-07-31 23:59:59.999999999,1991-06-30 23:59:59.999999999,120,0.00044192694287049553,0.0008026474800221042,0.5505865948253214,0.5819171003139325,12,0.9725134918758884,0.010952778982015215,0.00044192694287049553,0.0008026474800221042,0.5505865948253214,0.5819171003139325,1.0417343914803874,0.026535398482047175,39.258290851941965,0.0,0.5930251060352155,0.052782938062352264,11.235166661898916,2.7397635588006206e-29,-0.5638185358002824,0.05509952940987715,-10.232728697301946,1.4147586557426964e-24,-0.00011015887123111516,0.0022997701338962812,0.9257881310897701,-0.0001904013063226642,0.0006398606030663161,-0.0014445280883326438,0.0010637254756873152,0.3830168880957968,-22.848156758719703,22.848156758719703,0.7273963753924156,14,1981-07-31 23:59:59.999999999,1991-06-30 23:59:59.999999999,120,120,14,3,120
ME4 BM4,ff3,1981-07-31 23:59:59.999999999,1991-06-30 23:59:59.999999999,120,-0.0007451922477361413,0.0010327791233460568,-0.7215407737153176,0.47057686367867047,12,0.929303699080885,0.012484427882868921,-0.0007451922477361413,0.0010327791233460568,-0.7215407737153176,0.47057686367867047,1.0183086552348017,0.05866934322732985,17.356742026054327,1.7539837922766826e-67,0.10492301260191184,0.04302679042916092,2.4385507623362366,0.0147462874273459,0.42044338151113464,0.06559619801062845,6.4095693692950135,1.4593123802747101e-10,-0.00011015887123111516,0.0022997701338962812,0.8755607182232036,-0.00025320992223752556,0.0008155085327289223,-0.0018516066463862134,0.0013451868019111622,0.3780929330506242,-30.385190668503064,30.385190668503064,0.6191800837877244,15,1981-07-31 23:59:59.999999999,1991-06-30 23:59:59.999999999,120,120,15,3,120
BIG HiBM,ff3,1981-07-31 23:59:59.999999999,1991-06-30 23:59:59.999999999,120,-0.00016932168416931932,0.0009200741626451441,-0.1840304738941176,0.8539895484737006,12,0.9110697789889748,0.013631757185081935,-0.00016932168416931932,0.0009200741626451441,-0.1840304738941176,0.8539895484737006,1.0484739530840588,0.030168410341097334,34.75403381316916,1.2045646224909476e-264,-0.24079697032580863,0.047041180144679666,-5.118854790318067,3.073965187436763e-07,0.663021189021925,0.04670321970268754,14.19647710035228,9.633497524210602e-46,-0.00011015887123111516,0.0022997701338962812,0.8797162114396597,-0.0004321238918773756,0.000804813983900938,-0.002009559300323214,0.001145311516568463,0.29566007825151064,-51.854867025285074,51.854867025285074,0.9016955226890514,16,1981-07-31 23:59:59.999999999,1991-06-30 23:59:59.999999999,120,120,16,2,120
ME4 BM2,ff3,1981-07-31 23:59:59.999999999,1991-06-30 23:59:59.999999999,120,-0.00044081525547582024,0.0009789632065964424,-0.4502878683340929,0.6525028854302628,12,0.9542700450221466,0.012197822892878936,-0.00044081525547582024,0.0009789632065964424,-0.4502878683340929,0.6525028854302628,1.0573239250374717,0.025680843094199365,41.17169834179991,0.0,0.2996864852175018,0.06590903203472223,4.546971423576981,5.442338427990903e-06,-0.13049244225527004,0.03917163550269908,-3.3312993083038007,0.0008644160477110513,-0.00011015887123111516,0.0022997701338962812,0.879465815222434,-0.0007692707148833221,0.0008053804652694957,-0.002347816426811534,0.0008092749970448896,0.16974729355050383,-92.31248578599865,92.31248578599865,0.7414805516252987,17,1981-07-31 23:59:59.999999999,1991-06-30 23:59:59.999999999,120,120,17,2,120
ME1 BM2,ff3,1981-07-31 23:59:59.999999999,1991-06-30 23:59:59.999999999,120,-0.0011849927331212611,0.0008566020571296883,-1.3833643326656815,0.1665531812099409,12,0.956548810730357,0.012512514761109855,-0.0011849927331212611,0.0008566020571296883,-1.3833643326656815,0.1665531812099409,0.9716923273904305,0.017858541708407324,54.410508050216876,0.0,1.0349095601657297,0.03646092182057499,28.384075566123716,3.179842192226076e-177,-0.0464648654970868,0.08665332647909381,-0.5362156005435871,0.5918095528454761,-0.00011015887123111516,0.0022997701338962812,0.8921867282478796,-0.000970093851730977,0.000762877796679635,-0.0024653343332230616,0.0005251466297611076,0.10175334085854221,-116.41126220771724,116.41126220771724,0.3785299572953202,18,1981-07-31 23:59:59.999999999,1991-06-30 23:59:59.999999999,120,120,18,2,120
ME2 BM5,ff3,1981-07-31 23:59:59.999999999,1991-06-30 23:59:59.999999999,120,-0.00013593454758636814,0.001100508455964248,-0.12351976656759485,0.9016955226890513,12,0.9653543381658132,0.010020785834291269,-0.00013593454758636814,0.001100508455964248,-0.12351976656759485,0.9016955226890513,1.0619669807512564,0.02155770734089624,49.26159187329918,0.0,0.9451941514306724,0.04794326556430983,19.714847128275274,1.6080133712675917e-86,0.6484225871935194,0.03784825730052611,17.132164951343903,8.5416197309024e-66,-0.00011015887123111516,0.0022997701338962812,0.86421836039831,-0.0010396424615931208,0.0008539428127160633,-0.002713370374516605,0.0006340854513303632,0.11171434610373654,-124.7570953911745,124.7570953911745,0.9016955226890514,19,1981-07-31 23:59:59.999999999,1991-06-30 23:59:59.999999999,120,120,19,2,120
ME3 BM3,ff3,1981-07-31 23:59:59.999999999,1991-06-30 23:59:59.999999999,120,-0.0006412176363726027,0.0008684842794559954,-0.7383180692392626,0.4603211887580634,12,0.9426030926117492,0.012172752245444857,-0.0006412176363726027,0.0008684842794559954,-0.7383180692392626,0.4603211887580634,0.9827949326176141,0.028382495963960565,34.62679722972723,9.985007876925131e-263,0.5920863476965612,0.058785170950963236,10.07203582329396,7.344190688765999e-24,0.26687344376526617,0.05625738000926678,4.7437943914435134,2.0975174889301287e-06,-0.00011015887123111516,0.0022997701338962812,0.9052904966596566,-0.0013164287052575326,0.0007078324102931993,-0.0027037802294322035,7.092281891713805e-05,0.031456714878749945,-157.9714446309039,157.9714446309039,0.6191800837877244,20,1981-07-31 23:59:59.999999999,1991-06-30 23:59:59.999999999,120,120,20,2,120
ME5 BM3,ff3,1981-07-31 23:59:59.999999999,1991-06-30 23:59:59.999999999,120,-0.0022132117721022837,0.000979377423928515,-2.2598149784018573,0.0238327363935809,12,0.936459332649304,0.011999001908233511,-0.0022132117721022837,0.000979377423928515,-2.2598149784018573,0.0238327363935809,0.9956150813451669,0.03688457955627945,26.99271872751136,1.7994056531488245e-160,-0.2596408953101286,0.06703709647044104,-3.8730927945934117,0.00010746288766808443,0.11883969132775019,0.05457362722992001,2.1776029441304257,0.029435610174415903,-0.00011015887123111516,0.0022997701338962812,0.8724222318506705,-0.0013435722702274048,0.000827034916246204,-0.0029645607060699644,0.000277416165615155,0.05212760236452654,-161.22867242728856,161.22867242728856,0.06620204553772473,21,1981-07-31 23:59:59.999999999,1991-06-30 23:59:59.999999999,120,120,21,1,120
ME5 BM4,ff3,1981-07-31 23:59:59.999999999,1991-06-30 23:59:59.999999999,120,-0.0028571297452186775,0.0009138118939483608,-3.1266059942311637,0.0017683674632993616,12,0.9320747609463162,0.011679555435871139,-0.0028571297452186775,0.0009138118939483608,-3.1266059942311637,0.0017683674632993616,1.0197508235699186,0.03575894891551095,28.517360115346882,7.136963445984609e-179,-0.280176797203591,0.06927534146789147,-4.044394315016846,5.2458565190827155e-05,0.5155045334504129,0.048120460784995864,10.712792958357314,8.864633801143309e-27,-0.00011015887123111516,0.0022997701338962812,0.8924585450824916,-0.0019566752520690095,0.0007592509189026969,-0.0034448070531182956,-0.0004685434510197236,0.004981471800466704,-234.80103024828114,234.80103024828114,0.00736819776374734,22,1981-07-31 23:59:59.999999999,1991-06-30 23:59:59.999999999,120,120,22,1,120
ME4 BM3,ff3,1981-07-31 23:59:59.999999999,1991-06-30 23:59:59.999999999,120,-0.0010275949621806827,0.001419536938519437,-0.7238944857979209,0.4691305155575639,12,0.9384983775317427,0.013555037672063019,-0.0010275949621806827,0.001419536938519437,-0.7238944857979209,0.4691305155575639,1.0838682554955072,0.05124557773741418,21.15047392087805,2.7318360688402554e-99,0.36385998737077624,0.06576031760247296,5.533123936084716,3.145770255441469e-08,0.19063550622166106,0.08435006282488747,2.2600517395870168,0.023818039866116712,-0.00011015887123111516,0.0022997701338962812,0.7930371779488914,-0.001977780468952149,0.0010790066410912198,-0.004092633485490939,0.00013707254758664163,0.033403952814668035,-237.3336562742579,237.3336562742579,0.6191800837877244,23,1981-07-31 23:59:59.999999999,1991-06-30 23:59:59.999999999,120,120,23,1,120
ME2 BM1,ff3,1981-07-31 23:59:59.999999999,1991-06-30 23:59:59.999999999,120,-0.0028871493798309977,0.0007654484007316967,-3.7718406323289124,0.00016204774732086862,12,0.9783466966455518,0.010420342378111574,-0.0028871493798309977,0.0007654484007316967,-3.7718406323289124,0.00016204774732086862,1.0844835091772254,0.028891194652506204,37.53681778206255,2.311835890884069e-308,0.7866924876002519,0.04788075455472331,16.43024415375774,1.1619019841014204e-60,-0.6042207230439995,0.05155153350563095,-11.720712885834924,9.98283727872069e-32,-0.00011015887123111516,0.0022997701338962812,0.93102886415362,-0.0031424219633030804,0.0006136518070708467,-0.004345179505161939,-0.001939664421444221,1.5207667671178985e-07,-377.0906355963696,377.0906355963696,0.0010127984207554288,24,1981-07-31 23:59:59.999999999,1991-06-30 23:59:59.999999999,120,120,24,1,120
SMALL LoBM,ff3,1981-07-31 23:59:59.999999999,1991-06-30 23:59:59.999999999,120,-0.009976291320784718,0.0016129945356430494,-6.1849504758597895,6.212196942310826e-10,12,0.9334381656736236,0.01783683744710541,-0.009976291320784718,0.0016129945356430494,-6.1849504758597895,6.212196942310826e-10,1.040658521311752,0.026177370859251283,39.75412683371047,0.0,1.159908822899202,0.06825272334350233,16.994322952677106,9.046889444272921e-65,-0.2525722169678813,0.10320834577331339,-2.4472072977763872,0.014396800891473088,-0.00011015887123111516,0.0022997701338962812,0.7672814999057667,-0.007172859140521361,0.0011223670403145661,-0.009372698539537911,-0.004973019741504811,8.249281230085377e-11,-860.7430968625633,860.7430968625633,1.5530492355777064e-08,25,1981-07-31 23:59:59.999999999,1991-06-30 23:59:59.999999999,120,120,25,1,120
ME1 BM4,ff3,1991-07-31 23:59:59.999999999,2001-06-30 23:59:59.999999999,120,0.004880807790566801,0.0015047899655812494,3.2435143124319747,0.0011806487881764456,12,0.9008008930584452,0.016811443835417054,0.004880807790566801,0.0015047899655812494,3.2435143124319747,0.0011806487881764456,0.8536714123383713,0.03474938731695887,24.566516944652747,2.8809325646948233e-133,1.1087756477847304,0.06766113231340054,16.387187294604782,2.361202330826319e-60,0.47555666004246583,0.04926321516406469,9.65338251794339,4.756052388534937e-22,9.156035844524295e-05,0.0019132032990333318,0.8181063194085396,0.003142056990553949,0.0008799073326707787,0.0014174386185192228,0.004866675362588675,0.9998221184774067,377.0468388664739,0.0,0.027614729907070295,1,1991-07-31 23:59:59.999999999,2001-06-30 23:59:59.999999999,120,120,1,5,120
SMALL HiBM,ff3,1991-07-31 23:59:59.999999999,2001-06-30 23:59:59.999999999,120,0.0027447796661979077,0.0010099508974437093,2.717735756406802,0.006573030922095726,12,0.8785243280355979,0.016590412506766496,0.0027447796661979077,0.0010099508974437093,2.717735756406802,0.006573030922095726,0.9241397423425068,0.03262659365208811,28.324738775890008,1.7139377451230428e-176,0.9636304508744238,0.06460032862512984,14.916804161574605,2.5625605564140806e-50,0.6772258563820036,0.0845539196645125,8.00939635996836,1.1527283416118852e-15,9.156035844524295e-05,0.0019132032990333318,0.8681045994802761,0.002888023264998219,0.00069501772488803,0.0015257885242176805,0.0042502580057787575,0.9999837585966389,346.5627917997863,0.0,0.05477525768413105,2,1991-07-31 23:59:59.999999999,2001-06-30 23:59:59.999999999,120,120,2,5,120
BIG LoBM,ff3,1991-07-31 23:59:59.999999999,2001-06-30 23:59:59.999999999,120,0.00340980400282114,0.001114108355346088,3.0605676606400767,0.0022091783925656237,12,0.9411615173661427,0.011351586686683877,0.00340980400282114,0.001114108355346088,3.0605676606400767,0.0022091783925656237,0.9041988600314378,0.026891969937192693,33.62337761581735,7.640372682319516e-248,-0.31629670139326155,0.0389636004585025,-8.117748300240574,4.749124591390936e-16,-0.37924875844492767,0.057934038972381106,-6.546216441524592,5.901303633507455e-11,9.156035844524295e-05,0.0019132032990333318,0.8343031475601979,0.002186058930895854,0.0007880571908824499,0.0006414668367662522,0.0037306510250254563,0.9972312895583036,262.32707170750245,0.0,0.027614729907070295,3,1991-07-31 23:59:59.999999999,2001-06-30 23:59:59.999999999,120,120,3,5,120
ME4 BM1,ff3,1991-07-31 23:59:59.999999999,2001-06-30 23:59:59.999999999,120,0.0014061626755763983,0.002447355324953904,0.5745641677932007,0.5655860915648963,12,0.9085919856233368,0.020148275816121573,0.0014061626755763983,0.002447355324953904,0.5745641677932007,0.5655860915648963,1.1156349312373266,0.061881575339152596,18.028547675505962,1.1630662950705514e-72,0.49872847581135754,0.056118018095051986,8.88713630204505,6.270406871078628e-19,-0.3887280826944134,0.06908900306339666,-5.62648273181353,1.8392118906045364e-08,9.156035844524295e-05,0.0019132032990333318,0.644840866031971,0.0020655995591344766,0.0013044772620897545,-0.0004911758745614423,0.004622374992830395,0.9433427186516896,247.8719470961372,0.0,0.6733167756724955,4,1991-07-31 23:59:59.999999999,2001-06-30 23:59:59.999999999,120,120,4,5,120
ME1 BM2,ff3,1991-07-31 23:59:59.999999999,2001-06-30 23:59:59.999999999,120,0.004112515369155387,0.0030142856859183506,1.3643416045027077,0.17246007744468583,12,0.9024184031219258,0.02551319687732101,0.004112515369155387,0.0030142856859183506,1.3643416045027077,0.17246007744468583,0.9544680548627896,0.055766676308509004,17.11538355957489,1.1396255659724007e-65,1.5572357834234358,0.1127302193367406,13.813827317870812,2.10351855858491e-43,0.08692243085572682,0.0684195899554823,1.2704319174125938,0.20393082004470897,9.156035844524295e-05,0.0019132032990333318,0.6088587143582757,0.002030861865287753,0.0013316626225644836,-0.0005791968749386347,0.00464092060551414,0.9363776026053213,243.70342383453035,0.0,0.43115019361171464,5,1991-07-31 23:59:59.999999999,2001-06-30 23:59:59.999999999,120,120,5,5,120
ME1 BM3,ff3,1991-07-31 23:59:59.999999999,2001-06-30 23:59:59.999999999,120,0.002070489274786287,0.0016256628759387507,1.2736277031550396,0.2027953894272604,12,0.9042191295942934,0.016859264807872136,0.002070489274786287,0.0016256628759387507,1.2736277031550396,0.2027953894272604,0.8678818722805474,0.049197481353071636,17.640778519780085,1.1979904228983849e-69,1.052608474293263,0.045845656781237594,22.959829746054478,1.1753361927767495e-116,0.3403551707319405,0.05529032511071558,6.155781686043618,7.470807885221642e-10,9.156035844524295e-05,0.0019132032990333318,0.8047314378472427,0.0019681594990225634,0.0009842077533038847,3.91123025469493e-05,0.0038972066954981776,0.9772358205169164,236.1791398827076,0.0,0.43840084699919546,6,1991-07-31 23:59:59.999999999,2001-06-30 23:59:59.999999999,120,120,6,4,120
ME3 BM5,ff3,1991-07-31 23:59:59.999999999,2001-06-30 23:59:59.999999999,120,-0.0002572533056694191,0.00241568366386,-0.10649296077879514,0.9151912401360599,12,0.7919407767738484,0.01903262412295849,-0.0002572533056694191,0.00241568366386,-0.10649296077879514,0.9151912401360599,1.0923073423810408,0.06915839448432425,15.794284273453284,3.406374785104142e-56,0.3469116332306625,0.10091452831694847,3.4376777954220405,0.0005867253938617336,0.9268452327949737,0.1084353387592379,8.54744627904815,1.2584183209122308e-17,9.156035844524295e-05,0.0019132032990333318,0.6435277869756852,0.0012604193496924233,0.0014189249948083724,-0.0015206736401319864,0.004041512339516833,0.8128080786193306,151.2503219630908,0.0,0.9151912401360599,7,1991-07-31 23:59:59.999999999,2001-06-30 23:59:59.999999999,120,120,7,4,120
ME3 BM1,ff3,1991-07-31 23:59:59.999999999,2001-06-30 23:59:59.999999999,120,-0.0009500872798266475,0.0013073532283778004,-0.726725768678096,0.4673939644533349,12,0.9357694161650219,0.018535235598032638,-0.0009500872798266475,0.0013073532283778004,-0.726725768678096,0.4673939644533349,1.1000124476123863,0.04734324713528335,23.23483314249866,2.0250668499726152e-119,0.7431022277937951,0.057747763345157646,12.868069423784997,6.808264809405865e-38,-0.45241664303845286,0.041208628470094544,-10.9786872272824,4.83904609074221e-28,9.156035844524295e-05,0.0019132032990333318,0.7994517704219687,0.0008771227859115137,0.0009367851930276378,-0.0009589761924226562,0.0027132217642456837,0.8254435956431525,105.25473430938165,0.0,0.6149920584912302,8,1991-07-31 23:59:59.999999999,2001-06-30 23:59:59.999999999,120,120,8,4,120
ME2 BM3,ff3,1991-07-31 23:59:59.999999999,2001-06-30 23:59:59.999999999,120,-0.002291208738086292,0.0021851710409218493,-1.0485260399202934,0.29439631137754974,12,0.8225498634050774,0.016962800853858272,-0.002291208738086292,0.0021851710409218493,-1.0485260399202934,0.29439631137754974,0.9231197642324198,0.06444504501030171,14.324138715161991,1.5463326262724065e-46,0.6246716172150262,0.08888956855993868,7.027501959285661,2.1026385743113564e-12,0.6163670016384042,0.12370920140631694,4.982386068551007,6.280497012712667e-07,9.156035844524295e-05,0.0019132032990333318,0.706323969345828,0.0006217980171572485,0.0011406029968720741,-0.0016137838567120166,0.0028573798910265136,0.7071743071955761,74.61576205886982,0.0,0.4906605189625829,9,1991-07-31 23:59:59.999999999,2001-06-30 23:59:59.999999999,120,120,9,4,120
ME4 BM5,ff3,1991-07-31 23:59:59.999999999,2001-06-30 23:59:59.999999999,120,-0.0002313106315156615,0.002026799574289508,-0.11412605096719894,0.9091378714540761,12,0.7557908142122951,0.02012617292049636,-0.0002313106315156615,0.002026799574289508,-0.11412605096719894,0.9091378714540761,1.0402239661977513,0.042485807530344186,24.4840342378994,2.1853853053961076e-132,0.15666356040818283,0.07595442825458258,2.0625994297933614,0.03915070197918678,0.8337152975030213,0.07180555359441838,11.610735601484562,3.6347511890533554e-31,9.156035844524295e-05,0.0019132032990333318,0.6420464294543671,0.00047537977015611624,0.0013542661196388754,-0.00217898182433608,0.003129741364648312,0.6372147895356958,57.045572418733954,0.0,0.9151912401360599,10,1991-07-31 23:59:59.999999999,2001-06-30 23:59:59.999999999,120,120,10,4,120
ME5 BM3,ff3,1991-07-31 23:59:59.999999999,2001-06-30 23:59:59.999999999,120,-0.0014086938422498945,0.002195705389471854,-0.6415677845508846,0.5211538557917714,12,0.7947181914982151,0.01936391607187111,-0.0014086938422498945,0.002195705389471854,-0.6415677845508846,0.5211538557917714,1.0175743967680033,0.08398928473746507,12.11552640254947,8.740117815687537e-34,-0.23313775811563117,0.0676128887422388,-3.4481259779392697,0.0005644906826891259,0.458878681184106,0.08285233487055216,5.538512365415586,3.050517123484934e-08,9.156035844524295e-05,0.0019132032990333318,0.6899548416158032,0.0003399339009402021,0.0014193538298182453,-0.002441999605503559,0.003121867407383963,0.5946406854244407,40.79206811282425,0.0,0.6514423197397143,11,1991-07-31 23:59:59.999999999,2001-06-30 23:59:59.999999999,120,120,11,3,120
ME4 BM4,ff3,1991-07-31 23:59:59.999999999,2001-06-30 23:59:59.999999999,120,-0.0012555893577103161,0.0015266977099888284,-0.8224217207475236,0.41083692144841244,12,0.7730493428326739,0.017771639323804326,-0.0012555893577103161,0.0015266977099888284,-0.8224217207475236,0.41083692144841244,0.9689132941180539,0.04964167760019514,19.51814162932812,7.69878783424809e-85,0.14631480413650222,0.07074772616679001,2.068120235999676,0.038628718282232376,0.6890005109034021,0.13695509446841145,5.030849809404639,4.883105689814819e-07,9.156035844524295e-05,0.0019132032990333318,0.8104783413723985,-0.00017808142977409377,0.000895430248266849,-0.0019331247163771178,0.0015769618568289303,0.42117906651358406,-21.369771572891253,21.369771572891253,0.5706068353450173,12,1991-07-31 23:59:59.999999999,2001-06-30 23:59:59.999999999,120,120,12,3,120
ME3 BM4,ff3,1991-07-31 23:59:59.999999999,2001-06-30 23:59:59.999999999,120,-0.0026177368947480663,0.0018588660050364433,-1.4082439980372579,0.15905883207775995,12,0.7969874885491697,0.017383918950898265,-0.0026177368947480663,0.0018588660050364433,-1.4082439980372579,0.15905883207775995,1.006711546101223,0.05780893785401444,17.414461906279666,6.408860664741197e-68,0.3756772686427944,0.06948661012190165,5.406469936923629,6.427901043636448e-08,0.836015903530164,0.1271973635138271,6.572588302424084,4.944804400761868e-11,9.156035844524295e-05,0.0019132032990333318,0.768943163047202,-0.0002994505170751218,0.0010846857847075279,-0.002425434655101876,0.0018265336209516328,0.3912466863808296,-35.934062049014614,35.934062049014614,0.43115019361171464,13,1991-07-31 23:59:59.999999999,2001-06-30 23:59:59.999999999,120,120,13,3,120
ME2 BM2,ff3,1991-07-31 23:59:59.999999999,2001-06-30 23:59:59.999999999,120,-0.0005622808860339083,0.0015955963038641172,-0.35239545533679856,0.7245417097954829,12,0.9098155452580763,0.016586441999272075,-0.0005622808860339083,0.0015955963038641172,-0.35239545533679856,0.7245417097954829,1.0092790897280932,0.060411546110484,16.70672503369252,1.1709216603214083e-62,0.9453082720435787,0.06917366614136707,13.665724614215117,1.626763170596467e-42,0.3338528485652674,0.1104703093646206,3.0221047672035186,0.002510236515704188,9.156035844524295e-05,0.0019132032990333318,0.7877819868211459,-0.0003053312691542314,0.0010689646124799968,-0.002400501909615025,0.0017898393713065624,0.38757972029859444,-36.639752298507766,36.639752298507766,0.7875453367342206,14,1991-07-31 23:59:59.999999999,2001-06-30 23:59:59.999999999,120,120,14,3,120
ME5 BM2,ff3,1991-07-31 23:59:59.999999999,2001-06-30 23:59:59.999999999,120,-0.0017135185096702071,0.0014884583231143313,-1.151203552737021,0.24964850396866534,12,0.8388411017316211,0.01607053283896782,-0.0017135185096702071,0.0014884583231143313,-1.151203552737021,0.24964850396866534,0.9959433378300406,0.053319486196636505,18.678787229064984,7.367403205539435e-78,-0.14130758122615264,0.07467068303470158,-1.8924104545887577,0.0584363141650532,0.3526155139364522,0.1073459344539702,3.284852060118339,0.001020359323406735,9.156035844524295e-05,0.0019132032990333318,0.8095435626055072,-0.00046240222300595105,0.0009010184489605391,-0.0022283983829686077,0.0013035939369567054,0.30390588570287647,-55.48826676071412,55.48826676071412,0.44580089994404526,15,1991-07-31 23:59:59.999999999,2001-06-30 23:59:59.999999999,120,120,15,3,120
ME4 BM3,ff3,1991-07-31 23:59:59.999999999,2001-06-30 23:59:59.999999999,120,-0.0026180504637703015,0.001810451193905063,-1.446076244741667,0.14815581779425882,12,0.8061368926516502,0.017140703931789028,-0.0026180504637703015,0.001810451193905063,-1.446076244741667,0.14815581779425882,1.0274381758909095,0.07212870220038708,14.244512164332212,4.849224098480655e-46,0.11071238435276219,0.08724300885672749,1.269011532311737,0.20443695096984094,0.7326670558738998,0.13578419522740542,5.395819849628752,6.821136099563932e-08,9.156035844524295e-05,0.0019132032990333318,0.8446358152010472,-0.0005111038951559968,0.0010490393110053947,-0.0025672209447265702,0.0015450131544145766,0.31305426917699225,-61.33246741871962,61.33246741871962,0.43115019361171464,16,1991-07-31 23:59:59.999999999,2001-06-30 23:59:59.999999999,120,120,16,2,120
ME2 BM4,ff3,1991-07-31 23:59:59.999999999,2001-06-30 23:59:59.999999999,120,-0.0011959831216318095,0.0012349881016295338,-0.9684167159616693,0.3328362944536314,12,0.8881138587799724,0.01340495821867429,-0.0011959831216318095,0.0012349881016295338,-0.9684167159616693,0.3328362944536314,0.9359617412562501,0.03590376992543851,26.06862018111093,8.275464776234111e-150,0.6901763564745047,0.0484645702636537,14.24084341860154,5.1106499339687035e-46,0.6714604726595876,0.061455750961511395,10.92591762616506,8.66599896035216e-28,9.156035844524295e-05,0.0019132032990333318,0.8256008274361643,-0.0005572604332345563,0.0008531614356025109,-0.0022294568470154776,0.001114935980546365,0.2568229746103582,-66.87125198814675,66.87125198814675,0.5200567100837991,17,1991-07-31 23:59:59.999999999,2001-06-30 23:59:59.999999999,120,120,17,2,120
ME2 BM5,ff3,1991-07-31 23:59:59.999999999,2001-06-30 23:59:59.999999999,120,-0.0004938231355966757,0.0013056000028663678,-0.3782346312136306,0.7052563010662922,12,0.9149304635397979,0.013694910442977352,-0.0004938231355966757,0.0013056000028663678,-0.3782346312136306,0.7052563010662922,1.0643242452069932,0.024590348780320695,43.28219394995961,0.0,0.913372594879141,0.03917074142637933,23.317725465978416,2.9306220926016133e-120,0.8730326493847974,0.05660555524626635,15.423091348306876,1.1449016399814103e-53,9.156035844524295e-05,0.0019132032990333318,0.744142434580927,-0.0007478255012668216,0.0009897338725739651,-0.0026877038915117933,0.00119205288897815,0.22494980376522727,-89.7390601520186,89.7390601520186,0.7875453367342206,18,1991-07-31 23:59:59.999999999,2001-06-30 23:59:59.999999999,120,120,18,2,120
ME2 BM1,ff3,1991-07-31 23:59:59.999999999,2001-06-30 23:59:59.999999999,120,-0.0019199355098962988,0.0015925031597503964,-1.2056086031234143,0.22796844043958164,12,0.954037785489723,0.016519768705665048,-0.0019199355098962988,0.0015925031597503964,-1.2056086031234143,0.22796844043958164,1.1109668816340703,0.04820310086316188,23.047622699374955,1.553906491646455e-117,1.0642524960806912,0.047425476379429274,22.440523054868226,1.5837129556520418e-111,-0.28336490455656826,0.06621773952995608,-4.279289908837458,1.874905195009242e-05,9.156035844524295e-05,0.0019132032990333318,0.8070543890469515,-0.0011344902823167268,0.001054516065740768,-0.0032013417711686323,0.0009323612065351785,0.14099946956292736,-136.13883387800723,136.13883387800723,0.43840084699919546,19,1991-07-31 23:59:59.999999999,2001-06-30 23:59:59.999999999,120,120,19,2,120
BIG HiBM,ff3,1991-07-31 23:59:59.999999999,2001-06-30 23:59:59.999999999,120,-0.001707169040904034,0.0019956998825791366,-0.8554237316974631,0.3923166102599427,12,0.7637540458747197,0.022984141990782032,-0.001707169040904034,0.0019956998825791366,-0.8554237316974631,0.3923166102599427,1.1424374678214946,0.08372738137871955,13.644729466146432,2.1701737232676283e-42,-0.1190503144159242,0.09301076128381158,-1.2799627997093361,0.20055821937141138,0.8193301689490484,0.11663775931821282,7.024570548493991,2.147256610040576e-12,9.156035844524295e-05,0.0019132032990333318,0.6641279419679847,-0.0011756273797401441,0.0012301032662720914,-0.0035866297816334433,0.001235375022153155,0.16960827785123544,-141.0752855688173,141.0752855688173,0.5706068353450173,20,1991-07-31 23:59:59.999999999,2001-06-30 23:59:59.999999999,120,120,20,2,120
ME4 BM2,ff3,1991-07-31 23:59:59.999999999,2001-06-30 23:59:59.999999999,120,-0.0025649816019510815,0.0018255290960782118,-1.4050620214498017,0.1600028362315944,12,0.8166036612856524,0.01779781957215773,-0.0025649816019510815,0.0018255290960782118,-1.4050620214498017,0.1600028362315944,1.0825713967883261,0.06429080648852381,16.838665680474392,1.2706956717718996e-63,0.22968258106929573,0.06649470837701747,3.4541482574375917,0.0005520338092647411,0.5677478234104432,0.11017635643615298,5.153082219953898,2.5623954969340174e-07,9.156035844524295e-05,0.0019132032990333318,0.7649765817050703,-0.0012188401732707052,0.0011406929603794067,-0.0034545983756143423,0.001016918029072932,0.14264558939587646,-146.26082079248462,146.26082079248462,0.43115019361171464,21,1991-07-31 23:59:59.999999999,2001-06-30 23:59:59.999999999,120,120,21,1,120
ME5 BM4,ff3,1991-07-31 23:59:59.999999999,2001-06-30 23:59:59.999999999,120,-0.002994428169525076,0.0013029854262263448,-2.298128673777589,0.021554466719970217,12,0.8609338567857773,0.016153716686711072,-0.002994428169525076,0.0013029854262263448,-2.298128673777589,0.021554466719970217,1.052734141473189,0.06128564032961415,17.177500892725305,3.91413775887362e-66,-0.19332610745938278,0.03815789416203282,-5.066477375256799,4.0524489082660304e-07,0.8389857388214189,0.10749400411083783,7.80495382753009,5.952333312494902e-15,9.156035844524295e-05,0.0019132032990333318,0.7567005733410112,-0.0014571379420943087,0.0009904700264024848,-0.003398459193843179,0.00048418330965456155,0.07062419098291614,-174.85655305131704,174.85655305131704,0.11441709142806548,22,1991-07-31 23:59:59.999999999,2001-06-30 23:59:59.999999999,120,120,22,1,120
ME3 BM2,ff3,1991-07-31 23:59:59.999999999,2001-06-30 23:59:59.999999999,120,-0.0026551836542067888,0.0017612650038343243,-1.5075435260601773,0.1316713958734053,12,0.8290788782970748,0.020778517847723662,-0.0026551836542067888,0.0017612650038343243,-1.5075435260601773,0.1316713958734053,1.1240647332537652,0.07012572928149086,16.029276911212865,7.980596862116875e-58,0.63137012604108,0.059931343105000645,10.534890314987765,5.96527776566279e-26,0.4730185990776927,0.12859745163223538,3.6782890568503435,0.00023480376896796494,9.156035844524295e-05,0.0019132032990333318,0.7785858969271247,-0.0014823411139987311,0.0009636239560362003,-0.003371044067829684,0.0004063618398322216,0.06198784499972677,-177.88093367984771,177.88093367984771,0.43115019361171464,23,1991-07-31 23:59:59.999999999,2001-06-30 23:59:59.999999999,120,120,23,1,120
ME3 BM3,ff3,1991-07-31 23:59:59.999999999,2001-06-30 23:59:59.999999999,120,-0.003989332016339555,0.0017532632075374856,-2.275375425200817,0.022883418285613098,12,0.8019749106154204,0.01743927487283361,-0.003989332016339555,0.0017532632075374856,-2.275375425200817,0.022883418285613098,1.0229932777993058,0.06659105752291156,15.36232214734435,2.9289280502080954e-53,0.33753886882667195,0.08307643457227956,4.062991756501065,4.844774116760236e-05,0.6984510178720904,0.10837758972310504,6.444607410596321,1.1590002962157719e-10,9.156035844524295e-05,0.0019132032990333318,0.858337508281844,-0.0018970925753146776,0.0008814580944820775,-0.0036247504404995495,-0.00016943471012980564,0.015689978278653795,-227.65110903776133,227.65110903776133,0.11441709142806548,24,1991-07-31 23:59:59.999999999,2001-06-30 23:59:59.999999999,120,120,24,1,120
SMALL LoBM,ff3,1991-07-31 23:59:59.999999999,2001-06-30 23:59:59.999999999,120,-0.0039573960609213185,0.0032151677035331507,-1.2308521439091753,0.21837816902106288,12,0.9029979277496292,0.028633235557918482,-0.0039573960609213185,0.0032151677035331507,-1.2308521439091753,0.21837816902106288,1.088677869711697,0.0645398644278102,16.868301155627872,7.69786007318866e-64,1.3937687241121968,0.06277487725186963,22.202651524431072,3.2377748560759545e-109,-0.3618714081255912,0.10246814208760803,-3.5315503995007447,0.0004131311252477341,9.156035844524295e-05,0.0019132032990333318,0.5427188590005483,-0.004139420237217178,0.0014340695440686192,-0.006950196543591671,-0.0013286439308426842,0.0019478565423799213,-496.7304284660613,496.7304284660613,0.43840084699919546,25,1991-07-31 23:59:59.999999999,2001-06-30 23:59:59.999999999,120,120,25,1,120
SMALL HiBM,ff3,2001-07-31 23:59:59.999999999,2011-06-30 23:59:59.999999999,120,0.0016669245257478252,0.0019681607656377663,0.8469453079498168,0.3970256067813541,12,0.9606925383614634,0.013317847731504682,0.0016669245257478252,0.0019681607656377663,0.8469453079498168,0.3970256067813541,0.941967195872433,0.030314823215480634,31.07282497334195,5.610589337616609e-212,1.0176726463465182,0.042945195113144874,23.697008330392332,3.87109159101098e-124,0.8092136608951872,0.046246030909789765,17.498013234339766,1.483544640206591e-68,0.00028244923290886525,0.0017666918661047035,0.756569345589997,0.002820041538807323,0.0008842727486580057,0.001086866951437632,0.004553216126177014,0.9992864379312327,338.40498465687875,0.0,0.5131673142058039,1,2001-07-31 23:59:59.999999999,2011-06-30 23:59:59.999999999,120,120,1,5,120
ME2 BM3,ff3,2001-07-31 23:59:59.999999999,2011-06-30 23:59:59.999999999,120,0.002557678957083475,0.0011877523719953267,2.1533772673396423,0.03128904069272634,12,0.9615438658579142,0.011324614608321522,0.002557678957083475,0.0011877523719953267,2.1533772673396423,0.03128904069272634,0.917537784491561,0.013757378752751737,66.69423012781675,0.0,0.9047628853612419,0.04413882095272711,20.498120834044194,2.2376903537092605e-93,0.22454615803666172,0.04695364952572473,4.782294034750984,1.7330592471590426e-06,0.00028244923290886525,0.0017666918661047035,0.8682030178057122,0.0024325525957403287,0.000648200526165051,0.0011620795644568288,0.0037030256270238287,0.9999125570977725,291.90631148883944,0.0,0.13805536748994654,2,2001-07-31 23:59:59.999999999,2011-06-30 23:59:59.999999999,120,120,2,5,120
ME5 BM3,ff3,2001-07-31 23:59:59.999999999,2011-06-30 23:59:59.999999999,120,0.0019978881597564266,0.0010178956420995153,1.9627632510888593,0.049673689731953415,12,0.9191670581795703,0.012613687066227846,0.0019978881597564266,0.0010178956420995153,1.9627632510888593,0.049673689731953415,0.8744185207238345,0.0428468080567923,20.408020115869917,1.4191809682455244e-92,-0.042395466975460844,0.06053035061034392,-0.7004001554257636,0.48367743923786455,0.2765545930963309,0.06341690952602236,4.360896725546837,1.2953049667529453e-05,0.00028244923290886525,0.0017666918661047035,0.8243011916731782,0.0020444932415510492,0.0007413015378275988,0.0005915422274089554,0.003497444255693143,0.9970919933058271,245.3391889861259,0.0,0.1774060347569765,3,2001-07-31 23:59:59.999999999,2011-06-30 23:59:59.999999999,120,120,3,5,120
ME4 BM1,ff3,2001-07-31 23:59:59.999999999,2011-06-30 23:59:59.999999999,120,0.0016880455810992004,0.0009130283504458688,1.848842459574075,0.06448056432762814,12,0.9553867023986293,0.011638899476133191,0.0016880455810992004,0.0009130283504458688,1.848842459574075,0.06448056432762814,1.0750360411699778,0.036076013297394904,29.79919184273079,4.0019441637953574e-195,0.44179214301192793,0.02966339388828624,14.893513017281107,3.631747865003762e-50,-0.317089053897316,0.03917116769629418,-8.094960465713012,5.728295325281014e-16,0.00028244923290886525,0.0017666918661047035,0.8774917944234433,0.001973564729903183,0.0006352006927801936,0.0007285713720540036,0.0032185580877523625,0.9990549987694944,236.82776758838196,0.0,0.20150176352383792,4,2001-07-31 23:59:59.999999999,2011-06-30 23:59:59.999999999,120,120,4,5,120
ME4 BM4,ff3,2001-07-31 23:59:59.999999999,2011-06-30 23:59:59.999999999,120,0.0024762053119219206,0.0011622842699402138,2.130464444855038,0.033133288197587166,12,0.9223500390844598,0.015767715018449212,0.0024762053119219206,0.0011622842699402138,2.130464444855038,0.033133288197587166,1.0434125318669463,0.04540351553444112,22.98087537022236,7.241302883129439e-117,0.3691067471517445,0.05344766987918256,6.905946470371922,4.98698017491543e-12,0.25333166256200856,0.09182610050672348,2.7588197817837172,0.005801051687523081,0.00028244923290886525,0.0017666918661047035,0.7829474935871084,0.0015258428402447966,0.0008367050237694291,-0.0001140990063432845,0.0031657846868328775,0.9658962081979674,183.1011408293756,0.0,0.13805536748994654,5,2001-07-31 23:59:59.999999999,2011-06-30 23:59:59.999999999,120,120,5,5,120
ME3 BM2,ff3,2001-07-31 23:59:59.999999999,2011-06-30 23:59:59.999999999,120,0.0024624699610575856,0.0015413206513376404,1.5976363898845596,0.1101239228561676,12,0.9409525755206709,0.013656047233912437,0.0024624699610575856,0.0015413206513376404,1.5976363898845596,0.1101239228561676,1.0038633157895822,0.03684659189900574,27.24440074515196,1.9361511663589568e-163,0.6406133422005978,0.05178247655228186,12.371238010484232,3.740118168410383e-35,-0.011263442394668255,0.052459661663848495,-0.21470672965529677,0.8299959754355428,0.00028244923290886525,0.0017666918661047035,0.771787390450721,0.0013671151215190792,0.0008897431666724726,-0.0003767814851589671,0.0031110117281971253,0.9377955090425434,164.0538145822895,0.0,0.2505997638858875,6,2001-07-31 23:59:59.999999999,2011-06-30 23:59:59.999999999,120,120,6,4,120
ME3 BM3,ff3,2001-07-31 23:59:59.999999999,2011-06-30 23:59:59.999999999,120,0.002963847926576633,0.001324352663145131,2.2379597285952193,0.025223681419470966,12,0.931155195555558,0.014076060266749341,0.002963847926576633,0.001324352663145131,2.2379597285952193,0.025223681419470966,0.9522139983938145,0.03256297278878785,29.24223180021459,5.6370777355562685e-188,0.5179802473796028,0.06293589507817664,8.230283318227015,1.8677116442909898e-16,0.20010347927190508,0.060449784658051044,3.3102430455929537,0.0009321499337146199,0.00028244923290886525,0.0017666918661047035,0.8408527792411159,0.0013340728221117042,0.0007107249232812193,-5.894802751948568e-05,0.002727093671742894,0.9697450161226973,160.08873865340453,0.0,0.13805536748994654,7,2001-07-31 23:59:59.999999999,2011-06-30 23:59:59.999999999,120,120,7,4,120
ME4 BM2,ff3,2001-07-31 23:59:59.999999999,2011-06-30 23:59:59.999999999,120,0.0028331300369656806,0.0011221839217106368,2.5246574845297274,0.011581110217492715,12,0.940523696993579,0.013057555204164352,0.0028331300369656806,0.0011221839217106368,2.5246574845297274,0.011581110217492715,1.0260543309049015,0.04536495213661754,22.61777611524678,2.8971991989269585e-113,0.3822129052308113,0.03758286007933525,10.169872767106652,2.7026146202745255e-24,0.001520628857677113,0.08763920040242036,0.017351012454412094,0.9861565896625366,0.00028244923290886525,0.0017666918661047035,0.8618261838153525,0.0012281015499821324,0.0006599181437125794,-6.533801169452324e-05,0.002521541111658788,0.9686272573141926,147.3721859978559,0.0,0.0965092518124393,8,2001-07-31 23:59:59.999999999,2011-06-30 23:59:59.999999999,120,120,8,4,120
ME1 BM4,ff3,2001-07-31 23:59:59.999999999,2011-06-30 23:59:59.999999999,120,0.0017969576382232413,0.0015383503832508718,1.1681068616018906,0.24276366291581242,12,0.9549715155990269,0.01235820777307516,0.0017969576382232413,0.0015383503832508718,1.1681068616018906,0.24276366291581242,0.8270650000494606,0.02579315023320987,32.06529611821422,1.343801359772754e-225,0.9433570491663806,0.05476407098436588,17.225838623934504,1.6994658465650129e-66,0.5707823373984547,0.07531277450181172,7.578824989175296,3.486984975412361e-14,0.00028244923290886525,0.0017666918661047035,0.758903201338032,0.0011949475711686337,0.0008725322171847076,-0.0005152155745133931,0.0029051107168506602,0.9145811138774299,143.39370854023605,0.0,0.3793182233059569,9,2001-07-31 23:59:59.999999999,2011-06-30 23:59:59.999999999,120,120,9,4,120
BIG HiBM,ff3,2001-07-31 23:59:59.999999999,2011-06-30 23:59:59.999999999,120,-0.0015921671001609236,0.003922776779808141,-0.40587756824613275,0.684832560785412,12,0.7488452596665238,0.03495814097897647,-0.0015921671001609236,0.003922776779808141,-0.40587756824613275,0.684832560785412,1.202192067956284,0.13338120435979642,9.013204474547743,2.0012168018125935e-19,-0.577276283929481,0.24913067890945761,-2.317162568883307,0.020494877693488765,0.7504943839085244,0.14740440193742738,5.091397367000658,3.5543424923171736e-07,0.00028244923290886525,0.0017666918661047035,0.41209096599472217,0.000909799520641642,0.0013739366125578257,-0.0017831162399716965,0.0036027152812549805,0.7460735047993442,109.17594247699704,0.0,0.7782188190743319,10,2001-07-31 23:59:59.999999999,2011-06-30 23:59:59.999999999,120,120,10,4,120
ME3 BM1,ff3,2001-07-31 23:59:59.999999999,2011-06-30 23:59:59.999999999,120,-0.00012901872252553737,0.0011599326243548478,-0.11122949714195454,0.9114343614213356,12,0.9451281101475382,0.014665420602212393,-0.00012901872252553737,0.0011599326243548478,-0.11122949714195454,0.9114343614213356,1.1504648589306534,0.045796795791181906,25.121077556962476,2.9270120953864185e-139,0.7027851013828211,0.0534142528888471,13.157257911016531,1.545952840216233e-39,-0.3919319257523817,0.07420086151645794,-5.282040096872059,1.2775322808032334e-07,0.00028244923290886525,0.0017666918661047035,0.8255751127457556,0.0006439696966650569,0.0007554620192090263,-0.0008367358609846346,0.0021246752543147484,0.803009033710686,77.27636359980683,0.0,0.9231722931720533,11,2001-07-31 23:59:59.999999999,2011-06-30 23:59:59.999999999,120,120,11,3,120
ME5 BM2,ff3,2001-07-31 23:59:59.999999999,2011-06-30 23:59:59.999999999,120,0.0006840161247715212,0.0008255627313675551,0.8285453046535177,0.40736174878390785,12,0.9215001253294852,0.01281996022350191,0.0006840161247715212,0.0008255627313675551,0.8285453046535177,0.40736174878390785,0.9382489121410001,0.02501068987255357,37.51391572651593,5.463335198869103e-308,-0.04704912501416502,0.057838873610600396,-0.8134516126804743,0.4159591779551516,0.0993056766217016,0.048864800827824705,2.0322537888081342,0.04212797007097287,0.00028244923290886525,0.0017666918661047035,0.8481507896635303,0.0005777833946657737,0.0006978541288970476,-0.0007900106979724395,0.0019455774873039869,0.7961485905293488,69.33400735989285,0.0,0.5131673142058039,12,2001-07-31 23:59:59.999999999,2011-06-30 23:59:59.999999999,120,120,12,3,120
ME2 BM2,ff3,2001-07-31 23:59:59.999999999,2011-06-30 23:59:59.999999999,120,0.0003676881353970521,0.0014091478266101598,0.26092942731321606,0.7941469310009205,12,0.9606292711991742,0.012529947632850811,0.0003676881353970521,0.0014091478266101598,0.26092942731321606,0.7941469310009205,1.0389891988897926,0.023194736358323514,44.794180146692966,0.0,0.9900040481255505,0.04350111958874293,22.758128008772914,1.1922832165029728e-114,0.00235104025826577,0.048597306090958046,0.04837799555937117,0.9614149957671534,0.00028244923290886525,0.0017666918661047035,0.8226303237910035,0.0005715656001280608,0.0007589547016407891,-0.000915985615087886,0.0020591168153440073,0.7743038267156508,68.5878720153673,0.0,0.8632031858705658,13,2001-07-31 23:59:59.999999999,2011-06-30 23:59:59.999999999,120,120,13,3,120
ME1 BM2,ff3,2001-07-31 23:59:59.999999999,2011-06-30 23:59:59.999999999,120,-0.001692035332890827,0.0012845122080338734,-1.3172590515747025,0.18775180597660157,12,0.9540484186945096,0.013863415588169687,-0.001692035332890827,0.0012845122080338734,-1.3172590515747025,0.18775180597660157,1.0607788812324095,0.05843913386377835,18.15185837122579,1.2412935520023697e-73,1.0022243784123726,0.06883270088272282,14.560294243283622,5.024108736018705e-48,0.026956206455872465,0.03828384062982771,0.704114477868512,0.48136148462117145,0.00028244923290886525,0.0017666918661047035,0.8490297890349265,0.000288490007358304,0.0006944885067424402,-0.0010727074658568787,0.0016496874805734868,0.6610751735208674,34.618800882996474,0.0,0.3352710821010742,14,2001-07-31 23:59:59.999999999,2011-06-30 23:59:59.999999999,120,120,14,3,120
ME3 BM5,ff3,2001-07-31 23:59:59.999999999,2011-06-30 23:59:59.999999999,120,0.00339584175741601,0.002183159582375515,1.5554711551232387,0.11983389914537863,12,0.8991936402919196,0.021404132548144897,0.00339584175741601,0.002183159582375515,1.5554711551232387,0.11983389914537863,1.0651315416871248,0.046131047124275806,23.08925567671787,5.9366875406212595e-118,0.73600642588983,0.08209107057962509,8.96573062932506,3.082305239210528e-19,0.6002868175518783,0.08293187208945887,7.238312634548356,4.543012609960867e-13,0.00028244923290886525,0.0017666918661047035,0.6135313332357321,0.00028283523039713485,0.001098303162753997,-0.0018698389686006992,0.002435509429394969,0.6016113812381298,33.94022764765618,0.0,0.2505997638858875,15,2001-07-31 23:59:59.999999999,2011-06-30 23:59:59.999999999,120,120,15,3,120
ME4 BM3,ff3,2001-07-31 23:59:59.999999999,2011-06-30 23:59:59.999999999,120,0.0009245231059775944,0.001476255101406234,0.6262624292352473,0.531142825104761,12,0.9023063925003709,0.017423492720028414,0.0009245231059775944,0.001476255101406234,0.6262624292352473,0.531142825104761,1.0404219056825648,0.06945542890228351,14.979706008961935,9.965688847952301e-51,0.33172310757627155,0.050445260154071234,6.575902405163818,4.835896788787137e-11,0.15556769455376135,0.1459013856675547,1.066252344636616,0.28630958563918163,0.00028244923290886525,0.0017666918661047035,0.7375899619834312,0.0002325291211832728,0.0009116658314852318,-0.0015543359085277814,0.002019394150894327,0.600661466074503,27.903494541992735,0.0,0.6323128870294773,16,2001-07-31 23:59:59.999999999,2011-06-30 23:59:59.999999999,120,120,16,2,120
ME3 BM4,ff3,2001-07-31 23:59:59.999999999,2011-06-30 23:59:59.999999999,120,0.002202941872406688,0.001280187399943516,1.7207964025453506,0.08528777546044336,12,0.9355972953007539,0.014581272705080398,0.002202941872406688,0.001280187399943516,1.7207964025453506,0.08528777546044336,0.9883608292282502,0.026119413044255243,37.84008574594031,0.0,0.5698860147558915,0.05538323331381534,10.28986537363707,7.828575153866226e-25,0.36251872384133443,0.08333586200862109,4.350092686433506,1.360800012391144e-05,0.00028244923290886525,0.0017666918661047035,0.7951477607565283,-0.0002693167055404214,0.0008036916630765986,-0.0018445523651705546,0.0013059189540897118,0.3687750004206453,-32.31800466485057,32.31800466485057,0.23691048739012047,17,2001-07-31 23:59:59.999999999,2011-06-30 23:59:59.999999999,120,120,17,2,120
BIG LoBM,ff3,2001-07-31 23:59:59.999999999,2011-06-30 23:59:59.999999999,120,0.0005154629226140694,0.0006263565043772512,0.8229545299071546,0.41053385136464304,12,0.9763199773375337,0.006640976810844,0.0005154629226140694,0.0006263565043772512,0.8229545299071546,0.41053385136464304,0.9717545874831193,0.01701633466979609,57.107162402487226,0.0,-0.2348760075596757,0.029429487010354156,-7.980975253732402,1.4518157420228573e-15,-0.3345906962610147,0.024066867982752118,-13.902544215591497,6.112919591954663e-44,0.00028244923290886525,0.0017666918661047035,0.9529661666226069,-0.0002965535906192457,0.00038531762505020147,-0.0010517761357176406,0.00045866895447914917,0.2207584802225655,-35.58643087430948,35.58643087430948,0.5131673142058039,18,2001-07-31 23:59:59.999999999,2011-06-30 23:59:59.999999999,120,120,18,2,120
ME2 BM1,ff3,2001-07-31 23:59:59.999999999,2011-06-30 23:59:59.999999999,120,-0.002289441023049995,0.0015133066422786724,-1.5128731739409091,0.1303118772206615,12,0.9372852523892449,0.017193277163586703,-0.002289441023049995,0.0015133066422786724,-1.5128731739409091,0.1303118772206615,1.2043740453274723,0.07416329821902681,16.23948872622397,2.651245799533366e-59,0.9088851950602308,0.05160339998162321,17.61289363460352,1.9615593412449395e-69,-0.38258376635719454,0.09745185686486595,-3.925874566840875,8.641518131414048e-05,0.00028244923290886525,0.0017666918661047035,0.791031705995505,-0.00037983079273593755,0.000823199277428488,-0.001993301376495774,0.0012336397910238989,0.322252930119293,-45.57969512831251,45.57969512831251,0.2505997638858875,19,2001-07-31 23:59:59.999999999,2011-06-30 23:59:59.999999999,120,120,19,2,120
ME4 BM5,ff3,2001-07-31 23:59:59.999999999,2011-06-30 23:59:59.999999999,120,-0.002427100141755865,0.001926257669212061,-1.2600080355545966,0.20766646349261586,12,0.866849247279408,0.02570534564791671,-0.002427100141755865,0.001926257669212061,-1.2600080355545966,0.20766646349261586,1.224790135632757,0.08565670716694311,14.298823479703312,2.2253998437000537e-46,0.3057080288016622,0.06185781146772177,4.942108709442214,7.728210126401233e-07,0.617615966035878,0.09149356411253894,6.750376073186938,1.474624276400862e-11,0.00028244923290886525,0.0017666918661047035,0.5811342483778508,-0.0006130910632795329,0.0011471171336771703,-0.0028614406452867865,0.0016352585187277208,0.29651080217704867,-73.57092759354396,73.57092759354396,0.34611077248769306,20,2001-07-31 23:59:59.999999999,2011-06-30 23:59:59.999999999,120,120,20,2,120
ME2 BM4,ff3,2001-07-31 23:59:59.999999999,2011-06-30 23:59:59.999999999,120,0.0001242459185218214,0.0012883431559392734,0.09643852877942231,0.9231722931720533,12,0.9608818483183981,0.011852613100678873,0.0001242459185218214,0.0012883431559392734,0.09643852877942231,0.9231722931720533,0.9073040384273302,0.026360885505979925,34.41857210075548,1.3301029355907862e-259,0.8816085749153875,0.02676372156204309,32.94043292416046,5.799547010975057e-238,0.5334898564229944,0.04437835830917528,12.02139684181816,2.7429490442228062e-33,0.00028244923290886525,0.0017666918661047035,0.8200304515268698,-0.0009817940505477895,0.0007554305016342593,-0.0024624378337509377,0.0004988497326553587,0.09686074978627407,-117.81528606573475,117.81528606573475,0.9231722931720533,21,2001-07-31 23:59:59.999999999,2011-06-30 23:59:59.999999999,120,120,21,1,120
ME1 BM3,ff3,2001-07-31 23:59:59.999999999,2011-06-30 23:59:59.999999999,120,-0.0016606137296292798,0.00108149606864787,-1.5354782858392133,0.12466638686076342,12,0.96087486655485,0.011937175803914606,-0.0016606137296292798,0.00108149606864787,-1.5354782858392133,0.12466638686076342,0.9584864492407168,0.033427888763397674,28.673257112492987,8.224325121325246e-181,0.9396578243473166,0.05527095123940096,17.000934546562743,8.082112190687362e-65,0.24712688343601322,0.05711033411743076,4.327183289242693,1.5102827976528451e-05,0.00028244923290886525,0.0017666918661047035,0.8538858274921071,-0.0013560592397262978,0.000676033348146513,-0.002681084602093463,-3.1033877359132366e-05,0.022433147638209062,-162.72710876715576,162.72710876715576,0.2505997638858875,22,2001-07-31 23:59:59.999999999,2011-06-30 23:59:59.999999999,120,120,22,1,120
ME2 BM5,ff3,2001-07-31 23:59:59.999999999,2011-06-30 23:59:59.999999999,120,-0.0012332738155000124,0.0012165686714231897,-1.0137313613848697,0.3107109551564772,12,0.9691330152331337,0.012848743065229682,-0.0012332738155000124,0.0012165686714231897,-1.0137313613848697,0.3107109551564772,1.0871718489197597,0.025436447306626957,42.740711224893374,0.0,1.0159885145437126,0.08925138486563598,11.383448179243812,5.056028356257396e-30,0.8276386980636771,0.03777050394831734,21.912302234467486,1.9830056915903881e-106,0.00028244923290886525,0.0017666918661047035,0.8114941842182632,-0.001629396190238329,0.000788635376347972,-0.003175121527880354,-8.367085259630399e-05,0.019409720280474323,-195.52754282859948,195.52754282859948,0.45692787523011347,23,2001-07-31 23:59:59.999999999,2011-06-30 23:59:59.999999999,120,120,23,1,120
ME5 BM4,ff3,2001-07-31 23:59:59.999999999,2011-06-30 23:59:59.999999999,120,-0.005753841571312845,0.0022342419138687646,-2.575299270681758,0.010015338745805749,12,0.9257389483791619,0.01682067876047913,-0.005753841571312845,0.0022342419138687646,-2.575299270681758,0.010015338745805749,1.1870410333326225,0.07462929986198825,15.905831027864577,5.773211483985319e-57,-0.13011614441936756,0.10139310618929756,-1.2832839362514947,0.1993926184454481,0.5724323740068716,0.12131129232346115,4.718706420837999,2.3734905384336165e-06,0.00028244923290886525,0.0017666918661047035,0.6753376387524709,-0.003412128370284654,0.0010068676495111422,-0.0053855889633264925,-0.0014386677772428155,0.00035092569222574583,-409.4554044341585,409.4554044341585,0.0965092518124393,24,2001-07-31 23:59:59.999999999,2011-06-30 23:59:59.999999999,120,120,24,1,120
SMALL LoBM,ff3,2001-07-31 23:59:59.999999999,2011-06-30 23:59:59.999999999,120,-0.007170904099752874,0.002213552402905719,-3.2395456689164734,0.0011972029274551048,12,0.895974731198084,0.0246197414714257,-0.007170904099752874,0.002213552402905719,-3.2395456689164734,0.0011972029274551048,1.2790251115707503,0.07833010118873092,16.328653891165395,6.17314080436237e-60,1.046327868663032,0.10821646503037878,9.668841690303822,4.089806405613271e-22,-0.24239871555886527,0.06715855855844469,-3.6093495864405423,0.0003069657018509561,0.00028244923290886525,0.0017666918661047035,0.6568305994950455,-0.0034283037563736375,0.0010433962534418316,-0.005473360413119627,-0.0013832470996276475,0.000508617593639113,-411.39645076483646,411.39645076483646,0.02993007318637762,25,2001-07-31 23:59:59.999999999,2011-06-30 23:59:59.999999999,120,120,25,1,120
ME1 BM4,ff3,2011-07-31 23:59:59.999999999,2021-06-30 23:59:59.999999999,120,0.0012117883262764747,0.0010015166614736133,1.20995323681732,0.22629683737855155,12,0.9600443153741498,0.011890158343418165,0.0012117883262764747,0.0010015166614736133,1.20995323681732,0.22629683737855155,0.9098110671192998,0.029819912443559346,30.510185730468347,1.9092662115053028e-204,1.0198545046663325,0.03246114974692632,31.41769507911224,1.1600056499006758e-216,0.5975747651859232,0.030704495476817837,19.46212617748751,2.3004058484091538e-84,-9.0356820338773e-05,0.0011295771706476615,0.7034816825790715,0.0015797125241701364,0.0006391361171921028,0.00032700573447361496,0.0028324193138666576,0.9932752011092301,189.56550290041636,0.0,0.6286023260515321,1,2011-07-31 23:59:59.999999999,2021-06-30 23:59:59.999999999,120,120,1,5,120
ME2 BM2,ff3,2011-07-31 23:59:59.999999999,2021-06-30 23:59:59.999999999,120,0.0009538247623744192,0.0009391253450752455,1.015652242138131,0.3097950177661918,12,0.9526173756114524,0.011814088374938485,0.0009538247623744192,0.0009391253450752455,1.015652242138131,0.3097950177661918,0.9871240251559901,0.02338856762556144,42.20540740071483,0.0,0.8875571190457908,0.04382972775990468,20.250117087373877,3.5439664818479206e-91,0.07983779044977346,0.03823971245720043,2.0878240268969446,0.036813711366217444,-9.0356820338773e-05,0.0011295771706476615,0.7196609092016478,0.0014261749767997306,0.0006328874405637702,0.00018571559329474095,0.0026666343603047203,0.9878843449535712,171.1409972159677,0.0,0.6670251390911367,2,2011-07-31 23:59:59.999999999,2021-06-30 23:59:59.999999999,120,120,2,5,120
SMALL HiBM,ff3,2011-07-31 23:59:59.999999999,2021-06-30 23:59:59.999999999,120,0.00570277061539123,0.00326021325784376,1.7492017130078568,0.08025615809769951,12,0.7671492809312241,0.03447150069244624,0.00570277061539123,0.00326021325784376,1.7492017130078568,0.08025615809769951,0.8100105035892313,0.0716041100168214,11.312346503558828,1.1399935422491318e-29,1.3500614033116363,0.2733768594914391,4.938462625633879,7.874086526330973e-07,0.7056959072546707,0.0673918616052325,10.471530099413048,1.1674057201119176e-25,-9.0356820338773e-05,0.0011295771706476615,0.20633076753871066,0.0010681558846736038,0.0010441924870436233,-0.0009784613899318979,0.0031147731592791055,0.846834070824733,128.17870616083246,0.0,0.5016009881106219,3,2011-07-31 23:59:59.999999999,2021-06-30 23:59:59.999999999,120,120,3,5,120
ME3 BM2,ff3,2011-07-31 23:59:59.999999999,2021-06-30 23:59:59.999999999,120,0.0005622735268260498,0.001060292476002912,0.5303004025320515,0.595903667649921,12,0.948365121975911,0.011688559104033571,0.0005622735268260498,0.001060292476002912,0.5303004025320515,0.595903667649921,1.032260354827323,0.028625377153173124,36.061021984225526,9.265768433843703e-285,0.5796224676685586,0.03493505748092671,16.59142733585058,8.038700547472985e-62,0.10749817705718362,0.034238196968183914,3.1397148967008124,0.0016911232933948406,-9.0356820338773e-05,0.0011295771706476615,0.7360144921218653,0.0009846878809209377,0.0005936531977316228,-0.00017887238663304313,0.0021482481484749183,0.9514110759309915,118.16254571051253,0.0,0.7094091281546678,4,2011-07-31 23:59:59.999999999,2021-06-30 23:59:59.999999999,120,120,4,5,120
BIG LoBM,ff3,2011-07-31 23:59:59.999999999,2021-06-30 23:59:59.999999999,120,0.001403138657052922,0.000754872302089672,1.8587761839567956,0.0630588695911064,12,0.9621281351293228,0.007996496354111909,0.001403138657052922,0.000754872302089672,1.8587761839567956,0.0630588695911064,1.0196073154467948,0.02250116093288378,45.31354264289156,0.0,-0.16602912613688334,0.031358497855205114,-5.294549723124719,1.1931002330600175e-07,-0.3489889647515357,0.023331389595969133,-14.957915957643134,1.38289223560611e-50,-9.0356820338773e-05,0.0011295771706476615,0.8273439798149842,0.000823993340840184,0.00047231197355007074,-0.00010173812731795466,0.0017497248089983226,0.9594723471298533,98.87920090082207,0.0,0.5016009881106219,5,2011-07-31 23:59:59.999999999,2021-06-30 23:59:59.999999999,120,120,5,5,120
ME2 BM1,ff3,2011-07-31 23:59:59.999999999,2021-06-30 23:59:59.999999999,120,-4.796268012778303e-05,0.001598608171012078,-0.030002774286720855,0.9760648406072031,12,0.9282824092847499,0.01742946393554003,-4.796268012778303e-05,0.001598608171012078,-0.030002774286720855,0.9760648406072031,1.1268314580267338,0.04016832147931915,28.052739485439748,3.698696342718573e-173,1.2576023620973444,0.08919320651005004,14.0997550296125,3.8109027274403494e-45,-0.36669612729980144,0.07127782403960212,-5.144603279360272,2.6808673488669857e-07,-9.0356820338773e-05,0.0011295771706476615,0.5725472178435509,0.0006645167905552006,0.0007995021180298208,-0.0009025073607832483,0.0022315409418936496,0.797059297907181,79.74201486662406,0.0,0.976064840607203,6,2011-07-31 23:59:59.999999999,2021-06-30 23:59:59.999999999,120,120,6,4,120
ME4 BM1,ff3,2011-07-31 23:59:59.999999999,2021-06-30 23:59:59.999999999,120,0.00029311839857393697,0.0010658150401232666,0.2750180730608159,0.78330235320976,12,0.9215815229528227,0.01364248410287642,0.00029311839857393697,0.0010658150401232666,0.2750180730608159,0.78330235320976,1.0607568916988357,0.039865311852377225,26.60851859448282,5.409806880221355e-156,0.3754726315186355,0.04462262808895901,8.414399769778212,3.949117727706573e-17,-0.3269237185346434,0.0385047799662138,-8.490471022597822,2.0580126796658102e-17,-9.0356820338773e-05,0.0011295771706476615,0.7353767201249829,0.0005486918919699138,0.0006134827614874929,-0.0006537343205455723,0.0017511181044853998,0.8144429531578712,65.84302703638966,0.0,0.8901163104656363,7,2011-07-31 23:59:59.999999999,2021-06-30 23:59:59.999999999,120,120,7,4,120
ME5 BM3,ff3,2011-07-31 23:59:59.999999999,2021-06-30 23:59:59.999999999,120,0.0006095447874772945,0.0007700993022682915,0.7915145302455265,0.42864380048339523,12,0.9144937295012385,0.01202788860851797,0.0006095447874772945,0.0007700993022682915,0.7915145302455265,0.42864380048339523,0.9146289836738892,0.03245230235919689,28.183793357721072,9.23955575542211e-175,-0.10547728247691217,0.03487362386552605,-3.0245575534001388,0.0024899709147172054,0.29465572228564735,0.058597791887705426,5.028444123804432,4.944755539337608e-07,-9.0356820338773e-05,0.0011295771706476615,0.8029475731728793,0.00038368596763069197,0.0005249247025234875,-0.0006451664493153435,0.0014125383845767273,0.7675906475346193,46.04231611568303,0.0,0.7094091281546678,8,2011-07-31 23:59:59.999999999,2021-06-30 23:59:59.999999999,120,120,8,4,120
ME5 BM2,ff3,2011-07-31 23:59:59.999999999,2021-06-30 23:59:59.999999999,120,0.0008926487190110958,0.0008298461660225041,1.075679753139799,0.28207050549979307,12,0.9440874578951155,0.008730949505545121,0.0008926487190110958,0.0008298461660225041,1.075679753139799,0.28207050549979307,0.9058384264275267,0.028606793432052368,31.665150747464885,4.6918717405755464e-220,-0.2180192631984456,0.03760806422293616,-5.797141323362276,6.745484556993569e-09,0.01829057110383966,0.046399150043629656,0.39420056373103446,0.6934329695234354,-9.0356820338773e-05,0.0011295771706476615,0.8317159368153219,0.0003492648919587373,0.0004756774319969904,-0.0005830628747553639,0.0012815926586728385,0.7686009987887346,41.91178703504848,0.0,0.6670251390911367,9,2011-07-31 23:59:59.999999999,2021-06-30 23:59:59.999999999,120,120,9,4,120
ME1 BM2,ff3,2011-07-31 23:59:59.999999999,2021-06-30 23:59:59.999999999,120,0.0012640368586608482,0.0018273770134098063,0.6917219869709372,0.489111936527178,12,0.8870440723082526,0.02142212553272661,0.0012640368586608482,0.0018273770134098063,0.6917219869709372,0.489111936527178,0.9925637379285998,0.0628104031084323,15.802537299674613,2.988422400853685e-56,1.315469806171751,0.05567351721192569,23.628286338804678,1.9738573012017317e-123,-0.045355640008351183,0.0610303541047983,-0.7431652769123497,0.4573816229266153,-9.0356820338773e-05,0.0011295771706476615,0.4169058960862647,0.00027968373871082154,0.0008937500535519381,-0.0014720663662509772,0.00203143384367262,0.6228341548931893,33.56204864529858,0.0,0.7094091281546678,10,2011-07-31 23:59:59.999999999,2021-06-30 23:59:59.999999999,120,120,10,4,120
ME4 BM5,ff3,2011-07-31 23:59:59.999999999,2021-06-30 23:59:59.999999999,120,-0.0011117053342383813,0.0013150140321282642,-0.845394274948655,0.3978907399101419,12,0.9284324207730965,0.0169291569081775,-0.0011117053342383813,0.0013150140321282642,-0.845394274948655,0.3978907399101419,1.1459688281339644,0.05256511933568033,21.800936488240783,2.273184103430324e-105,0.334185461116821,0.04769276845175943,7.007046811611386,2.4340084902418295e-12,0.8517065691102685,0.04601420474716529,18.50964444110572,1.7263637722242358e-76,-9.0356820338773e-05,0.0011295771706476615,0.6342643035607213,0.00023604486686514505,0.0007256763156177195,-0.001186280711745585,0.0016583704454758753,0.627513787390148,28.325384023817406,0.0,0.7094091281546678,11,2011-07-31 23:59:59.999999999,2021-06-30 23:59:59.999999999,120,120,11,3,120
ME3 BM4,ff3,2011-07-31 23:59:59.999999999,2021-06-30 23:59:59.999999999,120,-7.299408563647874e-05,0.0009527615548322725,-0.0766131727988635,0.938931279377299,12,0.9559976454377351,0.012277820097084202,-7.299408563647874e-05,0.0009527615548322725,-0.0766131727988635,0.938931279377299,1.0519344962162585,0.021606421816201794,48.68619640793344,0.0,0.6514458704791772,0.042529002392571257,15.317685199052974,5.825548006179445e-53,0.5753596753668248,0.03731642672966443,15.418402183439675,1.2311278858777401e-53,-9.0356820338773e-05,0.0011295771706476615,0.6996170402621681,5.081423299776452e-05,0.0006289398870736986,-0.0011819079456666848,0.0012835364116622137,0.5321968975268953,6.097707959731743,0.0,0.976064840607203,12,2011-07-31 23:59:59.999999999,2021-06-30 23:59:59.999999999,120,120,12,3,120
ME2 BM4,ff3,2011-07-31 23:59:59.999999999,2021-06-30 23:59:59.999999999,120,-0.00017644379820271728,0.0011634147514215174,-0.15166027247559785,0.8794548926046695,12,0.9581158506675433,0.01178731091507387,-0.00017644379820271728,0.0011634147514215174,-0.15166027247559785,0.8794548926046695,0.9206390641455248,0.03901478180158903,23.597186031373067,4.119226570944712e-123,0.8694047998230763,0.048099269980691646,18.075218192959664,4.99573487904608e-73,0.6139644339899596,0.03951155287488367,15.538858620265433,1.8932532676788242e-54,-9.0356820338773e-05,0.0011295771706476615,0.7235598912718517,-6.117647083371381e-05,0.000594030359836746,-0.0012254759761137358,0.0011031230344463081,0.4589872681257266,-7.341176500045657,7.341176500045657,0.955929231092032,13,2011-07-31 23:59:59.999999999,2021-06-30 23:59:59.999999999,120,120,13,3,120
ME1 BM3,ff3,2011-07-31 23:59:59.999999999,2021-06-30 23:59:59.999999999,120,-0.000548552175345822,0.0010120524312646935,-0.5420195223090699,0.5878050572265898,12,0.9580381976888576,0.011928015365176492,-0.000548552175345822,0.0010120524312646935,-0.5420195223090699,0.5878050572265898,0.9335173858248355,0.03432194401356569,27.19884938498426,6.70164475078439e-163,1.1260601862378343,0.04706746209550236,23.92438716905957,1.7076903726846732e-126,0.2793328214857077,0.02665321532490784,10.480267317867156,1.0644244788639803e-25,-9.0356820338773e-05,0.0011295771706476615,0.7519298996604622,-0.00020867196603521478,0.0005630930753275572,-0.001312334393677227,0.0008949904616067973,0.3554745724392129,-25.04063592422577,25.04063592422577,0.7094091281546678,14,2011-07-31 23:59:59.999999999,2021-06-30 23:59:59.999999999,120,120,14,3,120
ME4 BM3,ff3,2011-07-31 23:59:59.999999999,2021-06-30 23:59:59.999999999,120,-0.0006717486635199542,0.0011540231443578747,-0.5820928867884454,0.5605041161866898,12,0.9249419356948144,0.013700700867394803,-0.0006717486635199542,0.0011540231443578747,-0.5820928867884454,0.5605041161866898,1.0548947235190875,0.029798739986561164,35.40064861785535,1.6686857405953314e-274,0.2018644748745099,0.04332651761920591,4.659143775382188,3.1752737283808695e-06,0.31262039090617944,0.06193621496049653,5.047457147737741,4.477291507808878e-07,-9.0356820338773e-05,0.0011295771706476615,0.675636061328348,-0.00024728329566425116,0.0006960480968330487,-0.0016115375654570266,0.0011169709741285243,0.3611945850462329,-29.67399547971014,29.67399547971014,0.7094091281546678,15,2011-07-31 23:59:59.999999999,2021-06-30 23:59:59.999999999,120,120,15,3,120
ME3 BM3,ff3,2011-07-31 23:59:59.999999999,2021-06-30 23:59:59.999999999,120,-0.0015925170779052817,0.000982274994064916,-1.6212538113334445,0.10496321641740951,12,0.9338268076480751,0.01348239597386384,-0.0015925170779052817,0.000982274994064916,-1.6212538113334445,0.10496321641740951,1.0175603188281512,0.06185142207147211,16.451688332279804,8.156258482980976e-61,0.5056794404659702,0.04576489595714895,11.049504863715917,2.2042724468621935e-28,0.3318147865929142,0.04175059845525757,7.947545636944742,1.902429328903118e-15,-9.0356820338773e-05,0.0011295771706476615,0.7109228729628599,-0.0005144406382532706,0.00062549834686943,-0.0017404173981173535,0.0007115361216108123,0.20541063320566083,-61.732876590392465,61.732876590392465,0.5248160820870476,16,2011-07-31 23:59:59.999999999,2021-06-30 23:59:59.999999999,120,120,16,2,120
ME2 BM3,ff3,2011-07-31 23:59:59.999999999,2021-06-30 23:59:59.999999999,120,-0.001260627712787903,0.0009854014580556634,-1.279303681238,0.20079013678597546,12,0.9639825076265925,0.01101978657692776,-0.001260627712787903,0.0009854014580556634,-1.279303681238,0.20079013678597546,1.0338492957831502,0.03617482350036705,28.57924920553269,1.2168873066920753e-179,0.875676767818163,0.03971138831493629,22.051023773671556,9.338716559322525e-108,0.3410051264136753,0.03677576424003234,9.272550372793434,1.8174719260689668e-20,-9.0356820338773e-05,0.0011295771706476615,0.7279430000256633,-0.000541263329175302,0.0006425696507034373,-0.001800699844554039,0.000718173186203435,0.19979830694635564,-64.95159950103624,64.95159950103624,0.6286023260515321,17,2011-07-31 23:59:59.999999999,2021-06-30 23:59:59.999999999,120,120,17,2,120
ME4 BM2,ff3,2011-07-31 23:59:59.999999999,2021-06-30 23:59:59.999999999,120,-0.0011091137771475357,0.0009083714139079381,-1.220991502116933,0.22208923730977315,12,0.9360926067087174,0.012447596528361577,-0.0011091137771475357,0.0009083714139079381,-1.220991502116933,0.22208923730977315,1.0787538558578327,0.043886153687032456,24.58073367629354,2.0302943380835623e-133,0.24525755857047257,0.03408124457766315,7.196261803514488,6.188575180558828e-13,0.11122051650947591,0.0392184577097511,2.8359227517971095,0.004569349654796252,-9.0356820338773e-05,0.0011295771706476615,0.8070602665326969,-0.0006087629091432381,0.0005090462697480133,-0.0016064935978493443,0.00038896777956286797,0.115869910541394,-73.05154909718857,73.05154909718857,0.6286023260515321,18,2011-07-31 23:59:59.999999999,2021-06-30 23:59:59.999999999,120,120,18,2,120
ME4 BM4,ff3,2011-07-31 23:59:59.999999999,2021-06-30 23:59:59.999999999,120,-0.0011825008360190944,0.001728559308664174,-0.6840961892901019,0.49391442802398566,12,0.8940146824201999,0.01797577206085179,-0.0011825008360190944,0.001728559308664174,-0.6840961892901019,0.49391442802398566,1.0419156130060447,0.0726937988160126,14.332936646262285,1.3623571782312553e-46,0.2910312183426338,0.059695556947661585,4.875257610843585,1.0866655210037162e-06,0.5846881094048288,0.11462797509976021,5.10074533634549,3.383185239842219e-07,-9.0356820338773e-05,0.0011295771706476615,0.5265371882190175,-0.0007326105888185219,0.0008911106022122202,-0.0024791873691544734,0.0010139661915174298,0.20550087234894177,-87.91327065822263,87.91327065822263,0.7094091281546678,19,2011-07-31 23:59:59.999999999,2021-06-30 23:59:59.999999999,120,120,19,2,120
ME5 BM4,ff3,2011-07-31 23:59:59.999999999,2021-06-30 23:59:59.999999999,120,-0.0008767462746614008,0.0013607334272470303,-0.644318907072924,0.5193686576593645,12,0.9229269584091729,0.012210118404046942,-0.0008767462746614008,0.0013607334272470303,-0.644318907072924,0.5193686576593645,0.8908640556332402,0.04126772881477371,21.587426330918262,2.357825852437984e-103,-0.10737195381418849,0.03919145361586547,-2.7396777589980026,0.0061499448375069155,0.5693543078441842,0.044050325149091914,12.92508752017512,3.249266827333742e-38,-9.0356820338773e-05,0.0011295771706476615,0.7197074066957535,-0.0008317486059295705,0.0006036148010522324,-0.002014833615991946,0.0003513364041328051,0.08410997919825614,-99.80983271154845,99.80983271154845,0.7094091281546678,20,2011-07-31 23:59:59.999999999,2021-06-30 23:59:59.999999999,120,120,20,2,120
ME2 BM5,ff3,2011-07-31 23:59:59.999999999,2021-06-30 23:59:59.999999999,120,-0.0007816017007680627,0.0011452429587255452,-0.6824767572793885,0.4949375348071663,12,0.9521876923492569,0.014712969938979442,-0.0007816017007680627,0.0011452429587255452,-0.6824767572793885,0.4949375348071663,1.1341458405268474,0.08387207688816754,13.5223292734134,1.154612278759589e-41,0.8691247338554832,0.04689581320517901,18.533098680960716,1.1166728375308764e-76,0.7182734731264433,0.03592751256151938,19.992296207440734,6.426914887493954e-89,-9.0356820338773e-05,0.0011295771706476615,0.6875878558188783,-0.0008739579311323995,0.0006385874552986596,-0.002125589343517772,0.00037767348125297337,0.08556532129562211,-104.87495173588793,104.87495173588793,0.7094091281546678,21,2011-07-31 23:59:59.999999999,2021-06-30 23:59:59.999999999,120,120,21,1,120
ME3 BM1,ff3,2011-07-31 23:59:59.999999999,2021-06-30 23:59:59.999999999,120,-0.002692327229969137,0.0011715189832545573,-2.2981507499687917,0.021553210653126122,12,0.9288127101576953,0.015578466297139685,-0.002692327229969137,0.0011715189832545573,-2.2981507499687917,0.021553210653126122,1.1406157696857582,0.02546871392741922,44.78497708742918,0.0,0.8390475536060855,0.10255820077869561,8.181184412708424,2.8106737232154865e-16,-0.39455503719204765,0.0546183900449555,-7.2238496386893845,5.053613376351077e-13,-9.0356820338773e-05,0.0011295771706476615,0.7010593622435267,-0.0010117722443886222,0.000669309639744089,-0.002323619138287036,0.0003000746495097921,0.0653094986585047,-121.41266932663466,121.41266932663466,0.2694151331640765,22,2011-07-31 23:59:59.999999999,2021-06-30 23:59:59.999999999,120,120,22,1,120
BIG HiBM,ff3,2011-07-31 23:59:59.999999999,2021-06-30 23:59:59.999999999,120,-0.001926643730535526,0.0019380699082513508,-0.9941043521355046,0.32017206676374566,12,0.9031474451885546,0.021122883660738896,-0.001926643730535526,0.0019380699082513508,-0.9941043521355046,0.32017206676374566,1.2902979871434248,0.06344512220567416,20.337229124732115,6.023909566046096e-92,0.17177425382634917,0.08843536241097268,1.9423706664771485,0.05209224375481267,0.8465756288817248,0.06418590009271784,13.189433000999115,1.0094158534702338e-39,-9.0356820338773e-05,0.0011295771706476615,0.5631937608322348,-0.0011534646230998717,0.0007852940055134952,-0.0026926408739063224,0.00038571162770657894,0.07093924012234976,-138.4157547719846,138.4157547719846,0.6670251390911367,23,2011-07-31 23:59:59.999999999,2021-06-30 23:59:59.999999999,120,120,23,1,120
SMALL LoBM,ff3,2011-07-31 23:59:59.999999999,2021-06-30 23:59:59.999999999,120,-0.0023402418690858192,0.0018496555390212952,-1.2652311847881184,0.20578846664118577,12,0.8775839844589048,0.025273295767115556,-0.0023402418690858192,0.0018496555390212952,-1.2652311847881184,0.20578846664118577,1.0530028857138345,0.06898645122203322,15.2639085945259,1.3303506945495623e-52,1.651946902139946,0.11893837230601231,13.889099624549347,7.375663738425625e-44,-0.27856769435970663,0.062408975912497625,-4.463583808045189,8.060005152366375e-06,-9.0356820338773e-05,0.0011295771706476615,0.4707172208664345,-0.0016819461775870348,0.0008906011849010877,-0.0034275244999931666,6.363214481909692e-05,0.02947597745331328,-201.8335413104442,201.8335413104442,0.6286023260515321,24,2011-07-31 23:59:59.999999999,2021-06-30 23:59:59.999999999,120,120,24,1,120
ME3 BM5,ff3,2011-07-31 23:59:59.999999999,2021-06-30 23:59:59.999999999,120,-0.00252545631173454,0.0010878324006452342,-2.321549082594522,0.02025722829247625,12,0.9423686851659453,0.016072211620382616,-0.00252545631173454,0.0010878324006452342,-2.321549082594522,0.02025722829247625,1.1027421791150545,0.05164036085120807,21.354269430695833,3.558926031149581e-101,0.7578736434279886,0.054081106347305986,14.013649028571352,1.2862262595216712e-44,0.8515818032743085,0.06675188231783412,12.757420071235822,2.8343365708142533e-37,-9.0356820338773e-05,0.0011295771706476615,0.7096272727753428,-0.002187248716501182,0.0006530593166107574,-0.0034672449770582663,-0.0009072524559440975,0.0004051760661723736,-262.4698459801418,262.4698459801418,0.2694151331640765,25,2011-07-31 23:59:59.999999999,2021-06-30 23:59:59.999999999,120,120,25,1,120
ME3 BM3,ff3,1926-07-31 23:59:59.999999999,1941-06-30 23:59:59.999999999,180,0.00422909119455681,0.001456368260223564,2.9038611387394635,0.003685916002905607,12,0.9491263867715694,0.02676055329347914,0.00422909119455681,0.001456368260223564,2.9038611387394635,0.003685916002905607,1.0439646789250143,0.06539671607068491,15.963564252930242,2.292566420380673e-57,0.48239875101165575,0.07371509358658315,6.544097382784262,5.985578611139507e-11,0.21371636858300241,0.07209635949175884,2.9643156754320144,0.0030335691820159503,0.0017202099322015624,0.0015402282978847171,0.7144293447052507,0.003949007069869384,0.000866317201394786,0.0022510253551356035,0.005646988784603164,0.999997422572348,473.88084838432604,0.0,0.04607395003632009,1,1926-07-31 23:59:59.999999999,1941-06-30 23:59:59.999999999,180,120,1,5,180
ME1 BM4,ff3,1926-07-31 23:59:59.999999999,1941-06-30 23:59:59.999999999,180,0.0019230627160399724,0.002571291542648872,0.7478975775959219,0.4545219388240971,12,0.9303665495290511,0.043234542593645856,0.0019230627160399724,0.002571291542648872,0.7478975775959219,0.4545219388240971,0.9975903277946974,0.04570003071014803,21.82909534835772,1.2282742340200147e-105,1.523747082129448,0.21083595989160892,7.227168851617194,4.931667888728432e-13,0.49584804577080516,0.04961308837000701,9.994299126731326,1.6142509196909664e-23,0.0017202099322015624,0.0015402282978847171,0.45330070572117515,0.0038100480312300063,0.0011829110913888956,0.001491542292107771,0.006128553770352242,0.9993610746337441,457.20576374760077,0.0,0.7491893519846787,2,1926-07-31 23:59:59.999999999,1941-06-30 23:59:59.999999999,180,120,2,5,180
ME3 BM2,ff3,1926-07-31 23:59:59.999999999,1941-06-30 23:59:59.999999999,180,0.003400804749271256,0.0013581753122189543,2.5039512341857417,0.01228149606254082,12,0.9510685082568952,0.02485765962887059,0.003400804749271256,0.0013581753122189543,2.5039512341857417,0.01228149606254082,1.1010186384664176,0.034038278439245305,32.34648428038505,1.554592532849163e-229,0.5332305155026593,0.04464371541122633,11.944133918759157,6.96723285359065e-33,-0.07995092837856489,0.03690239658254895,-2.166551112736496,0.030269098495517826,0.0017202099322015624,0.0015402282978847171,0.665750250923372,0.0030338676221073283,0.0009468918975878189,0.0011779595028352033,0.004889775741379453,0.9993224021994249,364.0641146528794,0.0,0.1023458005211735,3,1926-07-31 23:59:59.999999999,1941-06-30 23:59:59.999999999,180,120,3,5,180
SMALL HiBM,ff3,1926-07-31 23:59:59.999999999,1941-06-30 23:59:59.999999999,180,0.0026783093467946826,0.002588866655991206,1.0345489755513235,0.30087959344745285,12,0.9500611524322591,0.04051663967576025,0.0026783093467946826,0.002588866655991206,1.0345489755513235,0.30087959344745285,0.9243919894571814,0.06966182155367849,13.269707407017536,3.469326979440399e-40,1.523078099100883,0.10205375177508416,14.924273459907564,2.2911750648241993e-50,0.9940522209792214,0.11850432940627584,8.388319869489745,4.9313893480733894e-17,0.0017202099322015624,0.0015402282978847171,0.40112728553079113,0.002890047964027372,0.0012239489298894288,0.0004911080614440917,0.005288987866610652,0.9908932471510374,346.80575568328464,0.0,0.7491893519846787,4,1926-07-31 23:59:59.999999999,1941-06-30 23:59:59.999999999,180,120,4,5,180
ME2 BM5,ff3,1926-07-31 23:59:59.999999999,1941-06-30 23:59:59.999999999,180,0.0013855352728625514,0.0020808706256588982,0.6658440249853727,0.5055108016716101,12,0.9571503253217643,0.03453804797678146,0.0013855352728625514,0.0020808706256588982,0.6658440249853727,0.5055108016716101,0.9614630201172477,0.057310419978737634,16.77640855666306,3.6314491891015746e-63,0.8955752763166672,0.12495872851643047,7.16696854192871,7.667664226354636e-13,1.0706243054664555,0.07363584601744265,14.539444623381513,6.814325363570682e-48,0.0017202099322015624,0.0015402282978847171,0.577804987021787,0.002676997398371881,0.0010266394319939781,0.0006647841116636838,0.004689210685080079,0.9954401515979822,321.2396878046257,0.0,0.7491893519846787,5,1926-07-31 23:59:59.999999999,1941-06-30 23:59:59.999999999,180,120,5,5,180
ME4 BM1,ff3,1926-07-31 23:59:59.999999999,1941-06-30 23:59:59.999999999,180,0.0013444705854569754,0.0016169740387090338,0.831473204437085,0.40570635945782074,12,0.9450590523727407,0.022104719185714158,0.0013444705854569754,0.0016169740387090338,0.831473204437085,0.40570635945782074,1.0627066943618322,0.039736641701387035,26.74374705210022,1.4599045564455872e-157,0.1916819340116362,0.044533610101621136,4.304208295133443,1.675839383266667e-05,-0.24955670743692443,0.055265472486196725,-4.515598912128264,6.3138067395861625e-06,0.0017202099322015624,0.0015402282978847171,0.6825291266062437,0.0025037332403989687,0.0009132201095710231,0.0007138218256397635,0.0042936446551581735,0.9969434618161819,300.4479888478762,0.0,0.7491893519846787,6,1926-07-31 23:59:59.999999999,1941-06-30 23:59:59.999999999,180,120,6,4,180
ME2 BM3,ff3,1926-07-31 23:59:59.999999999,1941-06-30 23:59:59.999999999,180,0.0007943580235358956,0.0017694056774470548,0.4489405870348604,0.6534745164262558,12,0.947756452560034,0.031245246424464346,0.0007943580235358956,0.0017694056774470548,0.4489405870348604,0.6534745164262558,1.0517895277530966,0.05148559839704129,20.428810395521005,9.273371993420154e-93,1.0092672865848356,0.09616585190993239,10.495069367555766,9.101084252679372e-26,0.23972931873195513,0.04947626439098316,4.84533991567166,1.2639509102836354e-06,0.0017202099322015624,0.0015402282978847171,0.5736295297398086,0.00241552693329269,0.001029064381586195,0.00039856074538374784,0.004432493121201632,0.9905450902534901,289.8632319951228,0.0,0.7491893519846787,7,1926-07-31 23:59:59.999999999,1941-06-30 23:59:59.999999999,180,120,7,4,180
ME4 BM2,ff3,1926-07-31 23:59:59.999999999,1941-06-30 23:59:59.999999999,180,0.0011176265068797246,0.002124843856491351,0.5259805342709774,0.5989017318572591,12,0.9493426845935928,0.023963039956677538,0.0011176265068797246,0.002124843856491351,0.5259805342709774,0.5989017318572591,1.0587193737732599,0.04358346280440167,24.29176815354689,2.3951495068855942e-130,0.2751844753748013,0.08370135773357582,3.287694283893489,0.0010101146458344754,0.02920321867475667,0.05599221567505197,0.5215585474280228,0.6019777313822824,0.0017202099322015624,0.0015402282978847171,0.5373816287709346,0.0023238423808460817,0.001145967557797317,7.774596756334037e-05,0.0045699387941288225,0.9787118669567004,278.8610857015298,0.0,0.7491893519846787,8,1926-07-31 23:59:59.999999999,1941-06-30 23:59:59.999999999,180,120,8,4,180
ME3 BM1,ff3,1926-07-31 23:59:59.999999999,1941-06-30 23:59:59.999999999,180,0.0009771030672261506,0.0020815791049703675,0.469404724948015,0.6387803716879401,12,0.9294342996829009,0.03270741807770703,0.0009771030672261506,0.0020815791049703675,0.469404724948015,0.6387803716879401,1.0803594351184793,0.03345491570048119,32.292995289267466,8.77244527282362e-229,0.8540083225423803,0.08493670038486326,10.054644443129026,8.763721351104828e-24,-0.03820515170038332,0.05779885189172226,-0.661001913532039,0.5086110864108031,0.0017202099322015624,0.0015402282978847171,0.5243503138650117,0.002263190840790032,0.0011784475024946366,-4.656626409945547e-05,0.00457294794567952,0.9726016717332064,271.58290089480386,0.0,0.7491893519846787,9,1926-07-31 23:59:59.999999999,1941-06-30 23:59:59.999999999,180,120,9,4,180
ME3 BM5,ff3,1926-07-31 23:59:59.999999999,1941-06-30 23:59:59.999999999,180,-0.0004517510099730034,0.002008099866778886,-0.22496441409442422,0.8220069581288344,12,0.933510077288485,0.04216465294026519,-0.0004517510099730034,0.002008099866778886,-0.22496441409442422,0.8220069581288344,1.1779567978508652,0.054529410890326514,21.602228570194107,1.7115606208753312e-103,0.5523241486039261,0.14668108237714475,3.7654763630922523,0.000166231849666474,0.8069367876758513,0.11358956964499979,7.103969054533456,1.2122401096485965e-12,0.0017202099322015624,0.0015402282978847171,0.5143185863048899,0.00220052162165629,0.0010776359225589966,8.835521344065667e-05,0.004312688029871923,0.9794237311846482,264.0625945987548,0.0,0.8220069581288344,10,1926-07-31 23:59:59.999999999,1941-06-30 23:59:59.999999999,180,120,10,4,180
ME2 BM4,ff3,1926-07-31 23:59:59.999999999,1941-06-30 23:59:59.999999999,180,0.0008737086632341084,0.001676914127119162,0.5210217083298639,0.602351648947222,12,0.9627513713849056,0.0279355203836516,0.0008737086632341084,0.001676914127119162,0.5210217083298639,0.602351648947222,0.9826836209915891,0.04355226136064239,22.56332025688171,9.937677823661087e-113,1.001089850807894,0.11093600633712393,9.024030013895377,1.812943007099679e-19,0.5596667939373057,0.07120267007652008,7.86019391317549,3.835392407687313e-15,0.0017202099322015624,0.0015402282978847171,0.683246495106189,0.002198015257659915,0.0009308987029390164,0.0003734537998994426,0.004022576715420387,0.9908914476431081,263.7618309191898,0.0,0.7491893519846787,11,1926-07-31 23:59:59.999999999,1941-06-30 23:59:59.999999999,180,120,11,3,180
ME5 BM2,ff3,1926-07-31 23:59:59.999999999,1941-06-30 23:59:59.999999999,180,0.0015283421016544306,0.001102461557797475,1.3862996771586216,0.16565541540735573,12,0.9673149870777963,0.016373759165703237,0.0015283421016544306,0.001102461557797475,1.3862996771586216,0.16565541540735573,1.031224745498359,0.030580066206911564,33.72212272271949,2.7403477133345397e-249,-0.1726623366197334,0.028282141798068698,-6.104995083205615,1.0280384642010765e-09,-0.06388964210650534,0.04589717751099943,-1.3920167986624876,0.16391731107746388,0.0017202099322015624,0.0015402282978847171,0.799911277408241,0.001834608455658714,0.0007014276248811863,0.0004598103108915889,0.003209406600425839,0.9955456096109083,220.1530146790457,0.0,0.6562710553747328,12,1926-07-31 23:59:59.999999999,1941-06-30 23:59:59.999999999,180,120,12,3,180
ME4 BM5,ff3,1926-07-31 23:59:59.999999999,1941-06-30 23:59:59.999999999,180,-0.0018397886972650707,0.0036881479750259837,-0.49883809156331615,0.6178934503102897,12,0.9383591632716404,0.04229540113414496,-0.0018397886972650707,0.0036881479750259837,-0.49883809156331615,0.6178934503102897,1.215084498699814,0.049587595003376055,24.503799763168345,1.3456171159913449e-132,0.24131311931746643,0.08117390453183901,2.972791819109991,0.0029510453413949117,1.0292457812837519,0.08973826870244819,11.469418745936565,1.8791724844931195e-30,0.0017202099322015624,0.0015402282978847171,0.3240462283538526,0.0018117098066522301,0.0013224526271109148,-0.0007802973424851627,0.004403716955789623,0.9146506133578671,217.4051767982676,0.0,0.7491893519846787,13,1926-07-31 23:59:59.999999999,1941-06-30 23:59:59.999999999,180,120,13,3,180
SMALL LoBM,ff3,1926-07-31 23:59:59.999999999,1941-06-30 23:59:59.999999999,180,-0.004931646948344097,0.006978045567539048,-0.7067375672187455,0.4797295791527053,12,0.599208757871698,0.1528139782930662,-0.004931646948344097,0.006978045567539048,-0.7067375672187455,0.4797295791527053,1.1700983158109954,0.15081815116327837,7.758338812575858,8.604901677206073e-15,1.1556714462720112,0.5401007434509798,2.1397331151366976,0.032376341233457735,1.040562150293909,0.38803138140542714,2.6816443209439744,0.007326130616803089,0.0017202099322015624,0.0015402282978847171,0.07543316891169972,0.0013996020819885533,0.0015910817839762201,-0.001718918214604838,0.004518122378581945,0.8104767186895184,167.95224983862641,0.0,0.7491893519846787,14,1926-07-31 23:59:59.999999999,1941-06-30 23:59:59.999999999,180,120,14,3,180
ME4 BM4,ff3,1926-07-31 23:59:59.999999999,1941-06-30 23:59:59.999999999,180,0.001626277426382409,0.0021075640138238667,0.7716384488041084,0.4403285953026932,12,0.9398796742393998,0.03187591382547067,0.001626277426382409,0.0021075640138238667,0.7716384488041084,0.4403285953026932,1.0581925978881541,0.046304632496076505,22.852845187310734,1.3692271228043965e-115,0.10567031234202595,0.09895825377146115,1.0678271727193767,0.28559847848335684,0.5974626701549504,0.13091371319265843,4.5637898092134765,5.023837809268099e-06,0.0017202099322015624,0.0015402282978847171,0.5668384401024579,0.0012812597015669463,0.0010850672629306721,-0.0008454721337771711,0.0034079915369110638,0.8811611559466956,153.75116418803356,0.0,0.7491893519846787,15,1926-07-31 23:59:59.999999999,1941-06-30 23:59:59.999999999,180,120,15,3,180
BIG HiBM,ff3,1926-07-31 23:59:59.999999999,1941-06-30 23:59:59.999999999,180,0.003701361235689887,0.006041204140602912,0.6126860058929396,0.5400839773917082,12,0.8525392192679055,0.06660135233841911,0.003701361235689887,0.006041204140602912,0.6126860058929396,0.5400839773917082,1.1758237623924293,0.08451201732293948,13.913095434692341,5.274632656501429e-44,-0.3447850196054709,0.1729067375452895,-1.9940519640835932,0.0461463759921961,1.222164764090942,0.08144521026857893,15.005974692196798,6.709799534706398e-51,0.0017202099322015624,0.0015402282978847171,0.184799708527709,0.0012257766417337345,0.0014445826668831178,-0.001605605385357176,0.004057158668824645,0.8019295101328805,147.09319700804815,0.0,0.7491893519846787,16,1926-07-31 23:59:59.999999999,1941-06-30 23:59:59.999999999,180,120,16,2,180
ME5 BM4,ff3,1926-07-31 23:59:59.999999999,1941-06-30 23:59:59.999999999,180,-0.003560831589704082,0.002635753623783971,-1.3509728517766544,0.17670412934533808,12,0.9437341878303336,0.030028358463208532,-0.003560831589704082,0.002635753623783971,-1.3509728517766544,0.17670412934533808,1.0745428403151986,0.055630120195592374,19.315846101665183,3.95202358178932e-83,-0.11083993884248976,0.0642389773076973,-1.725431248875262,0.08444978383673556,0.5941803623260214,0.08091923599015725,7.342881517051095,2.090435745279964e-13,0.0017202099322015624,0.0015402282978847171,0.6020636924217329,0.001168985321690566,0.0010350870014610792,-0.000859785201173149,0.003197755844554281,0.8706268914186579,140.27823860286793,0.0,0.6562710553747328,17,1926-07-31 23:59:59.999999999,1941-06-30 23:59:59.999999999,180,120,17,2,180
ME3 BM4,ff3,1926-07-31 23:59:59.999999999,1941-06-30 23:59:59.999999999,180,0.0006549371945382123,0.0015977435890393876,0.4099138303737339,0.681869159538733,12,0.9493926101349637,0.02969742423383217,0.0006549371945382123,0.0015977435890393876,0.4099138303737339,0.681869159538733,1.0123985282550898,0.05853591819419941,17.295338648252603,5.100241153981956e-67,0.5569936667259778,0.10332780770423648,5.39054954422633,7.024254613457966e-08,0.5062649120482036,0.10388158419515532,4.873480857753553,1.0964889679607424e-06,0.0017202099322015624,0.0015402282978847171,0.6824927912419156,0.0009944530873625553,0.0008735063386781872,-0.0007176193364466915,0.0027065255111718024,0.8725360272811733,119.33437048350663,0.0,0.7491893519846787,18,1926-07-31 23:59:59.999999999,1941-06-30 23:59:59.999999999,180,120,18,2,180
ME2 BM2,ff3,1926-07-31 23:59:59.999999999,1941-06-30 23:59:59.999999999,180,0.0008453226498835317,0.002175361635562712,0.38858948142885114,0.6975798490466524,12,0.9367143468261471,0.03426874436867837,0.0008453226498835317,0.002175361635562712,0.38858948142885114,0.6975798490466524,1.0446529944395246,0.03929847104634627,26.582535315623943,1.0807351801320817e-155,1.190704429175865,0.11825137684411334,10.069264823406911,7.554061522442282e-24,0.08691720336739789,0.07208333966734944,1.2057876864266257,0.22789936455212445,0.0017202099322015624,0.0015402282978847171,0.5407439880142993,0.0009702595229393511,0.0010517574634526553,-0.0010911851054278535,0.0030317041513065555,0.8218693721185966,116.43114275272214,0.0,0.7491893519846787,19,1926-07-31 23:59:59.999999999,1941-06-30 23:59:59.999999999,180,120,19,2,180
ME5 BM3,ff3,1926-07-31 23:59:59.999999999,1941-06-30 23:59:59.999999999,180,-0.0016934910493438934,0.002500873246724184,-0.6771598886757435,0.4983045143333362,12,0.9553698642869816,0.021959726191113853,-0.0016934910493438934,0.002500873246724184,-0.6771598886757435,0.4983045143333362,0.9836811084946986,0.0355135621839966,27.698745155392288,7.229439251399548e-169,-0.29516386806820416,0.06262320982642876,-4.713330231495682,2.4370077032743563e-06,0.38055430978382043,0.05384297532236632,7.067854395218359,1.5734751516017328e-12,0.0017202099322015624,0.0015402282978847171,0.6041428192243333,0.0009256053626653428,0.0010400665406758802,-0.0011129250570593825,0.0029641357823900682,0.8132531538782626,111.07264351984114,0.0,0.7491893519846787,20,1926-07-31 23:59:59.999999999,1941-06-30 23:59:59.999999999,180,120,20,2,180
ME4 BM3,ff3,1926-07-31 23:59:59.999999999,1941-06-30 23:59:59.999999999,180,-0.0018468822317364532,0.0017387803517281716,-1.0621710959068746,0.2881580190019005,12,0.9435053962827064,0.027280072300670484,-0.0018468822317364532,0.0017387803517281716,-1.0621710959068746,0.2881580190019005,1.0251530225631749,0.03407793047944703,30.082607955945615,8.18204615541971e-199,0.2895341454514501,0.05995822819457508,4.828930976943823,1.3726797459274673e-06,0.2681962137001114,0.06013743621255936,4.459721441269226,8.206624394294961e-06,0.0017202099322015624,0.0015402282978847171,0.6166443238341403,0.0008388946967697805,0.001039386076297096,-0.0011983020127725279,0.002876091406312089,0.7901972806310462,100.66736361237366,0.0,0.7491893519846787,21,1926-07-31 23:59:59.999999999,1941-06-30 23:59:59.999999999,180,120,21,1,180
BIG LoBM,ff3,1926-07-31 23:59:59.999999999,1941-06-30 23:59:59.999999999,180,0.0012917012521569365,0.0009717306309603261,1.3292791345688004,0.18375589550492522,12,0.9805504542141655,0.012006390657082032,0.0012917012521569365,0.0009717306309603261,1.3292791345688004,0.18375589550492522,1.0352946810752253,0.020200516661898024,51.25090107363372,0.0,-0.01373828964316644,0.019355004942327367,-0.7098055352660871,0.477824736086208,-0.25415469343656655,0.020920807654869138,-12.148416907672024,5.8487126583144524e-34,0.0017202099322015624,0.0015402282978847171,0.8686191581319193,0.0005780959773016353,0.0005665770220956265,-0.0005323949860057927,0.0016885869406090632,0.8462141959131507,69.37151727619623,0.0,0.6562710553747328,22,1926-07-31 23:59:59.999999999,1941-06-30 23:59:59.999999999,180,120,22,1,180
ME1 BM3,ff3,1926-07-31 23:59:59.999999999,1941-06-30 23:59:59.999999999,180,0.0009643845294609578,0.00268257869372302,0.35949906398553233,0.7192217779052916,12,0.8835490839798733,0.06049422437334663,0.0009643845294609578,0.00268257869372302,0.35949906398553233,0.7192217779052916,1.1380943232668033,0.10168201786839788,11.192680349241138,4.428410017905649e-29,1.4382432188527272,0.1669455870202826,8.615041850001054,6.991605252950884e-18,0.49963780543742853,0.10540669595408787,4.740095502614524,2.1361750726731614e-06,0.0017202099322015624,0.0015402282978847171,0.32039510242950126,0.00044442106584726554,0.0013293325069924228,-0.002161070647857883,0.003049912779552414,0.6309305589451933,53.330527901671864,0.0,0.7491893519846787,23,1926-07-31 23:59:59.999999999,1941-06-30 23:59:59.999999999,180,120,23,1,180
ME2 BM1,ff3,1926-07-31 23:59:59.999999999,1941-06-30 23:59:59.999999999,180,-0.0032483822571733197,0.0022808258279937324,-1.4242132026497931,0.15438476416904656,12,0.8933860292092513,0.042069089570675164,-0.0032483822571733197,0.0022808258279937324,-1.4242132026497931,0.15438476416904656,0.9858753061669288,0.061104698356569884,16.13419806794495,1.4670065211168891e-58,1.2518059845710348,0.15195695726630798,8.237898462110008,1.7526182383892492e-16,-0.0924706704480751,0.060003606219871275,-1.5410852159324346,0.12329604750537977,0.0017202099322015624,0.0015402282978847171,0.39937191295053215,0.00011033449186663739,0.0012560566425612759,-0.002351536527553463,0.002572205511286738,0.5349988608986207,13.240139023996488,0.0,0.6562710553747328,24,1926-07-31 23:59:59.999999999,1941-06-30 23:59:59.999999999,180,120,24,1,180
ME1 BM2,ff3,1926-07-31 23:59:59.999999999,1941-06-30 23:59:59.999999999,180,-0.018485907491663827,0.0054180874551592465,-3.411887985318704,0.0006451461809344654,12,0.8052792458859865,0.08385719526825615,-0.018485907491663827,0.0054180874551592465,-3.411887985318704,0.0006451461809344654,1.1445534934527193,0.07248850144046996,15.789448956848222,3.677786476835101e-56,1.9973303004344007,0.3817392302334429,5.23218506835932,1.6751790454341843e-07,0.11620059259564522,0.13965615918592725,0.8320477469306947,0.4053819942844362,0.0017202099322015624,0.0015402282978847171,0.16225481375163056,-0.000843556269254201,0.0015613817068962973,-0.0039038644147709437,0.0022167518762625416,0.29450794501242916,-101.22675231050412,101.22675231050412,0.016128654523361634,25,1926-07-31 23:59:59.999999999,1941-06-30 23:59:59.999999999,180,120,25,1,180
ME2 BM5,ff3,1936-07-31 23:59:59.999999999,1951-06-30 23:59:59.999999999,180,0.0001842740119348222,0.0012050218257351666,0.15292172141562602,0.8784600061642879,12,0.967575914028906,0.018846224437062478,0.0001842740119348222,0.0012050218257351666,0.15292172141562602,0.8784600061642879,1.0567073656706236,0.02987862616743221,35.36666511201368,5.559209634359743e-274,0.9693902753513052,0.05370447448689013,18.050456402621432,7.824151581256934e-73,0.9638009612582746,0.039972262057596505,24.111744285813057,1.882465849857194e-128,-0.00010242991792594384,0.001010010479419553,0.5956327601231741,0.001273244633422644,0.0006500380865916803,-8.300162970492717e-07,0.002547319283142337,0.9749273897340895,152.78935601071728,0.0,0.9973039991029026,1,1936-07-31 23:59:59.999999999,1951-06-30 23:59:59.999999999,180,120,1,5,180
SMALL HiBM,ff3,1936-07-31 23:59:59.999999999,1951-06-30 23:59:59.999999999,180,0.0004342360878962452,0.0014255270746795954,0.3046144093712461,0.7606598441980768,12,0.9504310704119819,0.026030147004635518,0.0004342360878962452,0.0014255270746795954,0.3046144093712461,0.7606598441980768,0.8389216559136841,0.07776319725847526,10.78815796533175,3.915589668338675e-27,1.6253952560169957,0.17621640842488195,9.22385872317829,2.8659656229494165e-20,1.1161221914280584,0.12286763857828523,9.083939468055457,1.0471452628636218e-19,-0.00010242991792594384,0.001010010479419553,0.5269588304688981,0.0012006530891346975,0.0006975583742101259,-0.00016656132431714927,0.002567867502586544,0.9573947614278959,144.07837069616372,0.0,0.905547433569139,2,1936-07-31 23:59:59.999999999,1951-06-30 23:59:59.999999999,180,120,2,5,180
ME2 BM2,ff3,1936-07-31 23:59:59.999999999,1951-06-30 23:59:59.999999999,180,0.0011031233035676577,0.0011293586310574825,0.9767697109063936,0.3286831744439346,12,0.9613511758734836,0.01599019198968798,0.0011031233035676577,0.0011293586310574825,0.9767697109063936,0.3286831744439346,1.0484190439412557,0.03919796019128557,26.746775567529117,1.346164857895237e-157,1.0154242773179711,0.07413989317313208,13.696058004113173,1.0718759301655905e-42,-0.06540638735123826,0.04072087401609463,-1.606212757746478,0.10822717118768833,-0.00010242991792594384,0.001010010479419553,0.6012057588273674,0.0009676811330094006,0.0006773328943027612,-0.00035989133982401137,0.0022952536058428123,0.9234495874980246,116.12173596112807,0.0,0.7656956851001836,3,1936-07-31 23:59:59.999999999,1951-06-30 23:59:59.999999999,180,120,3,5,180
ME3 BM4,ff3,1936-07-31 23:59:59.999999999,1951-06-30 23:59:59.999999999,180,0.0016466285168571246,0.0009363471511425824,1.758566269836799,0.07865120630834073,12,0.9515841847782833,0.015332209542546339,0.0016466285168571246,0.0009363471511425824,1.758566269836799,0.07865120630834073,0.9531985676727078,0.06321996042231756,15.077493900743015,2.2775095570368478e-51,0.5098558198356545,0.09301608111480963,5.481372830643554,4.2203803296599425e-08,0.21751844049597502,0.0781638225374596,2.7828531593593757,0.00538831870755506,-0.00010242991792594384,0.001010010479419553,0.7423712589364803,0.0008636468431176829,0.0005142050706098177,-0.00014419509527755967,0.0018714887815129255,0.9534801455404911,103.63762117412195,0.0,0.4679452822454395,4,1936-07-31 23:59:59.999999999,1951-06-30 23:59:59.999999999,180,120,4,5,180
ME4 BM3,ff3,1936-07-31 23:59:59.999999999,1951-06-30 23:59:59.999999999,180,0.0007249240211672569,0.0014338803957954802,0.5055679841170349,0.6131599617548048,12,0.9457624169198353,0.015908993305817985,0.0007249240211672569,0.0014338803957954802,0.5055679841170349,0.6131599617548048,1.046222696184987,0.05352150774928533,19.54770596310335,4.314922143857143e-85,0.31998476170539475,0.10656671744642562,3.0026707153315573,0.002676218260871205,0.1070316158300521,0.0519435429396552,2.060537456106812,0.039347188907006087,-0.00010242991792594384,0.001010010479419553,0.566825409540346,0.0007505588439373641,0.0006906765790479906,-0.0006031672509966975,0.0021042849388714256,0.8614154867714388,90.0670612724837,0.0,0.8516110579927845,5,1936-07-31 23:59:59.999999999,1951-06-30 23:59:59.999999999,180,120,5,5,180
ME3 BM2,ff3,1936-07-31 23:59:59.999999999,1951-06-30 23:59:59.999999999,180,0.0004727728173023479,0.0012697580755841498,0.3723329871990376,0.7096449410940643,12,0.953493835900985,0.015844991094991667,0.0004727728173023479,0.0012697580755841498,0.3723329871990376,0.7096449410940643,1.1116540200691298,0.036513513154926715,30.44500306920305,1.3949781230991995e-203,0.646810769415096,0.06739507962197623,9.59729958096501,8.206631211067554e-22,-0.20607318092919774,0.05151138757555274,-4.000536398421538,6.319906494358506e-05,-0.00010242991792594384,0.001010010479419553,0.6616886354186724,0.0007292387673358309,0.0006181564705758825,-0.00048234791499289877,0.0019408254496645606,0.8809400875629956,87.50865208029971,0.0,0.8870561763675804,6,1936-07-31 23:59:59.999999999,1951-06-30 23:59:59.999999999,180,120,6,4,180
ME5 BM3,ff3,1936-07-31 23:59:59.999999999,1951-06-30 23:59:59.999999999,180,0.0019903826437175495,0.0010577024456171322,1.8817982807596056,0.059863409343627175,12,0.9235256098732688,0.014095671050721082,0.0019903826437175495,0.0010577024456171322,1.8817982807596056,0.059863409343627175,0.8891069413821641,0.03413163940700991,26.049347667711515,1.368437420997879e-149,-0.20957115382612296,0.04736582057009243,-4.424522816320629,9.665568867322499e-06,0.19955936020803153,0.04341406551353874,4.596652210463879,4.293333663330417e-06,-0.00010242991792594384,0.001010010479419553,0.5673647751330116,0.0006349532295468288,0.0006655509946627432,-0.0006695267199921479,0.0019394331790858054,0.8299648642301702,76.19438754561945,0.0,0.4679452822454395,7,1936-07-31 23:59:59.999999999,1951-06-30 23:59:59.999999999,180,120,7,4,180
BIG LoBM,ff3,1936-07-31 23:59:59.999999999,1951-06-30 23:59:59.999999999,180,0.00031782219336973574,0.0006232612838681457,0.5099341184763415,0.6100976180957906,12,0.9811840645213284,0.007382321457886457,0.00031782219336973574,0.0006232612838681457,0.5099341184763415,0.6100976180957906,1.0439549537267914,0.012737945540716828,81.95630530761736,0.0,-0.01929793568294268,0.023888208347333986,-0.807843577146982,0.4191806355374176,-0.303021197696412,0.02851924968276281,-10.62514621061576,2.276551481212577e-26,-0.00010242991792594384,0.001010010479419553,0.8256540470510811,0.00044341133434403727,0.00042995678106317085,-0.00039930395653977756,0.001286126625227852,0.8487982340832767,53.209360121284476,0.0,0.8516110579927845,8,1936-07-31 23:59:59.999999999,1951-06-30 23:59:59.999999999,180,120,8,4,180
ME5 BM4,ff3,1936-07-31 23:59:59.999999999,1951-06-30 23:59:59.999999999,180,-8.83007540524446e-06,0.000964180291626186,-0.00915811646632152,0.9926929824068942,12,0.9523250542708351,0.014467324765314071,-8.83007540524446e-06,0.000964180291626186,-0.00915811646632152,0.9926929824068942,0.9637086526657163,0.032080282104821764,30.040529242131193,2.9028876413821364e-198,-0.05956309778397068,0.07544949989773886,-0.7894432417007409,0.4298529908833578,0.6013832990896775,0.0607352652270753,9.901715203535254,4.09196036396548e-23,-0.00010242991792594384,0.001010010479419553,0.6744304261591191,-3.7857962754486593e-06,0.0005897830219271379,-0.0011597605192526388,0.0011521889267017416,0.4974392212532906,-0.4542955530538391,0.4542955530538391,0.9973039991029026,9,1936-07-31 23:59:59.999999999,1951-06-30 23:59:59.999999999,180,120,9,4,180
ME4 BM2,ff3,1936-07-31 23:59:59.999999999,1951-06-30 23:59:59.999999999,180,-0.0005125415399990336,0.0008803343672462542,-0.58221234915808,0.5604236562616417,12,0.9650458811502914,0.012097967537650203,-0.0005125415399990336,0.0008803343672462542,-0.58221234915808,0.5604236562616417,1.0511592371654046,0.028012991664053657,37.52399064589216,3.742638591771912e-308,0.29966378060942633,0.030933938679294237,9.687217127963326,3.4171247004944444e-22,-0.03979760330535665,0.03584802345746122,-1.1101756656843904,0.2669233366545727,-0.00010242991792594384,0.001010010479419553,0.7234107761589018,-3.247701390017339e-05,0.0005705391264015235,-0.0011507337016471596,0.0010857796738468126,0.4773031160945762,-3.897241668020807,3.897241668020807,0.8516110579927845,10,1936-07-31 23:59:59.999999999,1951-06-30 23:59:59.999999999,180,120,10,4,180
ME2 BM3,ff3,1936-07-31 23:59:59.999999999,1951-06-30 23:59:59.999999999,180,-0.0011958832358440485,0.0008683640661278396,-1.3771680364166428,0.16846030160835823,12,0.9605850771191252,0.015578306953097785,-0.0011958832358440485,0.0008683640661278396,-1.3771680364166428,0.16846030160835823,0.9946636750740621,0.03599119518717192,27.636305765933074,4.0770378083064686e-168,0.8019505648843698,0.08365141449211208,9.58681415913164,9.084683335007923e-22,0.19898540251097335,0.061448655606307606,3.238238502496185,0.0012027021976252909,-0.00010242991792594384,0.001010010479419553,0.6895256301711391,-3.6985906334183565e-05,0.0005830004725050577,-0.0011796668324440965,0.0011056950197757295,0.47470782463181327,-4.438308760102028,4.438308760102028,0.4679452822454395,11,1936-07-31 23:59:59.999999999,1951-06-30 23:59:59.999999999,180,120,11,3,180
ME2 BM4,ff3,1936-07-31 23:59:59.999999999,1951-06-30 23:59:59.999999999,180,0.0012471492037682856,0.0009050963989116952,1.3779186452049539,0.1682284075933247,12,0.9720748233288606,0.013585737669228957,0.0012471492037682856,0.0009050963989116952,1.3779186452049539,0.1682284075933247,0.9887057975447487,0.017125565817184524,57.73273759823101,0.0,0.8533784644353128,0.03985107187580924,21.4141909932751,9.853999474403241e-102,0.30218059889943866,0.03789097896042259,7.975001100263695,1.5237946360601078e-15,-0.00010242991792594384,0.001010010479419553,0.7145618659795863,-9.311231161208067e-05,0.0005425985207147859,-0.001156605412213061,0.0009703807889888996,0.43187426097808496,-11.173477393449682,11.173477393449682,0.4679452822454395,12,1936-07-31 23:59:59.999999999,1951-06-30 23:59:59.999999999,180,120,12,3,180
ME1 BM4,ff3,1936-07-31 23:59:59.999999999,1951-06-30 23:59:59.999999999,180,-0.0010769728726551166,0.0012017602524918352,-0.8961628331624603,0.37016580274489164,12,0.9556351651492901,0.019720506388347422,-0.0010769728726551166,0.0012017602524918352,-0.8961628331624603,0.37016580274489164,0.9504614940415996,0.06150201998327149,15.45415084415316,7.073764266818404e-54,1.2017787361099357,0.08227999183680156,14.605965670166892,2.5731033529036594e-48,0.4852416807328434,0.05330126288028549,9.103755793229421,8.726084804029703e-20,-0.00010242991792594384,0.001010010479419553,0.5698120717667664,-0.00024294093854272984,0.0006711907617828866,-0.0015584748316371873,0.0010725929545517278,0.35869278111393876,-29.15291262512758,29.15291262512758,0.7711787557185242,13,1936-07-31 23:59:59.999999999,1951-06-30 23:59:59.999999999,180,120,13,3,180
ME2 BM1,ff3,1936-07-31 23:59:59.999999999,1951-06-30 23:59:59.999999999,180,-0.0008971464797152384,0.0015260048392263322,-0.5879053962699633,0.5565957941872205,12,0.9144896740163356,0.024897594448060965,-0.0008971464797152384,0.0015260048392263322,-0.5879053962699633,0.5565957941872205,1.0271235641784275,0.08038255725476322,12.777940877435364,2.1775854975901526e-37,1.1296807816872714,0.08662250721561554,13.041423274384542,7.111693876184249e-39,-0.0716400643153496,0.057183786013738,-1.2528037982329219,0.21027711903199497,-0.00010242991792594384,0.001010010479419553,0.3957514354702029,-0.0004227538540069275,0.0008128668709929625,-0.002015972921153134,0.0011704652131392789,0.30150474394981475,-50.7304624808313,50.7304624808313,0.8516110579927845,14,1936-07-31 23:59:59.999999999,1951-06-30 23:59:59.999999999,180,120,14,3,180
ME1 BM3,ff3,1936-07-31 23:59:59.999999999,1951-06-30 23:59:59.999999999,180,-0.0024624730080751874,0.0017207031752215286,-1.4310852932308684,0.15240577168567424,12,0.917027626693464,0.032196393877107564,-0.0024624730080751874,0.0017207031752215286,-1.4310852932308684,0.15240577168567424,1.0797854145884467,0.04898825857164198,22.041718690802906,1.1469972003023424e-107,1.6178515326117686,0.1544107560787328,10.47758312760828,1.09506461621218e-25,0.39338769963548964,0.11037471549269749,3.564110655954684,0.0003650919234243937,-0.00010242991792594384,0.001010010479419553,0.41564728443589416,-0.0004375239480294881,0.0008203220729852473,-0.0020453552110805727,0.0011703073150215965,0.29689347994675797,-52.502873763538574,52.502873763538574,0.4679452822454395,15,1936-07-31 23:59:59.999999999,1951-06-30 23:59:59.999999999,180,120,15,3,180
ME3 BM3,ff3,1936-07-31 23:59:59.999999999,1951-06-30 23:59:59.999999999,180,0.0005853294687385251,0.0008068095929574627,0.7254865012114269,0.4681536231802138,12,0.9648077235284334,0.013840460411934975,0.0005853294687385251,0.0008068095929574627,0.7254865012114269,0.4681536231802138,1.0233222116919458,0.01928522489868007,53.06249821136307,0.0,0.6647245297208226,0.0580160438344409,11.457598377747582,2.154051326318207e-30,0.07338028362366973,0.04547794627733282,1.6135355624060805,0.10662820353673308,-0.00010242991792594384,0.001010010479419553,0.757241193772486,-0.000532438505403468,0.0005266728373420611,-0.0015647172665939077,0.0004998402557869717,0.15602081659613154,-63.89262064841616,63.89262064841616,0.8359886128218104,16,1936-07-31 23:59:59.999999999,1951-06-30 23:59:59.999999999,180,120,16,2,180
ME3 BM5,ff3,1936-07-31 23:59:59.999999999,1951-06-30 23:59:59.999999999,180,-0.0006772091960338142,0.001633355252864001,-0.41461231097543794,0.6784257344396849,12,0.9550161096350166,0.02287988752206434,-0.0006772091960338142,0.001633355252864001,-0.41461231097543794,0.6784257344396849,1.0661861808459534,0.06941116353055651,15.360442421867656,3.015100116264715e-53,1.0255976914315692,0.17783698711821713,5.767066278230429,8.066333608997035e-09,0.9849494834237632,0.09168363243011407,10.74291514545458,6.3991307112050996e-27,-0.00010242991792594384,0.001010010479419553,0.46223579853266333,-0.0005461976895528981,0.0007406941597516729,-0.001997958242666177,0.0009055628635603807,0.2304355393182011,-65.54372274634777,65.54372274634777,0.8870561763675804,17,1936-07-31 23:59:59.999999999,1951-06-30 23:59:59.999999999,180,120,17,2,180
ME4 BM1,ff3,1936-07-31 23:59:59.999999999,1951-06-30 23:59:59.999999999,180,0.0006279867205932376,0.0008411312634020331,0.7465977641269537,0.45530639846342236,12,0.9413550410383072,0.01457658909735025,0.0006279867205932376,0.0008411312634020331,0.7465977641269537,0.45530639846342236,1.0623625420006615,0.04713097848841507,22.540642610715015,1.6589349376623846e-112,0.09428363939586117,0.0543029967054347,1.7362511300674712,0.0825194401481755,-0.1424576603426747,0.041222117968121065,-3.455854947890928,0.0005485504285070201,-0.00010242991792594384,0.001010010479419553,0.7392148268250083,-0.0005605733727710752,0.0005206420188563372,-0.0015810317297294961,0.0004598849841873457,0.14080796687684743,-67.26880473252902,67.26880473252902,0.8359886128218104,18,1936-07-31 23:59:59.999999999,1951-06-30 23:59:59.999999999,180,120,18,2,180
ME3 BM1,ff3,1936-07-31 23:59:59.999999999,1951-06-30 23:59:59.999999999,180,-0.0010591714677103382,0.0011029631637797365,-0.960296320396296,0.33690610144408073,12,0.9538004265552323,0.01596847192701658,-0.0010591714677103382,0.0011029631637797365,-0.960296320396296,0.33690610144408073,1.1172999845739162,0.05262979188529954,21.22942053445586,5.108854437906075e-100,0.6905796399717627,0.06006790939218871,11.496648492673634,1.37137623389146e-30,-0.2366842754271664,0.05091654714501473,-4.648474586327882,3.343988120395108e-06,-0.00010242991792594384,0.001010010479419553,0.6309324382758591,-0.000649536716696146,0.0006198453972814898,-0.001864433695367866,0.0005653602619755738,0.1473420717111299,-77.94440600353752,77.94440600353752,0.7656956851001836,19,1936-07-31 23:59:59.999999999,1951-06-30 23:59:59.999999999,180,120,19,2,180
ME4 BM4,ff3,1936-07-31 23:59:59.999999999,1951-06-30 23:59:59.999999999,180,-2.0173280176574217e-05,0.0014456061843904384,-0.013954893382723446,0.9888659673952684,12,0.939681316844551,0.01847351481054802,-2.0173280176574217e-05,0.0014456061843904384,-0.013954893382723446,0.9888659673952684,1.0376604487158103,0.04869059951158475,21.31130976255333,8.916588482845215e-101,0.4648550605692814,0.09583054026754362,4.850802878408908,1.229627064615372e-06,0.28501424205761233,0.07495392532986843,3.8025258957856987,0.00014322828992342505,-0.00010242991792594384,0.001010010479419553,0.5415788396347575,-0.0007217068174698959,0.000688153879255971,-0.002070488420811599,0.0006270747858718073,0.14714477912772472,-86.60481809638752,86.60481809638752,0.9973039991029026,20,1936-07-31 23:59:59.999999999,1951-06-30 23:59:59.999999999,180,120,20,2,180
ME4 BM5,ff3,1936-07-31 23:59:59.999999999,1951-06-30 23:59:59.999999999,180,-5.101773960093593e-06,0.0015098729877891638,-0.003378942468242896,0.9973039991029026,12,0.9185733451486083,0.02822217983714799,-5.101773960093593e-06,0.0015098729877891638,-0.003378942468242896,0.9973039991029026,1.259594747653276,0.07960381263047579,15.823296724496943,2.149372723452703e-56,0.2929679520435297,0.1343270446917371,2.18100496974271,0.029183048900407942,0.8779659567417081,0.09664146002061899,9.084775380611894,1.0391302081505842e-19,-0.00010242991792594384,0.001010010479419553,0.4297485513194267,-0.0007322700890561968,0.0007854494990640011,-0.002271751107221639,0.0008072109291092453,0.1755922269429902,-87.87241068674362,87.87241068674362,0.9973039991029026,21,1936-07-31 23:59:59.999999999,1951-06-30 23:59:59.999999999,180,120,21,1,180
SMALL LoBM,ff3,1936-07-31 23:59:59.999999999,1951-06-30 23:59:59.999999999,180,-0.007111644142121969,0.004512499104629964,-1.5759879342303251,0.11502858391220365,12,0.803673743870434,0.062198614795408946,-0.007111644142121969,0.004512499104629964,-1.5759879342303251,0.11502858391220365,0.8456125036169508,0.16672368177831615,5.0719399583636715,3.9378064158090045e-07,2.534520682313566,0.44714815833340804,5.668189916648938,1.4431395524425615e-08,0.5699394684085698,0.2721648849391386,2.094096262771075,0.03625140593167872,-0.00010242991792594384,0.001010010479419553,0.09752200119744957,-0.000783176970228989,0.0009879585318310347,-0.002719575692617817,0.001153221752159839,0.21396975532562063,-93.98123642747866,93.98123642747866,0.4679452822454395,22,1936-07-31 23:59:59.999999999,1951-06-30 23:59:59.999999999,180,120,22,1,180
BIG HiBM,ff3,1936-07-31 23:59:59.999999999,1951-06-30 23:59:59.999999999,180,-0.0025741663744497175,0.0015063887921050274,-1.7088326652062897,0.08748195011439416,12,0.9196982299678645,0.025697172957171742,-0.0025741663744497175,0.0015063887921050274,-1.7088326652062897,0.08748195011439416,1.1094618022955205,0.07164836954888582,15.484815764558782,4.393192738015135e-54,0.0322431224795511,0.16334781684661043,0.1973893689061579,0.8435228483483473,1.097229930751044,0.09677701624618543,11.337711920771193,8.534676653708838e-30,-0.00010242991792594384,0.001010010479419553,0.503555663069765,-0.0007925120046553539,0.0007591260341046507,-0.002280399031500469,0.0006953750221897615,0.14824744106906418,-95.10144055864247,95.10144055864247,0.4679452822454395,23,1936-07-31 23:59:59.999999999,1951-06-30 23:59:59.999999999,180,120,23,1,180
ME5 BM2,ff3,1936-07-31 23:59:59.999999999,1951-06-30 23:59:59.999999999,180,-0.0012002980156548394,0.0007619049664383029,-1.575390722632908,0.11516628450692018,12,0.9590333951852461,0.010745288900694304,-0.0012002980156548394,0.0007619049664383029,-1.575390722632908,0.11516628450692018,1.0155554383772698,0.041455415453991964,24.497533730046758,1.5692999432037043e-132,-0.1285034762658113,0.041903814192075506,-3.066629583569335,0.002164869492032858,-0.13460385441718922,0.03328033718805362,-4.044545992926625,5.2424616381371255e-05,-0.00010242991792594384,0.001010010479419553,0.771827747833149,-0.000961331074597601,0.00048408004422716795,-0.0019101279612828502,-1.2534187912351938e-05,0.023522614170947753,-115.35972895171213,115.35972895171213,0.4679452822454395,24,1936-07-31 23:59:59.999999999,1951-06-30 23:59:59.999999999,180,120,24,1,180
ME1 BM2,ff3,1936-07-31 23:59:59.999999999,1951-06-30 23:59:59.999999999,180,-0.010014949845315209,0.0029571480318639535,-3.3866920889322447,0.0007074073449939864,12,0.7999228317901214,0.045958074975467424,-0.010014949845315209,0.0029571480318639535,-3.3866920889322447,0.0007074073449939864,1.1339211897276813,0.06996985162813421,16.205853854801408,4.584747192922271e-59,1.155007215953023,0.15187996718637325,7.604737065393906,2.854837075069055e-14,0.13831987564983614,0.13160901887681997,1.0509908578476466,0.2932627886808775,-0.00010242991792594384,0.001010010479419553,0.17934075875497144,-0.0018748128128644266,0.0009437487398685885,-0.00372456034300686,-2.5065282721993282e-05,0.023485628986193642,-224.9775375437312,224.9775375437312,0.01768518362484966,25,1936-07-31 23:59:59.999999999,1951-06-30 23:59:59.999999999,180,120,25,1,180
ME5 BM3,ff3,1946-07-31 23:59:59.999999999,1961-06-30 23:59:59.999999999,180,0.0030183857813350853,0.001140797394249005,2.6458561323433862,0.008148446377066314,12,0.8304114186198214,0.0138054640885622,0.0030183857813350853,0.001140797394249005,2.6458561323433862,0.008148446377066314,0.8171583443815805,0.0329651343948861,24.788564020183298,1.1909363532066542e-135,-0.19359780152279274,0.050813219118038114,-3.809988913968801,0.000138973023283636,0.2205115498108528,0.04671465463415698,4.720393451215166,2.3538888493778564e-06,-0.00014226658329453563,0.0010734473444148239,0.5828093804532061,0.001658012899438082,0.0006987159637156863,0.0002885296105553368,0.003027496188320827,0.9911764977592791,198.96154793256983,0.0,0.06790371980888595,1,1946-07-31 23:59:59.999999999,1961-06-30 23:59:59.999999999,180,120,1,5,180
ME2 BM5,ff3,1946-07-31 23:59:59.999999999,1961-06-30 23:59:59.999999999,180,0.0013342272863387714,0.0009214107957201613,1.4480265398843724,0.14760962831340546,12,0.9482674424901946,0.011304073941233506,0.0013342272863387714,0.0009214107957201613,1.4480265398843724,0.14760962831340546,1.0696725551469026,0.023584060385262257,45.355741872817795,0.0,0.9820216181003311,0.04760949504230359,20.626591759222652,1.5843048306274934e-94,0.7640032905892608,0.06625729684614891,11.53085512020352,9.22230992276002e-31,-0.00014226658329453563,0.0010734473444148239,0.6979846807905925,0.0014006480524039846,0.0005899391491585674,0.0002443673200531926,0.0025569287847547768,0.9912070756743265,168.07776628847813,0.0,0.30253200683666565,2,1946-07-31 23:59:59.999999999,1961-06-30 23:59:59.999999999,180,120,2,5,180
ME4 BM3,ff3,1946-07-31 23:59:59.999999999,1961-06-30 23:59:59.999999999,180,0.0020380612039689362,0.0010543907275268524,1.9329278518499038,0.05324508627648206,12,0.9126754681797002,0.01159582242096022,0.0020380612039689362,0.0010543907275268524,1.9329278518499038,0.05324508627648206,0.9920884589257665,0.03831487981595204,25.893033299107984,7.978542351242794e-148,0.4619673017677102,0.0522590808233153,8.83994311590732,9.576734869467351e-19,0.20100883794125615,0.03677330644520229,5.466161663781561,4.598849445274842e-08,-0.00014226658329453563,0.0010734473444148239,0.6004565286866087,0.0011495627768853731,0.000701870356868743,-0.00022610312257736326,0.0025252286763481095,0.9492741617619236,137.9475332262448,0.0,0.2662254313824103,3,1946-07-31 23:59:59.999999999,1961-06-30 23:59:59.999999999,180,120,3,5,180
ME2 BM2,ff3,1946-07-31 23:59:59.999999999,1961-06-30 23:59:59.999999999,180,0.000878313759808577,0.0009255353840109245,0.9489791260084443,0.34263122871166884,12,0.8900475177085223,0.013440741178179326,0.000878313759808577,0.0009255353840109245,0.9489791260084443,0.34263122871166884,0.9845199467002002,0.02423687418150153,40.62074751585012,0.0,0.9176205905766346,0.06443390413796096,14.241269450503811,5.0795862562486714e-46,-0.005642160101320134,0.04888450784854167,-0.11541816312851459,0.9081136830744414,-0.00014226658329453563,0.0010734473444148239,0.6893645316869059,0.0008307982166528263,0.0006248979719866617,-0.00039400180844103064,0.002055598241746683,0.9081575076228436,99.69578599833915,0.0,0.4508305640943011,4,1946-07-31 23:59:59.999999999,1961-06-30 23:59:59.999999999,180,120,4,5,180
ME3 BM4,ff3,1946-07-31 23:59:59.999999999,1961-06-30 23:59:59.999999999,180,0.0009587101994495016,0.0007547932358801543,1.270162680156457,0.20402668821479997,12,0.9351010823043324,0.011186468119223322,0.0009587101994495016,0.0007547932358801543,1.270162680156457,0.20402668821479997,1.0477233250061593,0.029261986533441694,35.80492813803949,9.256409513640737e-281,0.7231581085172368,0.06717036991121278,10.766028376397548,4.980239802945518e-27,0.42000686244328816,0.04525994014172887,9.279881085305485,1.6966781786532586e-20,-0.00014226658329453563,0.0010734473444148239,0.748794002784607,0.000643656024142618,0.000543042403222723,-0.000420707086173919,0.001708019134459155,0.8820461565888652,77.23872289711416,0.0,0.31879170033562493,5,1946-07-31 23:59:59.999999999,1961-06-30 23:59:59.999999999,180,120,5,5,180
BIG LoBM,ff3,1946-07-31 23:59:59.999999999,1961-06-30 23:59:59.999999999,180,9.045812081757818e-05,0.000561319971800956,0.16115250723638,0.8719732858455167,12,0.9686314124411315,0.006744177268792962,9.045812081757818e-05,0.000561319971800956,0.16115250723638,0.8719732858455167,1.084055682287146,0.015247042050058066,71.09940923151174,0.0,-0.1710036178140618,0.03000990652476575,-5.698238935630826,1.210513202945124e-08,-0.33171359001266465,0.02290107198775947,-14.484631557420727,1.5153301083928394e-47,-0.00014226658329453563,0.0010734473444148239,0.877533414469633,0.0005548493147627685,0.00037610668735876894,-0.0001823197924604186,0.0012920184219859555,0.9299265866395787,66.58191777153223,0.0,0.8719732858455167,6,1946-07-31 23:59:59.999999999,1961-06-30 23:59:59.999999999,180,120,6,4,180
ME4 BM2,ff3,1946-07-31 23:59:59.999999999,1961-06-30 23:59:59.999999999,180,0.0009708371960861956,0.0007266245102656041,1.3360920012611797,0.1815192041019994,12,0.9358357030464605,0.008829208719872781,0.0009708371960861956,0.0007266245102656041,1.3360920012611797,0.1815192041019994,0.9374233818058472,0.022177347748758975,42.26940896745891,0.0,0.32352878220653275,0.02940808767585392,11.001353973525191,3.7643678239628362e-28,-0.012294275947122828,0.03564680247442475,-0.34489140943128105,0.7301760091068936,-0.00014226658329453563,0.0010734473444148239,0.8009741013439599,0.00046186218222838684,0.0004908547190362655,-0.0005002130670826936,0.0014239374315394673,0.8266308090528325,55.423461867406424,0.0,0.30253200683666565,7,1946-07-31 23:59:59.999999999,1961-06-30 23:59:59.999999999,180,120,7,4,180
ME3 BM2,ff3,1946-07-31 23:59:59.999999999,1961-06-30 23:59:59.999999999,180,0.00014690583445859496,0.0007626729255055534,0.19261970570309075,0.8472568110110636,12,0.9004856247748976,0.012071580690420686,0.00014690583445859496,0.0007626729255055534,0.19261970570309075,0.8472568110110636,0.9809455965784494,0.029482436596409704,33.272202362606166,9.747761335441014e-243,0.6752312696202394,0.048504775304135016,13.92092356652307,4.72755440881143e-44,-0.07899255277278502,0.09125529877535846,-0.8656215456292525,0.38669773622613113,-0.00014226658329453563,0.0010734473444148239,0.8141882959813579,0.00038250033062606724,0.0004765828439979492,-0.0005516020436099132,0.0013166027048620477,0.7888939465036142,45.90003967512806,0.0,0.8719732858455167,8,1946-07-31 23:59:59.999999999,1961-06-30 23:59:59.999999999,180,120,8,4,180
ME2 BM3,ff3,1946-07-31 23:59:59.999999999,1961-06-30 23:59:59.999999999,180,0.0010451799771415279,0.0007788040260511399,1.3420320673495036,0.17958559838556998,12,0.9425224011320877,0.009249139869444423,0.0010451799771415279,0.0007788040260511399,1.3420320673495036,0.17958559838556998,0.9386902027454005,0.030866265376978362,30.411525051084528,3.867678948500226e-203,0.8024285680875706,0.04081200759863498,19.6615803853376,4.601665211189378e-86,0.21074677767192848,0.040433957549808636,5.212123433930991,1.8669125759878609e-07,-0.00014226658329453563,0.0010734473444148239,0.7588399912446009,0.0002828115411382128,0.0005288926527469171,-0.0007538180582457447,0.0013194411405221703,0.703579603316277,33.93738493658554,0.0,0.30253200683666565,9,1946-07-31 23:59:59.999999999,1961-06-30 23:59:59.999999999,180,120,9,4,180
ME3 BM1,ff3,1946-07-31 23:59:59.999999999,1961-06-30 23:59:59.999999999,180,0.0013681855708144418,0.0007769843035147188,1.76089216297601,0.07825665663281685,12,0.9036100864324761,0.0121403158042264,0.0013681855708144418,0.0007769843035147188,1.76089216297601,0.07825665663281685,1.003312051933217,0.02733365624312186,36.70610484778035,5.836087446873624e-295,0.8130452214409468,0.055446196397640084,14.663678922357096,1.1013998294663629e-48,-0.2623405691888791,0.03567116702829033,-7.354415093311084,1.9176495247028017e-13,-0.00014226658329453563,0.0010734473444148239,0.8003068593589596,0.00018536486125771555,0.0004805374787777262,-0.0007564885971466278,0.001127218319662059,0.6501571811684408,22.243783350925863,0.0,0.2794880594029173,10,1946-07-31 23:59:59.999999999,1961-06-30 23:59:59.999999999,180,120,10,4,180
ME3 BM3,ff3,1946-07-31 23:59:59.999999999,1961-06-30 23:59:59.999999999,180,0.0005706154912873213,0.0006423618226959176,0.8883085375349903,0.3743748085117734,12,0.9313708765462828,0.010436952309380063,0.0005706154912873213,0.0006423618226959176,0.8883085375349903,0.3743748085117734,1.0154041428738219,0.026633365229451426,38.12526633889203,0.0,0.6832849108984411,0.06466123297057423,10.567149426448266,4.2316173190946025e-26,0.0866664195267381,0.05084964748341069,1.7043661817913756,0.08831269779128872,-0.00014226658329453563,0.0010734473444148239,0.7915323337457454,0.00016035603045153879,0.0005134282890709402,-0.0008459634161275039,0.0011666754770305815,0.6226028884332826,19.242723654184655,0.0,0.4679685106397168,11,1946-07-31 23:59:59.999999999,1961-06-30 23:59:59.999999999,180,120,11,3,180
ME3 BM5,ff3,1946-07-31 23:59:59.999999999,1961-06-30 23:59:59.999999999,180,-0.0012765452931805632,0.0012723098541233874,-1.0033289367707476,0.31570217884939245,12,0.9225023991990422,0.014106695871380453,-0.0012765452931805632,0.0012723098541233874,-1.0033289367707476,0.31570217884939245,1.0311815640969266,0.028026815241414132,36.79267712776691,2.4176956337206626e-296,0.8110582880828586,0.08001547176539475,10.136268276476335,3.81391770228328e-24,0.9549351336110659,0.07332918854584472,13.022578764990007,9.104343341480838e-39,-0.00014226658329453563,0.0010734473444148239,0.6036139458798224,0.00011432006731865383,0.0006841323392021237,-0.0012265793175175086,0.0014552194521548164,0.5663552102992856,13.718408078238461,0.0,0.4508305640943011,12,1946-07-31 23:59:59.999999999,1961-06-30 23:59:59.999999999,180,120,12,3,180
SMALL HiBM,ff3,1946-07-31 23:59:59.999999999,1961-06-30 23:59:59.999999999,180,0.0008580084451533227,0.0008997580194807699,0.9535991084007898,0.3402866072518739,12,0.9509179200185857,0.010751694894223713,0.0008580084451533227,0.0008997580194807699,0.9535991084007898,0.3402866072518739,0.9877976858525367,0.025545708775119767,38.667851988299574,0.0,1.1725460537460335,0.06736830575110991,17.405010274088948,7.559244888181205e-68,0.7741130459704452,0.03200520801089623,24.187096228429354,3.0415044337078943e-129,-0.00014226658329453563,0.0010734473444148239,0.7428156628205271,-0.00023678072012624736,0.0005445634188868582,-0.0013041250211444893,0.0008305635808919946,0.3318507727604182,-28.413686415149684,28.413686415149684,0.4508305640943011,13,1946-07-31 23:59:59.999999999,1961-06-30 23:59:59.999999999,180,120,13,3,180
ME5 BM4,ff3,1946-07-31 23:59:59.999999999,1961-06-30 23:59:59.999999999,180,-0.0014346545014448746,0.0010549014319488972,-1.35998914969183,0.1738333574949752,12,0.9112441938508663,0.01265570873659118,-0.0014346545014448746,0.0010549014319488972,-1.35998914969183,0.1738333574949752,0.9904398158353477,0.03035944538429266,32.623778310119604,1.8872125597412768e-233,-0.26962357212798166,0.08334375533436611,-3.2350782736664687,0.001216093876685327,0.6235965871661495,0.0634940882624051,9.821333044251011,9.113039335980832e-23,-0.00014226658329453563,0.0010734473444148239,0.6341962917270656,-0.0004400490884582343,0.000649870594427686,-0.0017137954535364989,0.0008336972766200303,0.24916065793904024,-52.805890614988115,52.805890614988115,0.30253200683666565,14,1946-07-31 23:59:59.999999999,1961-06-30 23:59:59.999999999,180,120,14,3,180
ME4 BM5,ff3,1946-07-31 23:59:59.999999999,1961-06-30 23:59:59.999999999,180,-0.0022937000336062338,0.0015942060692776196,-1.4387726140357595,0.15021495798662451,12,0.8796901757890058,0.018486324319024656,-0.0022937000336062338,0.0015942060692776196,-1.4387726140357595,0.15021495798662451,1.138885016389437,0.03030888423665517,37.575946626635776,5.312427146037286e-309,0.7328643514596372,0.0764228401949075,9.589598470700023,8.842847156755867e-22,0.8267455926069571,0.04883459587604433,16.929506178477762,2.7265789384119924e-64,-0.00014226658329453563,0.0010734473444148239,0.4639614850570534,-0.0005202241575416706,0.0007943975661050765,-0.0020772433871076206,0.0010367950720242794,0.25627693478662417,-62.42689890500047,62.42689890500047,0.30253200683666565,15,1946-07-31 23:59:59.999999999,1961-06-30 23:59:59.999999999,180,120,15,3,180
ME2 BM4,ff3,1946-07-31 23:59:59.999999999,1961-06-30 23:59:59.999999999,180,-0.00041451906110081247,0.0007349931033979059,-0.5639768035706354,0.5727699188065762,12,0.9456132525548311,0.010043220280564485,-0.00041451906110081247,0.0007349931033979059,-0.5639768035706354,0.5727699188065762,1.0153174534997709,0.020573528579499428,49.35067164470211,0.0,0.9135635446079191,0.055469084739020964,16.469778596603604,6.0491362687432665e-61,0.35453367967992566,0.04505480235842976,7.868943178564234,3.576495573499904e-15,-0.00014226658329453563,0.0010734473444148239,0.8183097410206269,-0.0005853022132151813,0.00045848383166557786,-0.0014839305232797139,0.0003133260968493513,0.10087107539233736,-70.23626558582176,70.23626558582176,0.6818689509602098,16,1946-07-31 23:59:59.999999999,1961-06-30 23:59:59.999999999,180,120,16,2,180
ME1 BM3,ff3,1946-07-31 23:59:59.999999999,1961-06-30 23:59:59.999999999,180,-0.001352881630187771,0.0010038392731746512,-1.3477074132687297,0.17775250678638677,12,0.8201644034685007,0.019684029021833672,-0.001352881630187771,0.0010038392731746512,-1.3477074132687297,0.17775250678638677,0.9357338713840031,0.06719242487087135,13.926181011955917,4.392207372340923e-44,1.1650058054144505,0.11831733602945547,9.846450609101092,7.100739722212827e-23,0.44432380603652744,0.11991066169822433,3.7054570439678187,0.00021100989075456075,-0.00014226658329453563,0.0010734473444148239,0.6195012674457218,-0.0006117381895068796,0.0006994901145649284,-0.001982738814054139,0.00075926243504038,0.19090974806262506,-73.40858274082555,73.40858274082555,0.30253200683666565,17,1946-07-31 23:59:59.999999999,1961-06-30 23:59:59.999999999,180,120,17,2,180
ME4 BM1,ff3,1946-07-31 23:59:59.999999999,1961-06-30 23:59:59.999999999,180,9.080277194193624e-05,0.0005517890575231564,0.16456066082485807,0.8692897971025356,12,0.919449062036111,0.010721864073858918,9.080277194193624e-05,0.0005517890575231564,0.16456066082485807,0.8692897971025356,1.0254192528236588,0.02307082793428571,44.44657364462315,0.0,0.3518112109764269,0.07001930227944479,5.024488955522003,5.047748467473599e-07,-0.16158459429238592,0.04724041526812156,-3.420473621480319,0.0006251219787556713,-0.00014226658329453563,0.0010734473444148239,0.8656062613382836,-0.0007451509696417843,0.000396574172942895,-0.0015224363486098585,3.2134409326289946e-05,0.030124295526257047,-89.41811635701411,89.41811635701411,0.8719732858455167,18,1946-07-31 23:59:59.999999999,1961-06-30 23:59:59.999999999,180,120,18,2,180
BIG HiBM,ff3,1946-07-31 23:59:59.999999999,1961-06-30 23:59:59.999999999,180,-0.0028370663658557975,0.001010693658912728,-2.8070487440356784,0.004999767555389015,12,0.9080939065777172,0.015433700096936913,-0.0028370663658557975,0.001010693658912728,-2.8070487440356784,0.004999767555389015,1.0967302307319884,0.02895548586761034,37.876422994469344,0.0,0.05719550254459487,0.08644945906432974,0.6616062513709184,0.5082236001192552,0.9748489210952054,0.07533426684334167,12.940312051120284,2.665446411629664e-38,-0.00014226658329453563,0.0010734473444148239,0.6729976573161347,-0.0008066127951219015,0.0006451487709575138,-0.0020711043861986285,0.0004578787959548255,0.10559971921929234,-96.7935354146282,96.7935354146282,0.062497094442362684,19,1946-07-31 23:59:59.999999999,1961-06-30 23:59:59.999999999,180,120,19,2,180
ME4 BM4,ff3,1946-07-31 23:59:59.999999999,1961-06-30 23:59:59.999999999,180,-0.0015253986501600994,0.0010404272641654387,-1.466127140933463,0.1426136529359413,12,0.8980750248570208,0.013576342723114525,-0.0015253986501600994,0.0010404272641654387,-1.466127140933463,0.1426136529359413,1.0067353376483352,0.0429609486638477,23.433731538975966,1.936977295654571e-121,0.48880892401154696,0.10044001720918373,4.866675032457608,1.1349141243781067e-06,0.4467040552522036,0.052871797863200926,8.4488153099691,2.9427356095767894e-17,-0.00014226658329453563,0.0010734473444148239,0.6817030827846158,-0.0009268937004854605,0.0006095763337982808,-0.002121663314730091,0.00026787591375917,0.06418590554523695,-111.22724405825527,111.22724405825527,0.30253200683666565,20,1946-07-31 23:59:59.999999999,1961-06-30 23:59:59.999999999,180,120,20,2,180
ME2 BM1,ff3,1946-07-31 23:59:59.999999999,1961-06-30 23:59:59.999999999,180,-0.0025340591227611675,0.0016311629737391347,-1.5535290854183093,0.12029678620821592,12,0.8313935050947875,0.018703355105473222,-0.0025340591227611675,0.0016311629737391347,-1.5535290854183093,0.12029678620821592,1.038632313056658,0.0373970040050684,27.773142279416085,9.157715187558757e-170,1.2038074456619892,0.09381472825378384,12.831753265921078,1.0887220154726917e-37,-0.11257924787128365,0.058760606770971016,-1.915896619483177,0.05537825587789735,-0.00014226658329453563,0.0010734473444148239,0.47521044446322447,-0.0010796239318959636,0.0007965443238657672,-0.0026408508066728675,0.00048160294288094,0.08764752235706241,-129.55487182751563,129.55487182751563,0.30253200683666565,21,1946-07-31 23:59:59.999999999,1961-06-30 23:59:59.999999999,180,120,21,1,180
ME1 BM4,ff3,1946-07-31 23:59:59.999999999,1961-06-30 23:59:59.999999999,180,-0.0004591900288218698,0.0009875017327088133,-0.46500174492075763,0.641930207017505,12,0.933106875285469,0.011111651404214678,-0.0004591900288218698,0.0009875017327088133,-0.46500174492075763,0.641930207017505,0.9362743929649816,0.026277812143803425,35.629845736063864,4.8352899044715185e-278,0.9776703940049623,0.053266622326917534,18.354277994287436,3.05115707698475e-75,0.5256735220159042,0.04512526165911547,11.649207177720957,2.3160347325418042e-31,-0.00014226658329453563,0.0010734473444148239,0.7122052900343557,-0.0011244571941420541,0.0005764228014236364,-0.0022542458849323815,5.3314966482732006e-06,0.025543353397287662,-134.9348632970465,134.9348632970465,0.7294661443380739,22,1946-07-31 23:59:59.999999999,1961-06-30 23:59:59.999999999,180,120,22,1,180
ME1 BM2,ff3,1946-07-31 23:59:59.999999999,1961-06-30 23:59:59.999999999,180,-0.002794145717475424,0.001508952249403288,-1.851712483665645,0.06406712043301299,12,0.7865114232561312,0.023980530796479528,-0.002794145717475424,0.001508952249403288,-1.851712483665645,0.06406712043301299,1.1138457523716583,0.0567895003315473,19.613586065537234,1.1838325362184693e-85,1.120039807536909,0.09049870185591395,12.376307997435832,3.51126997364821e-35,0.3093050999596694,0.12514544077184117,2.4715650690269957,0.013452306762024413,-0.00014226658329453563,0.0010734473444148239,0.4274220167639967,-0.0012183372973893043,0.0008384557370016717,-0.0028617105419125807,0.0004250359471339722,0.0731017591847798,-146.20047568671652,146.20047568671652,0.2669463351375541,23,1946-07-31 23:59:59.999999999,1961-06-30 23:59:59.999999999,180,120,23,1,180
ME5 BM2,ff3,1946-07-31 23:59:59.999999999,1961-06-30 23:59:59.999999999,180,-0.001636870010686806,0.0007506502267111509,-2.1806028326381512,0.02921280544016284,12,0.9247817487497588,0.010094356648646566,-0.001636870010686806,0.0007506502267111509,-2.1806028326381512,0.02921280544016284,1.0099847281580248,0.035224780071905826,28.67256306771257,8.389833471374362e-181,-0.10470775060626478,0.05156251966711447,-2.030694994780196,0.042285944409261166,-0.10023909105867683,0.041268107811265116,-2.4289723075530536,0.015141688816827092,-0.00014226658329453563,0.0010734473444148239,0.7836791795790062,-0.0013413741346214219,0.000499956745846274,-0.0023212893564801187,-0.0003614589127627248,0.003648463669991859,-160.96489615457062,160.96489615457062,0.18258003400101777,24,1946-07-31 23:59:59.999999999,1961-06-30 23:59:59.999999999,180,120,24,1,180
SMALL LoBM,ff3,1946-07-31 23:59:59.999999999,1961-06-30 23:59:59.999999999,180,-0.007100917302864404,0.002172739266673736,-3.268186575251275,0.001082389871393919,12,0.6298969830771965,0.039416699384726424,-0.007100917302864404,0.002172739266673736,-3.268186575251275,0.001082389871393919,1.156192095602155,0.07120003380417077,16.238645318373816,2.687946043882793e-59,1.7163152163237507,0.18805703728014544,9.126567349707761,7.070562796407164e-20,0.2100144170664053,0.12357728290484928,1.6994581215069275,0.08923289881810113,-0.00014226658329453563,0.0010734473444148239,0.26903781788846737,-0.0017448624875235155,0.0009364503487717629,-0.0035803051711161705,9.05801960691397e-05,0.031211945670581907,-209.38349850282188,209.38349850282188,0.027059746784847977,25,1946-07-31 23:59:59.999999999,1961-06-30 23:59:59.999999999,180,120,25,1,180
ME2 BM5,ff3,1956-07-31 23:59:59.999999999,1971-06-30 23:59:59.999999999,180,0.002070251335192835,0.0010389799947649484,1.9925805555680542,0.046307396132881935,12,0.9433350885228494,0.012634243646267964,0.002070251335192835,0.0010389799947649484,1.9925805555680542,0.046307396132881935,1.0940927768887911,0.029919236214637473,36.56820545283589,9.160404116808179e-293,0.8137014472144067,0.047350038584215014,17.184810647349053,3.4507183094368345e-66,0.6863219870857705,0.044823619183806424,15.311614715255308,6.395620643150026e-53,0.00021095753251213091,0.0011010648259229072,0.6334837243560556,0.0014591638455299456,0.0006750683138911403,0.00013602995030331062,0.0027822977407565806,0.9846718421299457,175.09966146359346,0.0,0.2894212258305121,1,1956-07-31 23:59:59.999999999,1971-06-30 23:59:59.999999999,180,120,1,5,180
ME4 BM4,ff3,1956-07-31 23:59:59.999999999,1971-06-30 23:59:59.999999999,180,0.0016211568480897266,0.0011230066462023813,1.4435861564772714,0.14885542130796242,12,0.9021988093227324,0.014406871353789891,0.0016211568480897266,0.0011230066462023813,1.4435861564772714,0.14885542130796242,1.0692835812317396,0.044187171993559135,24.198959403593463,2.281555511143535e-129,0.36791828950165667,0.06525158167108647,5.6384577979461366,1.715798577709671e-08,0.5548929834059084,0.0747065660061662,7.427633380446214,1.1055787889379893e-13,0.00021095753251213091,0.0011010648259229072,0.6337632717174573,0.0013294897691666747,0.0006873922294450038,-1.7799000545532786e-05,0.002676778538878882,0.9734499816615133,159.53877230000097,0.0,0.439503788732345,2,1956-07-31 23:59:59.999999999,1971-06-30 23:59:59.999999999,180,120,2,5,180
ME3 BM2,ff3,1956-07-31 23:59:59.999999999,1971-06-30 23:59:59.999999999,180,0.001078692244429224,0.0009350936029581966,1.1535660612122132,0.24867811926100625,12,0.910099340366245,0.01383784167954508,0.001078692244429224,0.0009350936029581966,1.1535660612122132,0.24867811926100625,0.9497260299028843,0.037408393622597035,25.388046316139857,3.417878512093687e-142,0.6128656661226444,0.041875991867850564,14.635251340593545,1.6735609380219873e-48,-0.04132138896315628,0.06580022313786615,-0.6279825051136794,0.5300154007676554,0.00021095753251213091,0.0011010648259229072,0.7039086540020066,0.0012878483442703063,0.0006358325129503789,4.161661888756377e-05,0.002534080069653049,0.9785895225520569,154.54180131243677,0.0,0.44850441798215607,3,1956-07-31 23:59:59.999999999,1971-06-30 23:59:59.999999999,180,120,3,5,180
SMALL HiBM,ff3,1956-07-31 23:59:59.999999999,1971-06-30 23:59:59.999999999,180,0.0010649043753649494,0.0007145230370179205,1.4903709470437148,0.13612672723443378,12,0.9625442252596755,0.010483608412054268,0.0010649043753649494,0.0007145230370179205,1.4903709470437148,0.13612672723443378,0.9114516861276671,0.028937270169398958,31.497500655453102,9.398701190470003e-218,1.2195721103742432,0.03940919598411286,30.94638395733556,2.8418081488111742e-210,0.7239048785511397,0.037702026993287716,19.20068856457029,3.652183209076591e-82,0.00021095753251213091,0.0011010648259229072,0.8175885542401834,0.0011394072212147876,0.00047053288622895016,0.00021716276420604536,0.0020616516782235297,0.99227223438684,136.7288665457745,0.0,0.439503788732345,4,1956-07-31 23:59:59.999999999,1971-06-30 23:59:59.999999999,180,120,4,5,180
ME1 BM4,ff3,1956-07-31 23:59:59.999999999,1971-06-30 23:59:59.999999999,180,0.0007900568987809782,0.0007783877292080294,1.0149914613695434,0.31010989774140607,12,0.9546021027215419,0.011293246559608365,0.0007900568987809782,0.0007783877292080294,1.0149914613695434,0.31010989774140607,0.9145449704081584,0.02111870591959627,43.30497208920091,0.0,1.1544483182744094,0.040174135430360684,28.73610859095082,1.350912348006726e-181,0.5362787562681303,0.04302244525105234,12.465092421844915,1.1573752659057074e-35,0.00021095753251213091,0.0011010648259229072,0.7651598688895626,0.0010604332337703856,0.000551030489903848,-1.958652644115655e-05,0.0021404529939819277,0.9728511951633728,127.25198805244628,0.0,0.484546715220947,5,1956-07-31 23:59:59.999999999,1971-06-30 23:59:59.999999999,180,120,5,5,180
ME4 BM3,ff3,1956-07-31 23:59:59.999999999,1971-06-30 23:59:59.999999999,180,0.001142550127391989,0.0010338590631893327,1.105131413045176,0.26910265078929363,12,0.9099388738580363,0.012065460498194572,0.001142550127391989,0.0010338590631893327,1.105131413045176,0.26910265078929363,0.9871189010696364,0.030336621723888218,32.53885386626096,3.0103838996393577e-232,0.17856247833486286,0.05934666770612628,3.0088037835430157,0.002622784463210691,0.24007671015754473,0.04674051753421972,5.136372526936174,2.800921818988609e-07,0.00021095753251213091,0.0011010648259229072,0.6813317483065706,0.0010227400670447763,0.0006714675600417027,-0.00029333635063696103,0.0023388164847265138,0.9361383385787371,122.72880804537316,0.0,0.44850441798215607,6,1956-07-31 23:59:59.999999999,1971-06-30 23:59:59.999999999,180,120,6,4,180
ME3 BM4,ff3,1956-07-31 23:59:59.999999999,1971-06-30 23:59:59.999999999,180,0.0016192741550488878,0.0010135207565214039,1.5976724153203776,0.1101159008856526,12,0.927268269453174,0.012148846927281161,0.0016192741550488878,0.0010135207565214039,1.5976724153203776,0.1101159008856526,0.9988766919867149,0.03117190255343105,32.04413623052244,2.6496709612846287e-225,0.5203384562504183,0.051109807686354404,10.180794642069086,2.4158045782437776e-24,0.5057559954964924,0.04562435178788666,11.08522040702771,1.4798551095588776e-28,0.00021095753251213091,0.0011010648259229072,0.6935759875412775,0.0010122116326588403,0.0006234558364973514,-0.00020976180687596832,0.002234185072193649,0.9477640424765141,121.46539591906084,0.0,0.439503788732345,7,1956-07-31 23:59:59.999999999,1971-06-30 23:59:59.999999999,180,120,7,4,180
ME5 BM3,ff3,1956-07-31 23:59:59.999999999,1971-06-30 23:59:59.999999999,180,0.0014857443744192022,0.0011146196922897896,1.332960815869853,0.18254466303401617,12,0.8307299386875429,0.01438063170249854,0.0014857443744192022,0.0011146196922897896,1.332960815869853,0.18254466303401617,0.9047260037364128,0.055310308768520854,16.35727631756281,3.860103325095121e-60,-0.20355335365492125,0.05612705265803704,-3.626653173739628,0.0002871185285572626,0.30301622240583687,0.05033872910724698,6.019544549093778,1.7490851505017325e-09,0.00021095753251213091,0.0011010648259229072,0.7112527384816795,0.0009697438756601101,0.0005948401917107403,-0.00019614290009294078,0.0021356306514131607,0.9484766687096925,116.36926507921322,0.0,0.439503788732345,8,1956-07-31 23:59:59.999999999,1971-06-30 23:59:59.999999999,180,120,8,4,180
BIG LoBM,ff3,1956-07-31 23:59:59.999999999,1971-06-30 23:59:59.999999999,180,0.0012076901671444443,0.0009755811296839077,1.2379187444264537,0.21574619127878591,12,0.9451755287081693,0.009475744983108948,0.0012076901671444443,0.0009755811296839077,1.2379187444264537,0.21574619127878591,1.0294468475542555,0.039223373794946184,26.24574961185253,7.992518336425814e-152,-0.15723736342823405,0.04076150924296464,-3.857496112104164,0.00011455450083889245,-0.4080436297437914,0.05102171265620894,-7.9974506636663385,1.2702164402766147e-15,0.00021095753251213091,0.0011010648259229072,0.7692896415421968,0.0009555508314804551,0.00053027557209725,-8.37892898301548e-05,0.001994890952791065,0.9642264442822773,114.66609977765461,0.0,0.44850441798215607,9,1956-07-31 23:59:59.999999999,1971-06-30 23:59:59.999999999,180,120,9,4,180
ME2 BM2,ff3,1956-07-31 23:59:59.999999999,1971-06-30 23:59:59.999999999,180,7.464623639325324e-05,0.000981884018557686,0.07602347627869835,0.9394004208739608,12,0.921268132436282,0.01495693547535571,7.464623639325324e-05,0.000981884018557686,0.07602347627869835,0.9394004208739608,1.0031585362695667,0.02671523455529691,37.55005535112053,1.405939886819411e-308,0.921622333600482,0.06505169810588461,14.167536904268937,1.4551545926445482e-45,0.0008950904434336425,0.06604681098199408,0.013552364302307726,0.9891871087562818,0.00021095753251213091,0.0011010648259229072,0.656921776412397,0.0006545448798185605,0.0006583001202010428,-0.0006357233557754833,0.0019448131154126045,0.8399604991392539,78.54538557822727,0.0,0.9394004208739608,10,1956-07-31 23:59:59.999999999,1971-06-30 23:59:59.999999999,180,120,10,4,180
ME4 BM1,ff3,1956-07-31 23:59:59.999999999,1971-06-30 23:59:59.999999999,180,0.0005855307993178538,0.0013696283122452873,0.4275107297964434,0.669007371629078,12,0.9218700246627459,0.013048615781284327,0.0005855307993178538,0.0013696283122452873,0.4275107297964434,0.669007371629078,1.0377938333604517,0.037700999735533376,27.526957922612485,8.353927009682977e-167,0.3165600285284831,0.06519805846166818,4.8553597453304205,1.2016838356012278e-06,-0.4182583367340733,0.07853597901302387,-5.325690746972318,1.005701136066875e-07,0.00021095753251213091,0.0011010648259229072,0.5907621425400533,0.0004509782873019782,0.0007651490779717614,-0.0010487139055226744,0.0019506704801266306,0.7222032578727268,54.117394476237386,0.0,0.7602356495784978,11,1956-07-31 23:59:59.999999999,1971-06-30 23:59:59.999999999,180,120,11,3,180
ME3 BM5,ff3,1956-07-31 23:59:59.999999999,1971-06-30 23:59:59.999999999,180,-0.0007325156302143409,0.0014347675263475556,-0.5105465636506868,0.6096686015613045,12,0.9235005344090974,0.013712817192084071,-0.0007325156302143409,0.0014347675263475556,-0.5105465636506868,0.6096686015613045,1.04706078727371,0.026809258975074725,39.05593915323024,0.0,0.6649293984940369,0.04692742436682465,14.16931373212353,1.418802354313832e-45,0.7437309975858033,0.0688398127542558,10.803791698864325,3.302765935694033e-27,0.00021095753251213091,0.0011010648259229072,0.49812644056480465,0.0004507220264302837,0.0008102137681024674,-0.0011372969590505524,0.00203874101191112,0.7109971516486103,54.086643171634044,0.0,0.7257959542396483,12,1956-07-31 23:59:59.999999999,1971-06-30 23:59:59.999999999,180,120,12,3,180
ME2 BM4,ff3,1956-07-31 23:59:59.999999999,1971-06-30 23:59:59.999999999,180,0.000593915570464014,0.0008762484394214427,0.6777935842672158,0.49790257949830263,12,0.9456074956242386,0.01141330167831019,0.000593915570464014,0.0008762484394214427,0.6777935842672158,0.49790257949830263,1.0169033377684302,0.03017843519461638,33.69635738932676,6.5363416255622e-249,0.7417767902198259,0.06239686817779118,11.88804521576686,1.3656547112688302e-32,0.563230466339077,0.05229899053085257,10.769432844154274,4.799485433408098e-27,0.00021095753251213091,0.0011010648259229072,0.7489054256357874,0.00039399271933839497,0.0005588645816089474,-0.0007013818606151419,0.0014893672992919319,0.7595910899105887,47.279126320607396,0.0,0.6223782243728783,13,1956-07-31 23:59:59.999999999,1971-06-30 23:59:59.999999999,180,120,13,3,180
ME2 BM3,ff3,1956-07-31 23:59:59.999999999,1971-06-30 23:59:59.999999999,180,0.0006956678671738089,0.0009350623590464525,0.7439801853249973,0.45688846268173244,12,0.9415758219024183,0.011756795411373594,0.0006956678671738089,0.0009350623590464525,0.7439801853249973,0.45688846268173244,0.9108371244089017,0.029728931148964542,30.638071710177382,3.8103187445496446e-206,0.9013215064511644,0.04278329865843775,21.067134482707893,1.592834755690982e-98,0.1479437791834954,0.050792968888869174,2.9126822554354757,0.00358339020581318,0.00021095753251213091,0.0011010648259229072,0.701594225896762,0.0003309493607142677,0.0006044663426357747,-0.0008538046708518506,0.0015157033922803859,0.7079846589312924,39.71392328571213,0.0,0.6158649754566992,14,1956-07-31 23:59:59.999999999,1971-06-30 23:59:59.999999999,180,120,14,3,180
SMALL LoBM,ff3,1956-07-31 23:59:59.999999999,1971-06-30 23:59:59.999999999,180,-0.002323697584828412,0.0025656020128041585,-0.9057124110565578,0.36508809165960654,12,0.7868466756887885,0.034957792729752454,-0.002323697584828412,0.0025656020128041585,-0.9057124110565578,0.36508809165960654,1.0710629450907931,0.09073350102328669,11.80449264066098,3.700160562422537e-32,1.6342818210865173,0.09779581812968118,16.711162627827235,1.0869547280966696e-62,0.11726621813225302,0.16617679675656052,0.7056714319992659,0.48039249076744917,0.00021095753251213091,0.0011010648259229072,0.24635365926908395,0.00031600940425357995,0.0009947898974266161,-0.0016337787947025876,0.0022657976032097477,0.6246302669960115,37.9211285104296,0.0,0.5368942524405979,15,1956-07-31 23:59:59.999999999,1971-06-30 23:59:59.999999999,180,120,15,3,180
ME3 BM3,ff3,1956-07-31 23:59:59.999999999,1971-06-30 23:59:59.999999999,180,-7.73307022357487e-05,0.000903671287919953,-0.08557392856173011,0.9318051244098454,12,0.9216896629697854,0.012798276690214244,-7.73307022357487e-05,0.000903671287919953,-0.08557392856173011,0.9318051244098454,1.0084102870301455,0.04157779368433156,24.253578597417526,6.061615422167426e-130,0.5243667876050923,0.062085912991631687,8.445825507563521,3.019043602470568e-17,0.23289163890873982,0.04451606082889517,5.231631787994389,1.6802018141434513e-07,0.00021095753251213091,0.0011010648259229072,0.7206516801856631,-0.00014567358242444214,0.0005910324803737928,-0.001304097243957076,0.001012750079108192,0.4026580291776274,-17.48082989093306,17.48082989093306,0.9394004208739608,16,1956-07-31 23:59:59.999999999,1971-06-30 23:59:59.999999999,180,120,16,2,180
ME4 BM2,ff3,1956-07-31 23:59:59.999999999,1971-06-30 23:59:59.999999999,180,-0.00038016059584771925,0.0011948311696105998,-0.31817097303514025,0.7503552497202801,12,0.8937176137840916,0.013477727312441323,-0.00038016059584771925,0.0011948311696105998,-0.31817097303514025,0.7503552497202801,0.9819598587295322,0.05431924496416472,18.077568261071132,4.787338140574849e-73,0.22387015110015415,0.059982503591970854,3.7322575366814297,0.00018977133171889447,0.06308996371321847,0.05545321654459854,1.137715134386804,0.25523945172876517,0.00021095753251213091,0.0011010648259229072,0.6310670242139353,-0.0003472023739036118,0.0006819232659126654,-0.0016837719750924362,0.0009893672272852125,0.30532295607876986,-41.66428486843341,41.66428486843341,0.8156035323046523,17,1956-07-31 23:59:59.999999999,1971-06-30 23:59:59.999999999,180,120,17,2,180
ME3 BM1,ff3,1956-07-31 23:59:59.999999999,1971-06-30 23:59:59.999999999,180,-0.0007554459003464931,0.0010410703868144195,-0.7256434434352597,0.4680573813470914,12,0.9369482227358775,0.013840942870992275,-0.0007554459003464931,0.0010410703868144195,-0.7256434434352597,0.4680573813470914,1.0834759270600465,0.03459383347869301,31.319915086235802,2.4997535034079205e-215,0.7632844129842442,0.062194151399400426,12.272607565340984,1.270932934130651e-34,-0.42617118805255805,0.05320211473566365,-8.010418198035977,1.1431903445328662e-15,0.00021095753251213091,0.0011010648259229072,0.6600627779282671,-0.0003503196691367182,0.0006715360344447525,-0.001666530296648433,0.0009658909583749966,0.3009503347973592,-42.03836029640618,42.03836029640618,0.6158649754566992,18,1956-07-31 23:59:59.999999999,1971-06-30 23:59:59.999999999,180,120,18,2,180
ME1 BM3,ff3,1956-07-31 23:59:59.999999999,1971-06-30 23:59:59.999999999,180,-0.0011085497540275389,0.0009942375470910333,-1.1149747434815385,0.26486124495350205,12,0.8988141570475305,0.01804591833402572,-0.0011085497540275389,0.0009942375470910333,-1.1149747434815385,0.26486124495350205,0.9013362440289615,0.03535732591821267,25.492206229450186,2.4053177623699985e-143,1.272687808634927,0.08689788684149125,14.645785471819496,1.433351711051454e-48,0.4164538637983316,0.10639571913063832,3.9141975560782423,9.07053506393486e-05,0.00021095753251213091,0.0011010648259229072,0.6985341978001187,-0.00046951884173732794,0.0006315163692713874,-0.0017072909255092473,0.0007682532420345914,0.228596017352021,-56.34226100847935,56.34226100847935,0.44850441798215607,19,1956-07-31 23:59:59.999999999,1971-06-30 23:59:59.999999999,180,120,19,2,180
ME4 BM5,ff3,1956-07-31 23:59:59.999999999,1971-06-30 23:59:59.999999999,180,-0.0017373799124945878,0.0013357883429232014,-1.300640121392701,0.1933816670422318,12,0.8623223769536574,0.019224676622219924,-0.0017373799124945878,0.0013357883429232014,-1.300640121392701,0.1933816670422318,1.114571271282506,0.042508616985315884,26.21989023231506,1.576596122121577e-151,0.5342708377324319,0.0644286053634529,8.292447659211582,1.1094149186984884e-16,0.7923800070009389,0.07741674185005155,10.235253874875015,1.3783319928160546e-24,0.00021095753251213091,0.0011010648259229072,0.5403425957096456,-0.0005047209712918568,0.000788337703220457,-0.0020498628696039526,0.0010404209270202388,0.26101008819084826,-60.566516555022815,60.566516555022815,0.439503788732345,20,1956-07-31 23:59:59.999999999,1971-06-30 23:59:59.999999999,180,120,20,2,180
ME1 BM2,ff3,1956-07-31 23:59:59.999999999,1971-06-30 23:59:59.999999999,180,-0.002046171717154591,0.0014699733586055318,-1.391978776469569,0.16392882491689398,12,0.8677247191528389,0.02270878306053646,-0.002046171717154591,0.0014699733586055318,-1.391978776469569,0.16392882491689398,0.9927581640919904,0.043890438863452876,22.6190074603845,2.817469666782329e-113,1.3303459149216126,0.06078400739271528,21.886446320106383,3.4973930973650424e-106,0.20976714344705402,0.08460462655231098,2.4793814711463225,0.013161046456924225,0.00021095753251213091,0.0011010648259229072,0.44501496761968334,-0.0006630185856978626,0.0008413725154848966,-0.00231210871604826,0.0009860715446525347,0.21534242859234265,-79.56223028374352,79.56223028374352,0.439503788732345,21,1956-07-31 23:59:59.999999999,1971-06-30 23:59:59.999999999,180,120,21,1,180
ME2 BM1,ff3,1956-07-31 23:59:59.999999999,1971-06-30 23:59:59.999999999,180,-0.0018133642946640649,0.0012995530817631773,-1.395375317954516,0.16290269029561621,12,0.9039416437525561,0.019408057692980193,-0.0018133642946640649,0.0012995530817631773,-1.395375317954516,0.16290269029561621,1.0945144217497726,0.033301262526469096,32.86705484153375,6.500209067140471e-237,1.1242730020506604,0.06039442767528808,18.615508836267775,2.4056400084667495e-77,-0.3141408053130267,0.08613912025234116,-3.6469005533463026,0.0002654225882657167,0.00021095753251213091,0.0011010648259229072,0.6037770243247316,-0.0010016591047723117,0.0007562382953829312,-0.0024838861637228567,0.0004805679541782335,0.09266380755639403,-120.1990925726774,120.1990925726774,0.439503788732345,22,1956-07-31 23:59:59.999999999,1971-06-30 23:59:59.999999999,180,120,22,1,180
ME5 BM4,ff3,1956-07-31 23:59:59.999999999,1971-06-30 23:59:59.999999999,180,-0.0024491617458386717,0.0010316960627452046,-2.373917895277977,0.01760046372020676,12,0.8864406847004568,0.01293488419459464,-0.0024491617458386717,0.0010316960627452046,-2.373917895277977,0.01760046372020676,0.9995386767371172,0.030309901350026598,32.97729890949447,1.7187585379748803e-238,-0.14019723802460407,0.050289676785736884,-2.787793578827826,0.005306834607962679,0.5805727220268073,0.046515681880740234,12.481225654507556,9.452035701847464e-36,0.00021095753251213091,0.0011010648259229072,0.6416417632373386,-0.001223944161462727,0.0006724348697119702,-0.0025419165060981885,9.402818317273448e-05,0.03436674294891701,-146.8732993755272,146.8732993755272,0.14667053100172298,23,1956-07-31 23:59:59.999999999,1971-06-30 23:59:59.999999999,180,120,23,1,180
BIG HiBM,ff3,1956-07-31 23:59:59.999999999,1971-06-30 23:59:59.999999999,180,-0.0025247154951130546,0.0010310635601869754,-2.4486516569892327,0.01433920502692607,12,0.8717923397274898,0.015984417151387768,-0.0025247154951130546,0.0010310635601869754,-2.4486516569892327,0.01433920502692607,1.094657106142594,0.03623478091270247,30.21012073399486,1.744137474907154e-200,0.03302477502162743,0.06257167447092987,0.5277911339414512,0.5976443114737804,0.8244322333646293,0.09508140861369266,8.670803739501006,4.290807347698039e-18,0.00021095753251213091,0.0011010648259229072,0.6944366032216356,-0.0013035480230734482,0.0006473879638658655,-0.0025724284322505443,-3.466761389635188e-05,0.022028401160229336,-156.42576276881377,156.42576276881377,0.14667053100172298,24,1956-07-31 23:59:59.999999999,1971-06-30 23:59:59.999999999,180,120,24,1,180
ME5 BM2,ff3,1956-07-31 23:59:59.999999999,1971-06-30 23:59:59.999999999,180,-0.0017017968613453726,0.0007153663531148424,-2.378916556440518,0.017363606039328346,12,0.9228365874303945,0.009984846723077347,-0.0017017968613453726,0.0007153663531148424,-2.378916556440518,0.017363606039328346,0.9714764510239153,0.026868842270141836,36.15624526195066,2.968023775793762e-286,-0.22004320186032164,0.03840949075110651,-5.728875794948742,1.0109838066264654e-08,0.03520339231419507,0.054715001201407334,0.6433956235258129,0.5199674224952318,0.00021095753251213091,0.0011010648259229072,0.8215271139688192,-0.0015502418723497677,0.0004655687998585434,-0.002462756720072513,-0.0006377270246270226,0.0004345724864272948,-186.02902468197212,186.02902468197212,0.14667053100172298,25,1956-07-31 23:59:59.999999999,1971-06-30 23:59:59.999999999,180,120,25,1,180
ME5 BM3,ff3,1966-07-31 23:59:59.999999999,1981-06-30 23:59:59.999999999,180,0.0006827123235594183,0.0013741142090627132,0.4968381223749212,0.6193032095054958,12,0.8206456657979748,0.0189425223660187,0.0006827123235594183,0.0013741142090627132,0.4968381223749212,0.6193032095054958,0.9670944825357607,0.058285266446532195,16.59243478663552,7.904969455524957e-62,-0.3012726333971054,0.06784739336069229,-4.440445217924159,8.977295625216646e-06,0.25659682287179025,0.09177731535648946,2.7958632465451236,0.0051761297583672585,0.00043133110478591147,0.00033462369677697334,0.31044145186004485,0.0007176864885494291,0.0002890372721751731,0.00015117343508608987,0.0012841995420127684,0.9934863847921455,86.1223786259315,0.0,0.9442099510577173,1,1966-07-31 23:59:59.999999999,1981-06-30 23:59:59.999999999,180,120,1,5,180
ME1 BM4,ff3,1966-07-31 23:59:59.999999999,1981-06-30 23:59:59.999999999,180,0.00033069579618726764,0.0007368666982976312,0.4487864588687041,0.6535857079239715,12,0.9751578304047571,0.010744521695276824,0.00033069579618726764,0.0007368666982976312,0.4487864588687041,0.6535857079239715,0.9212561088853896,0.02721659449495134,33.84905885474694,3.746762858360158e-251,1.0944844771668232,0.03203551043740075,34.164727273676796,8.082077557533244e-256,0.47644893126627563,0.04229250191152037,11.265565046566616,1.9410281047989717e-29,0.00043133110478591147,0.00033462369677697334,0.501928892663826,0.0007143164560881253,0.00026872600834945427,0.00018761347972319486,0.0012410194324530557,0.9960715591458075,85.71797473057504,0.0,0.9442099510577173,2,1966-07-31 23:59:59.999999999,1981-06-30 23:59:59.999999999,180,120,2,5,180
SMALL HiBM,ff3,1966-07-31 23:59:59.999999999,1981-06-30 23:59:59.999999999,180,0.0007338943446630586,0.0008151486581197634,0.9003196378386644,0.367950173332654,12,0.9730639823637977,0.011943717276562682,0.0007338943446630586,0.0008151486581197634,0.9003196378386644,0.367950173332654,0.9615850493288073,0.040775336701746184,23.582516469756776,5.826041842623309e-123,1.1909494822444222,0.04056534130999937,29.358793585470284,1.845336940323009e-189,0.6548250194504306,0.05758409622303054,11.371629710297265,5.789637307380751e-30,0.00043133110478591147,0.00033462369677697334,0.351162771720646,0.0006783983898766151,0.0003013783017128908,8.769691851934908e-05,0.0012690998612338812,0.9878067934139909,81.40780678519381,0.0,0.9442099510577173,3,1966-07-31 23:59:59.999999999,1981-06-30 23:59:59.999999999,180,120,3,5,180
ME4 BM3,ff3,1966-07-31 23:59:59.999999999,1981-06-30 23:59:59.999999999,180,0.000913395058827629,0.0010519752502614217,0.8682666807994249,0.38524835794151047,12,0.9196035366534068,0.014660066553632129,0.000913395058827629,0.0010519752502614217,0.8682666807994249,0.38524835794151047,1.0279093433745472,0.029203676840003075,35.197942677085145,2.1498354759550674e-271,0.1603358682435592,0.04611867694433818,3.476592974188585,0.0005078281204694519,0.41044913290446267,0.07223536152966911,5.682108100696355,1.3304451986316613e-08,0.00043133110478591147,0.00033462369677697334,0.31508419989285585,0.0006564939201677617,0.000346350236402102,-2.235254318035812e-05,0.0013353403835158816,0.9709844290731793,78.77927042013141,0.0,0.9442099510577173,4,1966-07-31 23:59:59.999999999,1981-06-30 23:59:59.999999999,180,120,4,5,180
ME4 BM1,ff3,1966-07-31 23:59:59.999999999,1981-06-30 23:59:59.999999999,180,0.0007903763166456226,0.0012971974515313864,0.6092953048223738,0.5423287186501077,12,0.9437371638779737,0.014900224317900298,0.0007903763166456226,0.0012971974515313864,0.6092953048223738,0.5423287186501077,1.0930869684422284,0.03365639749824239,32.47783630138406,2.1922666768330553e-231,0.3022129969337396,0.05089629582013837,5.937819090051768,2.88838505412579e-09,-0.43003825077051167,0.05303157645059912,-8.10909800448999,5.099690290742621e-16,0.00043133110478591147,0.00033462369677697334,0.20415045863826858,0.0006309555199791419,0.0003341239692188392,-2.392745968978296e-05,0.0012858384996480667,0.9705130244995569,75.71466239749702,0.0,0.9442099510577173,5,1966-07-31 23:59:59.999999999,1981-06-30 23:59:59.999999999,180,120,5,5,180
ME2 BM4,ff3,1966-07-31 23:59:59.999999999,1981-06-30 23:59:59.999999999,180,0.0008817285071185544,0.0008337519636683371,1.057542945073413,0.29026386588451036,12,0.9646835099073505,0.011325873920045549,0.0008817285071185544,0.0008337519636683371,1.057542945073413,0.29026386588451036,0.9958126217852631,0.030547279197029546,32.599061126272,4.228806799159198e-233,0.6667252948529259,0.041257841601221,16.159965450863396,9.66158022385049e-59,0.5338302667691953,0.03354093212086779,15.915785072564159,4.92453988826625e-57,0.00043133110478591147,0.00033462369677697334,0.3084806775051803,0.0005886931454487333,0.0003061852232864112,-1.1429892192632682e-05,0.0011888161830900992,0.9727392470758764,70.643177453848,0.0,0.9442099510577173,6,1966-07-31 23:59:59.999999999,1981-06-30 23:59:59.999999999,180,120,6,4,180
ME3 BM3,ff3,1966-07-31 23:59:59.999999999,1981-06-30 23:59:59.999999999,180,0.00022100354887118903,0.0007842570438287692,0.28179989024037616,0.7780969550976709,12,0.940217009813794,0.013711534265091514,0.00022100354887118903,0.0007842570438287692,0.28179989024037616,0.7780969550976709,0.9791093533211729,0.043169140955111415,22.68076991245391,6.936486121793657e-114,0.49229243551384777,0.041821885249555095,11.771167956114192,5.49583033509954e-32,0.36010970304488166,0.047293875445701815,7.614298884394117,2.6512664911815655e-14,0.00043133110478591147,0.00033462369677697334,0.3215723358348565,0.0005698094383702468,0.0002955885946640497,-9.54420717129065e-06,0.0011491630839117841,0.9730544695948248,68.3771326044296,0.0,0.9442099510577173,7,1966-07-31 23:59:59.999999999,1981-06-30 23:59:59.999999999,180,120,7,4,180
ME4 BM4,ff3,1966-07-31 23:59:59.999999999,1981-06-30 23:59:59.999999999,180,0.0013111572435991043,0.0012232562855221418,1.0718581699659466,0.2837837408990982,12,0.9114794393011169,0.015859885131814393,0.0013111572435991043,0.0012232562855221418,1.0718581699659466,0.2837837408990982,1.0154517636026665,0.03533928643453059,28.73435957695094,1.420628279651938e-181,0.25549189872438927,0.04479333109024139,5.703793232293241,1.1717019786516979e-08,0.5839632158476232,0.06283389425941162,9.293761316730006,1.4893016058411595e-20,0.00043133110478591147,0.00033462369677697334,0.25667183199842625,0.0005543160638011042,0.00033015208797174323,-9.278202862351254e-05,0.0012014141562257208,0.9534212355106941,66.5179276561325,0.0,0.9442099510577173,8,1966-07-31 23:59:59.999999999,1981-06-30 23:59:59.999999999,180,120,8,4,180
ME4 BM5,ff3,1966-07-31 23:59:59.999999999,1981-06-30 23:59:59.999999999,180,-9.313314691089323e-05,0.001189869044541625,-0.07827176220621072,0.9376118790286604,12,0.910366264815895,0.018914437152098836,-9.313314691089323e-05,0.001189869044541625,-0.07827176220621072,0.9376118790286604,1.169262333676665,0.038834837523144275,30.10859342413428,3.739801187230286e-199,0.36691403155063357,0.06625809384969698,5.537648462736626,3.065598005063131e-08,0.7684726472740822,0.05880049698018769,13.069152247692944,4.941312502350726e-39,0.00043133110478591147,0.00033462369677697334,0.23155404614329342,0.0005231462293429863,0.00034237889128628507,-0.00014791639757813242,0.001194208856264105,0.9367405704628299,62.77754752115835,0.0,0.9442099510577173,9,1966-07-31 23:59:59.999999999,1981-06-30 23:59:59.999999999,180,120,9,4,180
ME3 BM4,ff3,1966-07-31 23:59:59.999999999,1981-06-30 23:59:59.999999999,180,0.0013852369121287252,0.0010929572613082728,1.2674209332491124,0.2050048186863599,12,0.9472664225128485,0.012187107911817109,0.0013852369121287252,0.0010929572613082728,1.2674209332491124,0.2050048186863599,0.956461949162825,0.02065061253524302,46.31639606478962,0.0,0.4163074547183627,0.033734405152996395,12.340737974488487,5.465263858506414e-35,0.5565326717774761,0.03892264937335879,14.29842728430515,2.238104042951983e-46,0.00043133110478591147,0.00033462369677697334,0.24536490398584684,0.0005011128313109583,0.0003248985495201579,-0.0001356883257485512,0.0011379139883704679,0.9385077932809306,60.133539757315,0.0,0.9442099510577173,10,1966-07-31 23:59:59.999999999,1981-06-30 23:59:59.999999999,180,120,10,4,180
ME2 BM5,ff3,1966-07-31 23:59:59.999999999,1981-06-30 23:59:59.999999999,180,0.0011347136662037828,0.0010943114586613248,1.0369202087967553,0.2997730448846394,12,0.9622194127391615,0.013177107111728512,0.0011347136662037828,0.0010943114586613248,1.0369202087967553,0.2997730448846394,1.0700168886019241,0.03582972733211026,29.863941711970135,5.786974775187761e-196,0.8250500753135598,0.0350649373100092,23.529204345049582,2.0499611718931826e-122,0.7074558087206488,0.042255866544324394,16.74219147721326,6.456668588770584e-63,0.00043133110478591147,0.00033462369677697334,0.2601408046043037,0.0004865311607396719,0.0003181189790634453,-0.00013698203822468092,0.0011100443597040247,0.9369173414979652,58.38373928876063,0.0,0.9442099510577173,11,1966-07-31 23:59:59.999999999,1981-06-30 23:59:59.999999999,180,120,11,3,180
ME1 BM2,ff3,1966-07-31 23:59:59.999999999,1981-06-30 23:59:59.999999999,180,-0.0006750082411087583,0.0010187456836666061,-0.6625875838602925,0.507594724312397,12,0.9698681104633632,0.01341256020697986,-0.0006750082411087583,0.0010187456836666061,-0.6625875838602925,0.507594724312397,0.948493255850909,0.025557629562914085,37.11194160303659,1.8031827970668856e-301,1.3426939649833414,0.037743818054812334,35.573877635629074,3.551940767196676e-277,0.0947342404950196,0.052299556768170594,1.811377502011158,0.0700824361136147,0.00043133110478591147,0.00033462369677697334,0.3514441317222792,0.0004824066007030475,0.00028918825651212633,-8.440238206072016e-05,0.001049215583466815,0.9523560660261865,57.8887920843657,0.0,0.9442099510577173,12,1966-07-31 23:59:59.999999999,1981-06-30 23:59:59.999999999,180,120,12,3,180
ME2 BM1,ff3,1966-07-31 23:59:59.999999999,1981-06-30 23:59:59.999999999,180,-9.212942437345669e-05,0.0011120945028998748,-0.0828431613799204,0.9339762492396896,12,0.9590384393033933,0.016160360769354332,-9.212942437345669e-05,0.0011120945028998748,-0.0828431613799204,0.9339762492396896,1.0942191163166912,0.03984945753310248,27.458820873727987,5.451565542668501e-166,1.0516275801148054,0.04896526934658564,21.47701001440801,2.554276856434368e-102,-0.4723030126231645,0.04719862046560637,-10.00671222938246,1.4240659661682556e-23,0.00043133110478591147,0.00033462369677697334,0.2873009323311016,0.00047086566171877016,0.0003143312840137832,-0.00014522365494824493,0.0010869549783857854,0.9329322995230032,56.50387940625242,0.0,0.9442099510577173,13,1966-07-31 23:59:59.999999999,1981-06-30 23:59:59.999999999,180,120,13,3,180
ME3 BM2,ff3,1966-07-31 23:59:59.999999999,1981-06-30 23:59:59.999999999,180,-0.0002605630942668191,0.0009990049367030818,-0.2608226292922335,0.7942292926489531,12,0.9490259373370518,0.01388561263216557,-0.0002605630942668191,0.0009990049367030818,-0.2608226292922335,0.7942292926489531,0.9908206535947958,0.023885548820028735,41.48201329014318,0.0,0.6650955575348931,0.041843287152444036,15.894916551651592,6.871990919881447e-57,0.07936720781295718,0.07011901379540589,1.1318928136173705,0.2576795003455674,0.00043133110478591147,0.00033462369677697334,0.4034878585746829,0.00036912207833485444,0.0003028282804063632,-0.00022442135126161743,0.0009626655079313263,0.8885618629226233,44.294649400182536,0.0,0.9442099510577173,14,1966-07-31 23:59:59.999999999,1981-06-30 23:59:59.999999999,180,120,14,3,180
ME2 BM3,ff3,1966-07-31 23:59:59.999999999,1981-06-30 23:59:59.999999999,180,0.00017668610877338235,0.001138272466236526,0.15522303667553358,0.8766454877526715,12,0.9558777307063774,0.01350660086295412,0.00017668610877338235,0.001138272466236526,0.15522303667553358,0.8766454877526715,0.9414621351568196,0.03593524262125226,26.19885289434598,2.7385920067227744e-151,0.8913842862204892,0.041861919665421826,21.293440275668424,1.3058132502613742e-100,0.25586747737963356,0.05513340192337758,4.640879547669287,3.4692931936770827e-06,0.00043133110478591147,0.00033462369677697334,0.31260161563520383,0.00036366390399293364,0.000320056771614097,-0.00026364736837069646,0.0009909751763565637,0.8720736309839002,43.639668479152036,0.0,0.9442099510577173,15,1966-07-31 23:59:59.999999999,1981-06-30 23:59:59.999999999,180,120,15,3,180
ME5 BM2,ff3,1966-07-31 23:59:59.999999999,1981-06-30 23:59:59.999999999,180,7.764454389441154e-05,0.0011095322024756668,0.06997953166313294,0.9442099510577173,12,0.9196335813514952,0.01323576307437892,7.764454389441154e-05,0.0011095322024756668,0.06997953166313294,0.9442099510577173,1.0067126335874652,0.04451659189365563,22.614324025351518,3.132931546684543e-113,-0.16043370138540325,0.055971108561862465,-2.8663663362694125,0.004152134571484679,0.08163196917844871,0.07440500585167345,1.0971300686567007,0.27258453760777546,0.00043133110478591147,0.00033462369677697334,0.26621768063074464,0.00036064498824511934,0.0003263139447265703,-0.00027893034341895846,0.0010002203199091972,0.8654654011633043,43.277398589414325,0.0,0.9442099510577173,16,1966-07-31 23:59:59.999999999,1981-06-30 23:59:59.999999999,180,120,16,2,180
BIG HiBM,ff3,1966-07-31 23:59:59.999999999,1981-06-30 23:59:59.999999999,180,-0.00238780676508466,0.001507740214234347,-1.5836990633676395,0.1132622180670643,12,0.8094007889004278,0.022260830545893444,-0.00238780676508466,0.001507740214234347,-1.5836990633676395,0.1132622180670643,0.9690765041589606,0.0658849685006521,14.70861299947907,5.6758863172885244e-49,0.057562699296893095,0.0752214462394657,0.7652431876096027,0.4441267471092256,0.7718088713802446,0.0616485348803882,12.519500631729928,5.840141947518751e-36,0.00043133110478591147,0.00033462369677697334,0.14777575907610876,0.0003552992877767796,0.0003555262447767562,-0.0003415321519856625,0.0010521307275392217,0.8411902301103846,42.63591453321355,0.0,0.9442099510577173,17,1966-07-31 23:59:59.999999999,1981-06-30 23:59:59.999999999,180,120,17,2,180
ME3 BM5,ff3,1966-07-31 23:59:59.999999999,1981-06-30 23:59:59.999999999,180,-0.00026958024211022684,0.001419802409486548,-0.189871661231873,0.8494096995476565,12,0.9351097372744669,0.016409927392798535,-0.00026958024211022684,0.001419802409486548,-0.189871661231873,0.8494096995476565,1.042146422031047,0.023994112049919993,43.43342316076756,0.0,0.7011338099292632,0.039130716094987895,17.917735219240438,8.574868843088106e-72,0.7179285814177765,0.035257859456528935,20.362228237449987,3.617519990457624e-92,0.00043133110478591147,0.00033462369677697334,0.14132397737652988,0.00034228248032811367,0.00033429831870570545,-0.000312942224335069,0.0009975071849912963,0.8470548108042124,41.07389763937364,0.0,0.9442099510577173,18,1966-07-31 23:59:59.999999999,1981-06-30 23:59:59.999999999,180,120,18,2,180
ME5 BM4,ff3,1966-07-31 23:59:59.999999999,1981-06-30 23:59:59.999999999,180,0.00020464504956754597,0.0007693871736433119,0.26598448294696875,0.7902511595131565,12,0.8928558623229664,0.014706847655342456,0.00020464504956754597,0.0007693871736433119,0.26598448294696875,0.7902511595131565,0.989701119394551,0.02574559989252481,38.44156374394325,0.0,-0.19360758072082074,0.03602829237352817,-5.373765115303498,7.710929195606316e-08,0.5754275349385111,0.05227097654244044,11.008547630084996,3.475612775734378e-28,0.00043133110478591147,0.00033462369677697334,0.39684400394182806,0.0003248454477110924,0.0002759702316873059,-0.00021605620639602717,0.000865747101818212,0.8804228445167961,38.98145372533109,0.0,0.9442099510577173,19,1966-07-31 23:59:59.999999999,1981-06-30 23:59:59.999999999,180,120,19,2,180
ME2 BM2,ff3,1966-07-31 23:59:59.999999999,1981-06-30 23:59:59.999999999,180,-0.0006318120579284606,0.0009296665816726824,-0.6796114546697877,0.4967505147963084,12,0.9666028402962304,0.012550891612440652,-0.0006318120579284606,0.0009296665816726824,-0.6796114546697877,0.4967505147963084,1.0088549314973734,0.022279253354029895,45.282259484467446,0.0,0.9344710458300602,0.0524351495518258,17.821462393397937,4.816086574587318e-71,0.0748600475080888,0.048730355671693586,1.5362097500875291,0.12448694547755162,0.00043133110478591147,0.00033462369677697334,0.3572891003863394,0.0002897036965618759,0.0003194529714439778,-0.0003364241274683206,0.0009158315205920724,0.8177633689887759,34.764443587425106,0.0,0.9442099510577173,20,1966-07-31 23:59:59.999999999,1981-06-30 23:59:59.999999999,180,120,20,2,180
SMALL LoBM,ff3,1966-07-31 23:59:59.999999999,1981-06-30 23:59:59.999999999,180,-0.0007834345622535043,0.001481653555946494,-0.5287569142659932,0.5969740899447288,12,0.9573082612288073,0.018215469380792246,-0.0007834345622535043,0.001481653555946494,-0.5287569142659932,0.5969740899447288,1.0475849224550837,0.0373587058086248,28.041253030056346,5.106680054992526e-173,1.4684839225559394,0.07636446714097726,19.229937398043457,2.0787892052010273e-82,-0.3565932496434853,0.07597976639218089,-4.693265938761592,2.688775890509198e-06,0.00043133110478591147,0.00033462369677697334,0.17968294854835523,0.0002802289324879214,0.0003594836327745932,-0.0004243589877502813,0.000984816852726124,0.7821667511428712,33.62747189855057,0.0,0.9442099510577173,21,1966-07-31 23:59:59.999999999,1981-06-30 23:59:59.999999999,180,120,21,1,180
BIG LoBM,ff3,1966-07-31 23:59:59.999999999,1981-06-30 23:59:59.999999999,180,0.0004676629973707609,0.001194139565150143,0.3916317748938837,0.6953303066200909,12,0.9259448319333254,0.01345493255632861,0.0004676629973707609,0.001194139565150143,0.3916317748938837,0.6953303066200909,0.9551621158733805,0.04575763047517988,20.874378894936115,9.155099976527646e-97,-0.17967804395671277,0.03793982883967521,-4.735868596455453,2.181188847159671e-06,-0.4423670959619682,0.05804328094039704,-7.621331682063634,2.5107187505697934e-14,0.00043133110478591147,0.00033462369677697334,0.4872883512529905,0.00019752361928653903,0.00026168929714772505,-0.0003153874031230021,0.0007104346416960802,0.7748161196919219,23.70283431438468,0.0,0.9442099510577173,22,1966-07-31 23:59:59.999999999,1981-06-30 23:59:59.999999999,180,120,22,1,180
ME3 BM1,ff3,1966-07-31 23:59:59.999999999,1981-06-30 23:59:59.999999999,180,-0.00032626808963368676,0.000791239335988894,-0.4123506944026179,0.6800823966300211,12,0.9586632905394208,0.014675766866528404,-0.00032626808963368676,0.000791239335988894,-0.4123506944026179,0.6800823966300211,1.1240183748969028,0.03275242192842657,34.31863382052189,4.1384166008567836e-258,0.7155319007687393,0.04251031193122552,16.831960723467486,1.4231035427530917e-63,-0.3941950960775828,0.050284468416023353,-7.839301249368899,4.5306043984389586e-15,0.00043133110478591147,0.00033462369677697334,0.33011834647035415,0.00015966081621749138,0.00029271086036594885,-0.00041405247009976834,0.000733374102534751,0.7072799401927863,19.159297946098967,0.0,0.9442099510577173,23,1966-07-31 23:59:59.999999999,1981-06-30 23:59:59.999999999,180,120,23,1,180
ME4 BM2,ff3,1966-07-31 23:59:59.999999999,1981-06-30 23:59:59.999999999,180,-0.002071784414059416,0.0016474231565833872,-1.2575909266421368,0.20853973644180956,12,0.9101600877769696,0.017040185381000272,-0.002071784414059416,0.0016474231565833872,-1.2575909266421368,0.20853973644180956,1.0673500038873547,0.04281996066441054,24.926459233636663,3.8445191455448662e-137,0.2553217080888618,0.06370264393710767,4.00802372254652,6.122897122176586e-05,0.10857759514429695,0.07644413524246789,1.4203521931395673,0.15550517331420724,0.00043133110478591147,0.00033462369677697334,0.2709243691248273,0.00012869869852238556,0.0003463222331628143,-0.0005500928784767305,0.0008074902755215016,0.6449104143455325,15.443843822686267,0.0,0.9442099510577173,24,1966-07-31 23:59:59.999999999,1981-06-30 23:59:59.999999999,180,120,24,1,180
ME1 BM3,ff3,1966-07-31 23:59:59.999999999,1981-06-30 23:59:59.999999999,180,-0.0010520744581996408,0.0008702421842025393,-1.208944449370409,0.22668418779644717,12,0.9724589463114535,0.01192508000237769,-0.0010520744581996408,0.0008702421842025393,-1.208944449370409,0.22668418779644717,0.9318229608902604,0.025542728938430032,36.48094779286861,2.2236603441635026e-291,1.2017197864746947,0.05694630093766387,21.102683873885933,7.51473824898332e-99,0.3056586243623882,0.04109982465594363,7.436981226103249,1.030121837873373e-13,0.00043133110478591147,0.00033462369677697334,0.3548852930801038,3.687176408608895e-05,0.0003226915808534299,-0.0005956037343866336,0.0006693472625588115,0.5454854127231624,4.424611690330674,0.0,0.9442099510577173,25,1966-07-31 23:59:59.999999999,1981-06-30 23:59:59.999999999,180,120,25,1,180
ME2 BM4,ff3,1976-07-31 23:59:59.999999999,1991-06-30 23:59:59.999999999,180,0.00300309073727458,0.0008120407615430802,3.6982019616453212,0.00021713210102457963,12,0.9504514117722355,0.010718730088971427,0.00300309073727458,0.0008120407615430802,3.6982019616453212,0.00021713210102457963,0.9125614066355463,0.020588607998049967,44.32360879968081,0.0,0.6763806493903125,0.037918699555169945,17.837654173930993,3.605162595987773e-71,0.33477965778577734,0.037731240980177466,8.872744417859398,7.136498979067325e-19,-0.00010475780939925538,0.0009330875963620711,0.7375011976318223,0.0014998849597458363,0.00048317516931481366,0.0005528616278888016,0.002446908291602871,0.9990461125306224,179.98619516950035,0.0,0.005428302525614491,1,1976-07-31 23:59:59.999999999,1991-06-30 23:59:59.999999999,180,120,1,5,180
ME4 BM1,ff3,1976-07-31 23:59:59.999999999,1991-06-30 23:59:59.999999999,180,0.001954229273415407,0.000872069993689752,2.2409087430551415,0.025031986803088505,12,0.9612414668393539,0.011606713408508289,0.001954229273415407,0.000872069993689752,2.2409087430551415,0.025031986803088505,1.0246588664807335,0.024645784467218674,41.5754210560281,0.0,0.2722121336238009,0.037416119336796894,7.275263668407584,3.457444805530812e-13,-0.4821655769790698,0.05881877213377769,-8.197477769213377,2.4548318766276998e-16,-0.00010475780939925538,0.0009330875963620711,0.6556350982374284,0.0012521266478240508,0.0005615435108588707,0.0001515013665406642,0.0023527519291074374,0.9871194565819348,150.2551977388861,0.0,0.20859989002573753,2,1976-07-31 23:59:59.999999999,1991-06-30 23:59:59.999999999,180,120,2,5,180
ME5 BM3,ff3,1976-07-31 23:59:59.999999999,1991-06-30 23:59:59.999999999,180,0.00015067010729914447,0.0011906869876312928,0.12654048365715478,0.8993041052590767,12,0.8899673597766502,0.015320523154770609,0.00015067010729914447,0.0011906869876312928,0.12654048365715478,0.8993041052590767,0.979763080878716,0.030714417818996382,31.899125897569448,2.7456254968535297e-223,-0.28250705264996645,0.08043419993297597,-3.51227528694726,0.0004442875406041456,0.060129461044923824,0.08856385505003002,0.6789390661794983,0.4971764714041388,-0.00010475780939925538,0.0009330875963620711,0.594166352374141,0.0011476846173684172,0.0005944315575280359,-1.7401235386533187e-05,0.0023127704701233678,0.9732415431137994,137.72215408421008,0.0,0.9804690023403725,3,1976-07-31 23:59:59.999999999,1991-06-30 23:59:59.999999999,180,120,3,5,180
ME5 BM2,ff3,1976-07-31 23:59:59.999999999,1991-06-30 23:59:59.999999999,180,0.0010894097886792907,0.0008573240058970198,1.2707095347685256,0.20383200227811893,12,0.9462238229154297,0.011957024737001212,0.0010894097886792907,0.0008573240058970198,1.2707095347685256,0.20383200227811893,1.061213720724517,0.022265273390274037,47.662281173159926,0.0,-0.27066597927034636,0.04327788684045064,-6.254140371229086,3.997113827344783e-10,-0.1496295981011539,0.04884015699010687,-3.063659237038552,0.00218647807310383,-0.00010475780939925538,0.0009330875963620711,0.6740337013420696,0.0007869942334709184,0.000533233711469596,-0.00025814384100948965,0.0018321323079513265,0.9300132704105029,94.43930801651021,0.0,0.5757857365438913,4,1976-07-31 23:59:59.999999999,1991-06-30 23:59:59.999999999,180,120,4,5,180
ME1 BM4,ff3,1976-07-31 23:59:59.999999999,1991-06-30 23:59:59.999999999,180,0.0009206049175786838,0.0008130712539865815,1.1322561375338906,0.2575267649309513,12,0.9637925799488073,0.00983339647255109,0.0009206049175786838,0.0008130712539865815,1.1322561375338906,0.2575267649309513,0.8607988983077836,0.024912992059411592,34.552208592808995,1.3205538736600142e-261,1.0121287715784266,0.04100459631830055,24.68330047006727,1.6163790608948053e-134,0.2836697620140442,0.044587362424730395,6.3621112931476445,1.9899916109311485e-10,-0.00010475780939925538,0.0009330875963620711,0.7177224577693639,0.0005579128593346167,0.000500268896146362,-0.0004226141771122528,0.0015384398957814863,0.8676231976371573,66.949543120154,0.0,0.5757857365438913,5,1976-07-31 23:59:59.999999999,1991-06-30 23:59:59.999999999,180,120,5,5,180
ME3 BM1,ff3,1976-07-31 23:59:59.999999999,1991-06-30 23:59:59.999999999,180,0.000447570583415607,0.0006524436836650364,0.6859911355129144,0.4927186983344124,12,0.9700646847273358,0.011180964006366562,0.000447570583415607,0.0006524436836650364,0.6859911355129144,0.4927186983344124,1.0495848239404206,0.020664956622713476,50.79056506640766,0.0,0.6414471324589469,0.033238261104029554,19.29845639190742,5.53377056873157e-83,-0.5034194573168493,0.05354392843839137,-9.401989581248097,5.354091709732763e-21,-0.00010475780939925538,0.0009330875963620711,0.7710051103469809,0.00028475799433562286,0.0004554729061115259,-0.0006079689016429679,0.0011774848903142135,0.7340774576644736,34.17095932027475,0.0,0.7245863210800182,6,1976-07-31 23:59:59.999999999,1991-06-30 23:59:59.999999999,180,120,6,4,180
ME5 BM4,ff3,1976-07-31 23:59:59.999999999,1991-06-30 23:59:59.999999999,180,-0.001406123699598107,0.0008390894790597623,-1.675773245510994,0.09378261655266452,12,0.9130886784159622,0.01249123409233487,-0.001406123699598107,0.0008390894790597623,-1.675773245510994,0.09378261655266452,1.000873398135926,0.027208327362297963,36.78555409925037,3.142624005325023e-296,-0.20345417154334972,0.056883396726044914,-3.5766881595204594,0.00034797487107338093,0.5342993356212213,0.04464773774301459,11.966996820680254,5.2909232772506946e-33,-0.00010475780939925538,0.0009330875963620711,0.7466507637227805,0.0002541593992949471,0.00047194384468238665,-0.0006708505362825307,0.001179169334872425,0.7048969453379822,30.499127915393654,0.0,0.46891308276332266,7,1976-07-31 23:59:59.999999999,1991-06-30 23:59:59.999999999,180,120,7,4,180
ME3 BM4,ff3,1976-07-31 23:59:59.999999999,1991-06-30 23:59:59.999999999,180,0.00048530380566005335,0.0008136654492475149,0.5964414565087736,0.550880352593389,12,0.9338693585542925,0.011899731097944607,0.00048530380566005335,0.0008136654492475149,0.5964414565087736,0.550880352593389,0.9569453258619416,0.020070156919413044,47.680012154579984,0.0,0.4529595927887292,0.03507804522006096,12.912908628377156,3.806462188739271e-38,0.461950027607365,0.0503550260383062,9.173861359061739,4.563718726926194e-20,-0.00010475780939925538,0.0009330875963620711,0.7111151015067428,0.00014515376285488644,0.0005146198299638054,-0.000863501103874172,0.001153808629583945,0.6110513178427819,17.41845154258637,0.0,0.7651116008241513,8,1976-07-31 23:59:59.999999999,1991-06-30 23:59:59.999999999,180,120,8,4,180
ME2 BM2,ff3,1976-07-31 23:59:59.999999999,1991-06-30 23:59:59.999999999,180,0.0007402263624352204,0.0008725138416816934,0.8483835179147409,0.39622441873499203,12,0.9630406136979975,0.011630224304670004,0.0007402263624352204,0.0008725138416816934,0.8483835179147409,0.39622441873499203,1.0282275755295114,0.020022065807160698,51.35471960949083,0.0,0.8898076419898066,0.05123241263809053,17.368060494739378,1.440119675509593e-67,-0.03052080105744056,0.05086250415856089,-0.6000648525344671,0.5484630154209738,-0.00010475780939925538,0.0009330875963620711,0.635005935456159,0.00013425635287635975,0.0005856492686562895,-0.0010136162136899676,0.0012821289194426871,0.5906602106916384,16.11076234516317,0.0,0.6603740312249867,9,1976-07-31 23:59:59.999999999,1991-06-30 23:59:59.999999999,180,120,9,4,180
ME1 BM3,ff3,1976-07-31 23:59:59.999999999,1991-06-30 23:59:59.999999999,180,0.00032943597984724825,0.0009461895678538698,0.3481712238642295,0.7277115973970945,12,0.9696777214259538,0.009894305006907224,0.00032943597984724825,0.0009461895678538698,0.3481712238642295,0.7277115973970945,0.9373200338121805,0.019488976278943353,48.09488299418259,0.0,1.070591892584803,0.03357848058312089,31.883273870437254,4.5541785571650274e-223,0.18230845083676878,0.029455881757363297,6.189203648306873,6.046892057996274e-10,-0.00010475780939925538,0.0009330875963620711,0.6549207080184025,1.297634408103674e-05,0.000554276048928015,-0.0010734047118178727,0.001099357399979946,0.5093389195762981,1.5571612897244087,0.0,0.957515259733019,10,1976-07-31 23:59:59.999999999,1991-06-30 23:59:59.999999999,180,120,10,4,180
SMALL HiBM,ff3,1976-07-31 23:59:59.999999999,1991-06-30 23:59:59.999999999,180,2.235156920080939e-05,0.0009130199636180292,0.024480920561952123,0.9804690023403725,12,0.9614451170384485,0.010803286150314714,2.235156920080939e-05,0.0009130199636180292,0.024480920561952123,0.9804690023403725,0.934847698018949,0.02038561509414563,45.85820411606907,0.0,1.1290779659760921,0.03333764972860958,33.867953355066426,1.9750537266997586e-251,0.5100079867125341,0.034776425699330794,14.665336544990254,1.0748291453130158e-48,-0.00010475780939925538,0.0009330875963620711,0.6176895234251363,-1.9722423643494822e-05,0.0005856170071559423,-0.0011675317576691417,0.001128086910382152,0.486566951653972,-2.3666908372193785,2.3666908372193785,0.9804690023403725,11,1976-07-31 23:59:59.999999999,1991-06-30 23:59:59.999999999,180,120,11,3,180
BIG LoBM,ff3,1976-07-31 23:59:59.999999999,1991-06-30 23:59:59.999999999,180,0.001479860511852702,0.0011050906239018785,1.3391304566747455,0.18052820698152516,12,0.9418534704939681,0.012124572294215838,0.001479860511852702,0.0011050906239018785,1.3391304566747455,0.18052820698152516,0.9145344145113489,0.02297641423815287,39.803182734786496,0.0,-0.2643775524231558,0.04092534589547611,-6.459995551372483,1.0470605922895614e-10,-0.49426568666909815,0.0567774003270245,-8.705324368890505,3.166677838845203e-18,-0.00010475780939925538,0.0009330875963620711,0.7377921781148798,-5.979060440993231e-05,0.00047786676868397126,-0.000996409471030516,0.0008768282622106513,0.45021434598166676,-7.174872529191877,7.174872529191877,0.5757857365438913,12,1976-07-31 23:59:59.999999999,1991-06-30 23:59:59.999999999,180,120,12,3,180
ME3 BM2,ff3,1976-07-31 23:59:59.999999999,1991-06-30 23:59:59.999999999,180,0.0012808635106626466,0.0008687603125296334,1.4743577626526954,0.1403852903541917,12,0.9573967755124306,0.011613853008319741,0.0012808635106626466,0.0008687603125296334,1.4743577626526954,0.1403852903541917,1.0216874662063258,0.017819284880724713,57.33605321678731,0.0,0.6515384161536706,0.034052512771880115,19.13334327244414,1.3324815827818455e-81,0.008428678089991194,0.06569564973322761,0.1282988770826956,0.8979124537207446,-0.00010475780939925538,0.0009330875963620711,0.6836558839563301,-0.00012820046349951,0.000558265578848676,-0.0012224009980429148,0.0009660000710438948,0.409185513174465,-15.3840556199412,15.3840556199412,0.5757857365438913,13,1976-07-31 23:59:59.999999999,1991-06-30 23:59:59.999999999,180,120,13,3,180
ME1 BM2,ff3,1976-07-31 23:59:59.999999999,1991-06-30 23:59:59.999999999,180,-0.0006568675084847455,0.0005656088653312934,-1.1613458500159812,0.2455012806614112,12,0.9617065166502204,0.012117179811406592,-0.0006568675084847455,0.0005656088653312934,-1.1613458500159812,0.2455012806614112,0.9821566169740216,0.015156209978317741,64.8022571856078,0.0,1.1171349527706862,0.03675423274175965,30.394729244379324,6.44852141767616e-203,-4.149237500157302e-05,0.05654772345649656,-0.0007337585399612779,0.9994145454421426,-0.00010475780939925538,0.0009330875963620711,0.8115442379488061,-0.00019392429834372648,0.00040876230799747227,-0.0009950984220187722,0.0006072498253313192,0.3176008411456877,-23.270915801247178,23.270915801247178,0.5757857365438913,14,1976-07-31 23:59:59.999999999,1991-06-30 23:59:59.999999999,180,120,14,3,180
ME4 BM2,ff3,1976-07-31 23:59:59.999999999,1991-06-30 23:59:59.999999999,180,2.9233888639031558e-05,0.0007667634709473019,0.038126345016037864,0.9695869462916187,12,0.9552241274510224,0.011650218522123518,2.9233888639031558e-05,0.0007667634709473019,0.038126345016037864,0.9695869462916187,1.0634158034263197,0.020127673357646043,52.83351853592916,0.0,0.25759865996000364,0.041915580380226414,6.14565413679743,7.963463766615142e-10,-0.11504542884294133,0.038716737247854044,-2.971464979253074,0.002963826740995602,-0.00010475780939925538,0.0009330875963620711,0.7271722155226935,-0.0002077775539523473,0.0005165755728647874,-0.0012202656767673307,0.0008047105688626362,0.3437606868463847,-24.933306474281675,24.933306474281675,0.9804690023403725,15,1976-07-31 23:59:59.999999999,1991-06-30 23:59:59.999999999,180,120,15,3,180
ME4 BM5,ff3,1976-07-31 23:59:59.999999999,1991-06-30 23:59:59.999999999,180,-0.00012360366200248922,0.0010107223695017215,-0.12229239772681087,0.9026674525441262,12,0.9057768384573204,0.015554562225587982,-0.00012360366200248922,0.0010107223695017215,-0.12229239772681087,0.9026674525441262,1.1162827861246398,0.0424846905261545,26.274942156808976,3.7091068646256353e-152,0.2755523485537087,0.06274708079542433,4.391476783630748,1.1258335869740306e-05,0.6901611847408751,0.06765069122149228,10.20183492998242,1.9456140365372836e-24,-0.00010475780939925538,0.0009330875963620711,0.5754326606530051,-0.0003756160229482983,0.0006153534615901935,-0.0015817088076650774,0.0008304767617684809,0.27079613631340327,-45.0739227537958,45.0739227537958,0.9804690023403725,16,1976-07-31 23:59:59.999999999,1991-06-30 23:59:59.999999999,180,120,16,2,180
ME2 BM5,ff3,1976-07-31 23:59:59.999999999,1991-06-30 23:59:59.999999999,180,-0.0001521653689610587,0.0007882278712606717,-0.19304743527742715,0.8469218187576938,12,0.9657957347316071,0.010246329990654248,-0.0001521653689610587,0.0007882278712606717,-0.19304743527742715,0.8469218187576938,1.0656028747797108,0.020050550565267958,53.14581618649283,0.0,0.8890772581516345,0.03415590735486045,26.029970421064426,2.2682041180764783e-149,0.6279306596067495,0.026510975817591598,23.685686408799803,5.064443774858768e-124,-0.00010475780939925538,0.0009330875963620711,0.6879453031055934,-0.000395955673389265,0.0005238155306579974,-0.00142263411347894,0.00063072276670041,0.2248525659050088,-47.5146808067118,47.5146808067118,0.9804690023403725,17,1976-07-31 23:59:59.999999999,1991-06-30 23:59:59.999999999,180,120,17,2,180
ME2 BM3,ff3,1976-07-31 23:59:59.999999999,1991-06-30 23:59:59.999999999,180,0.0011585334233523666,0.0009229597014822381,1.2552372779567798,0.20939263670660635,12,0.9668872718988947,0.009875312104507544,0.0011585334233523666,0.0009229597014822381,1.2552372779567798,0.20939263670660635,0.999427949863959,0.016861162511888086,59.273964601153985,0.0,0.7807673117257279,0.023774037660109257,32.84117417866241,1.5224514035447528e-236,0.2307153937841002,0.03003126221044029,7.68250738738156,1.5600454388862178e-14,-0.00010475780939925538,0.0009330875963620711,0.7116724889607621,-0.00041610833982711105,0.000512492001215837,-0.0014205926622101515,0.0005883759825559296,0.20841550244747442,-49.93300077925333,49.93300077925333,0.5757857365438913,18,1976-07-31 23:59:59.999999999,1991-06-30 23:59:59.999999999,180,120,18,2,180
ME2 BM1,ff3,1976-07-31 23:59:59.999999999,1991-06-30 23:59:59.999999999,180,-0.0015934692707395184,0.0008275496445943173,-1.9255271042025177,0.0541634484484219,12,0.9734644053610996,0.011641513241878504,-0.0015934692707395184,0.0008275496445943173,-1.9255271042025177,0.0541634484484219,1.1073981637823813,0.027432208305915882,40.36853874223337,0.0,0.9225572139549847,0.05398039952436889,17.090596255007448,1.7438168977240486e-65,-0.526854104283782,0.0487074278828212,-10.81670963104993,2.868929177601389e-27,-0.00010475780939925538,0.0009330875963620711,0.7267978749819115,-0.00045536688864954367,0.0005058501353977906,-0.0014468331540292132,0.0005360993767301258,0.18400659923542012,-54.64402663794524,54.64402663794524,0.33852155280263685,19,1976-07-31 23:59:59.999999999,1991-06-30 23:59:59.999999999,180,120,19,2,180
ME4 BM4,ff3,1976-07-31 23:59:59.999999999,1991-06-30 23:59:59.999999999,180,-0.0010395286699338042,0.0009720506052409502,-1.0694182631326357,0.2848812415332427,12,0.9092452564465022,0.013888632793058147,-0.0010395286699338042,0.0009720506052409502,-1.0694182631326357,0.2848812415332427,1.0228112150925612,0.04478217849064612,22.839693145035383,1.850202375607624e-115,0.15639551725448467,0.034462877552945075,4.538086438493575,5.676699279058312e-06,0.525764721149428,0.07059265693619104,7.447867015753049,9.486136704377818e-14,-0.00010475780939925538,0.0009330875963620711,0.6211049393650243,-0.0006822801822739734,0.0005977873850894987,-0.001853943457049391,0.0004893830925014441,0.1268636995991777,-81.87362187287683,81.87362187287683,0.5757857365438913,20,1976-07-31 23:59:59.999999999,1991-06-30 23:59:59.999999999,180,120,20,2,180
ME3 BM5,ff3,1976-07-31 23:59:59.999999999,1991-06-30 23:59:59.999999999,180,-0.00015365375209699012,0.000938222553640891,-0.16377111326168545,0.8699113328823597,12,0.9261021948470279,0.014318387302936216,-0.00015365375209699012,0.000938222553640891,-0.16377111326168545,0.8699113328823597,1.0715961824926863,0.019222940402211362,55.74569551125552,0.0,0.6442470831972948,0.056361095667327825,11.43070544618175,2.93712890801816e-30,0.690763283213706,0.043571377762051854,15.853602036319375,1.327488024922911e-56,-0.00010475780939925538,0.0009330875963620711,0.6229537591264952,-0.0007472165413084598,0.0005730899641676839,-0.0018704728710771201,0.00037603978846020045,0.09614439119501811,-89.66598495701517,89.66598495701517,0.9804690023403725,21,1976-07-31 23:59:59.999999999,1991-06-30 23:59:59.999999999,180,120,21,1,180
BIG HiBM,ff3,1976-07-31 23:59:59.999999999,1991-06-30 23:59:59.999999999,180,-0.0008540223435219182,0.0008229934375089365,-1.0377024950610798,0.29940858300282347,12,0.8819958119428322,0.015403304131191054,-0.0008540223435219182,0.0008229934375089365,-1.0377024950610798,0.29940858300282347,1.0561690305283062,0.022839461977048767,46.24316595503186,0.0,-0.16019426371072573,0.04283533147047746,-3.739769442921977,0.00018418911892993116,0.7316513187725412,0.046852734283366754,15.615979087741003,5.6668483525345115e-55,-0.00010475780939925538,0.0009330875963620711,0.6947818950920068,-0.0009492939575752144,0.0005447869817115153,-0.0020170764417297843,0.00011848852657935557,0.04071007181422714,-113.91527490902573,113.91527490902573,0.5757857365438913,22,1976-07-31 23:59:59.999999999,1991-06-30 23:59:59.999999999,180,120,22,1,180
ME4 BM3,ff3,1976-07-31 23:59:59.999999999,1991-06-30 23:59:59.999999999,180,-0.0007348710140372129,0.0010624453543694342,-0.6916788811913644,0.4891390123446956,12,0.9317232964762876,0.013545711532569947,-0.0007348710140372129,0.0010624453543694342,-0.6916788811913644,0.4891390123446956,1.0658569674619536,0.032504160948344935,32.791400742686314,7.808517383994482e-236,0.3203581890744346,0.050792631041895686,6.307178472605426,2.8416809011536154e-10,0.25346612278674785,0.07808839608351435,3.245887167610277,0.0011708523520189838,-0.00010475780939925538,0.0009330875963620711,0.5896832488423306,-0.0009527311757853111,0.0006161943269221632,-0.002160472056552751,0.0002550097049821287,0.06103371885704002,-114.32774109423734,114.32774109423734,0.7245863210800182,23,1976-07-31 23:59:59.999999999,1991-06-30 23:59:59.999999999,180,120,23,1,180
ME3 BM3,ff3,1976-07-31 23:59:59.999999999,1991-06-30 23:59:59.999999999,180,-0.0006482578670755803,0.0007287273015661262,-0.88957538119183,0.37369393026369635,12,0.9466308552641008,0.011696644928832647,-0.0006482578670755803,0.0007287273015661262,-0.88957538119183,0.37369393026369635,0.9847611401568046,0.023313622293660356,42.23973125036814,0.0,0.5951410869115599,0.043246218792052114,13.761690698862584,4.332744541312986e-43,0.3035477346543471,0.0422254477878782,7.188739268775441,6.539231163844925e-13,-0.00010475780939925538,0.0009330875963620711,0.7614344606185262,-0.0011688797186857867,0.0004558280574380038,-0.0020623027112642743,-0.0002754567261072993,0.005169212648305677,-140.26556624229443,140.26556624229443,0.6603740312249867,24,1976-07-31 23:59:59.999999999,1991-06-30 23:59:59.999999999,180,120,24,1,180
SMALL LoBM,ff3,1976-07-31 23:59:59.999999999,1991-06-30 23:59:59.999999999,180,-0.006059096318524809,0.0017569784665312776,-3.4485888324442624,0.0005635240753160659,12,0.9317784645253357,0.01901957335345303,-0.006059096318524809,0.0017569784665312776,-3.4485888324442624,0.0005635240753160659,1.0500981324807896,0.021268907317584983,49.37245326244738,0.0,1.2706018115498812,0.06697176733378996,18.97220070686131,2.8952813727966916e-80,-0.30816179895146695,0.11700301120894951,-2.6337937440014856,0.008443676304883463,-0.00010475780939925538,0.0009330875963620711,0.44601278960539137,-0.0019419885618761031,0.0006946068163363867,-0.003303417921895421,-0.0005805592018567852,0.002588492686607235,-233.03862742513238,233.03862742513238,0.007044050941450824,25,1976-07-31 23:59:59.999999999,1991-06-30 23:59:59.999999999,180,120,25,1,180
ME1 BM4,ff3,1986-07-31 23:59:59.999999999,2001-06-30 23:59:59.999999999,180,0.004038201897262369,0.0013405365003829784,3.012377429565472,0.0025921009130230933,12,0.9242321822977323,0.015198509062929235,0.004038201897262369,0.0013405365003829784,3.012377429565472,0.0025921009130230933,0.8773775480463912,0.024924768663284427,35.20103074572633,1.928235422510379e-271,1.0831782341026794,0.06204985581467798,17.45657938896374,3.0677404935515474e-68,0.440360937393283,0.05640393281326164,7.80727363198592,5.843830554022862e-15,-2.6604856195076394e-05,0.0018659119508094946,0.8124149175146234,0.0030345727662513993,0.000908225767522695,0.0012544502619069172,0.0048146952705958816,0.9995829290570584,364.1487319501679,0.0,0.032401261412788665,1,1986-07-31 23:59:59.999999999,2001-06-30 23:59:59.999999999,180,120,1,5,180
ME4 BM1,ff3,1986-07-31 23:59:59.999999999,2001-06-30 23:59:59.999999999,180,0.0029066800958055493,0.0019524222195125072,1.4887558985736737,0.1365516593517259,12,0.922568661470122,0.01825658399102765,0.0029066800958055493,0.0019524222195125072,1.4887558985736737,0.1365516593517259,1.0332022611498966,0.043170543351205695,23.93303815392077,1.3878760926528393e-126,0.42255487228321165,0.06278767394745859,6.72990167842195,1.6977777164469606e-11,-0.4758330545250822,0.06895411193642373,-6.900720510530311,5.1739439154389e-12,-2.6604856195076394e-05,0.0018659119508094946,0.655497621251158,0.0026517233653412355,0.0012441794863925332,0.00021313157201187025,0.005090315158670601,0.9834679024329054,318.2068038409483,0.0,0.4876844976847353,2,1986-07-31 23:59:59.999999999,2001-06-30 23:59:59.999999999,180,120,2,5,180
BIG LoBM,ff3,1986-07-31 23:59:59.999999999,2001-06-30 23:59:59.999999999,180,0.0027699429113926055,0.0008960318452509164,3.0913442709359695,0.001992524681278687,12,0.9503666133235427,0.011327695369887147,0.0027699429113926055,0.0008960318452509164,3.0913442709359695,0.001992524681278687,0.9408957760170079,0.022808127770635383,41.25265280337373,0.0,-0.30374609317616874,0.03223079626071789,-9.424095226166258,4.338295535381607e-21,-0.38484781794301404,0.05814682286546841,-6.618552811276008,3.627323238264254e-11,-2.6604856195076394e-05,0.0018659119508094946,0.8567057674218109,0.0023097202843795953,0.000731696812947106,0.0008755945310032676,0.003743846037755923,0.9992020717758779,277.1664341255514,0.0,0.032401261412788665,3,1986-07-31 23:59:59.999999999,2001-06-30 23:59:59.999999999,180,120,3,5,180
ME1 BM2,ff3,1986-07-31 23:59:59.999999999,2001-06-30 23:59:59.999999999,180,0.003163640502646533,0.00234165740262819,1.3510262001161142,0.17668704006066538,12,0.9098688008044843,0.02308119401793887,0.003163640502646533,0.00234165740262819,1.3510262001161142,0.17668704006066538,0.9384161009046229,0.03086043769849534,30.40838597536733,4.25551899830153e-203,1.4648092742513086,0.1244871527597355,11.766750558416586,5.791248892634948e-32,0.04855522778301161,0.07133048025291938,0.6807079892192982,0.4960562801065521,-2.6604856195076394e-05,0.0018659119508094946,0.637415788855935,0.0015278828254405472,0.00122294020599255,-0.0008690799783048506,0.003924845629185945,0.8942318267497469,183.34593905286567,0.0,0.4996884184429655,4,1986-07-31 23:59:59.999999999,2001-06-30 23:59:59.999999999,180,120,4,5,180
ME1 BM3,ff3,1986-07-31 23:59:59.999999999,2001-06-30 23:59:59.999999999,180,0.0013776634763475375,0.0011111890512937742,1.2398101607854244,0.21504561911025544,12,0.9253287766116873,0.015616014732240157,0.0013776634763475375,0.0011111890512937742,1.2398101607854244,0.21504561911025544,0.9069465321555483,0.029284066884077906,30.970648159824616,1.3397388156479334e-210,1.0484277616220055,0.04010562659822572,26.141662668060352,1.22595578550205e-150,0.32809575714964495,0.05686110699682569,5.7701260928311,7.921223848393062e-09,-2.6604856195076394e-05,0.0018659119508094946,0.8461439515840091,0.0014774953773097968,0.0008271052931584534,-0.0001436309972807719,0.0030986217519003655,0.9629782898102436,177.2994452771756,0.0,0.4996884184429655,5,1986-07-31 23:59:59.999999999,2001-06-30 23:59:59.999999999,180,120,5,5,180
SMALL HiBM,ff3,1986-07-31 23:59:59.999999999,2001-06-30 23:59:59.999999999,180,0.0010364882021650262,0.0010344086123782444,1.0020104142230608,0.3163385630788701,12,0.9101010027580639,0.01585423564607153,0.0010364882021650262,0.0010344086123782444,1.0020104142230608,0.3163385630788701,0.9647364419127874,0.025133357013959804,38.384702902081266,0.0,0.9920648468773303,0.056612677008854244,17.52372258817881,9.443885307601018e-69,0.6897130567452457,0.06260562655292772,11.016790258654343,3.171678227616634e-28,-2.6604856195076394e-05,0.0018659119508094946,0.8113307657881549,0.0013475190750324387,0.0008116710766797131,-0.00024335623525979875,0.0029383943853246762,0.9515607510699554,161.70228900389264,0.0,0.6083433905362886,6,1986-07-31 23:59:59.999999999,2001-06-30 23:59:59.999999999,180,120,6,4,180
ME3 BM1,ff3,1986-07-31 23:59:59.999999999,2001-06-30 23:59:59.999999999,180,6.556803765404882e-05,0.0009692260444926459,0.06764989243388653,0.9460643379188712,12,0.9479332732891412,0.016482289575109235,6.556803765404882e-05,0.0009692260444926459,0.06764989243388653,0.9460643379188712,1.059067002732124,0.0326448172184598,32.44211770722518,6.996843199612504e-231,0.7155244111836976,0.04571716745923148,15.651109877307471,3.264756680441688e-55,-0.49420129611238633,0.041526219894675795,-11.900945893121117,1.1701326644013421e-32,-2.6604856195076394e-05,0.0018659119508094946,0.85997657031281,0.0008668929911779887,0.0007559654581859085,-0.0006147993068663921,0.0023485852892223694,0.8742546771869523,104.02715894135864,0.0,0.9460643379188712,7,1986-07-31 23:59:59.999999999,2001-06-30 23:59:59.999999999,180,120,7,4,180
ME2 BM4,ff3,1986-07-31 23:59:59.999999999,2001-06-30 23:59:59.999999999,180,0.0002490932380126817,0.001157285919909537,0.21523915026301613,0.8295808686728625,12,0.9165723395930981,0.01303795122502841,0.0002490932380126817,0.001157285919909537,0.21523915026301613,0.8295808686728625,0.9293300424692714,0.017937079620620557,51.81055456769612,0.0,0.6794116787026946,0.04740191952015344,14.332999287377705,1.3611286656317646e-46,0.601221745576946,0.0650452873031179,9.243125374712994,2.3940022747891216e-20,-2.6604856195076394e-05,0.0018659119508094946,0.8365191555553341,0.0008077898916356008,0.0008526112202259169,-0.0008633281000071963,0.002478907883278398,0.8282902773239775,96.93478699627208,0.0,0.9117840240719409,8,1986-07-31 23:59:59.999999999,2001-06-30 23:59:59.999999999,180,120,8,4,180
ME2 BM3,ff3,1986-07-31 23:59:59.999999999,2001-06-30 23:59:59.999999999,180,-0.0012103933134517194,0.0017250925999242803,-0.7016396183630069,0.48290393772680884,12,0.8844741516896043,0.01642072797361381,-0.0012103933134517194,0.0017250925999242803,-0.7016396183630069,0.48290393772680884,0.9937746117071514,0.04174257441405107,23.80721902414899,2.811620362121019e-125,0.6534648270437714,0.08842052281058863,7.3904203037071055,1.4636540725424057e-13,0.5879924488547077,0.12108242967763423,4.856133548196538,1.196999875689838e-06,-2.6604856195076394e-05,0.0018659119508094946,0.7462145807492773,0.0005162151238872275,0.0010864462715154566,-0.0016132195682830675,0.0026456498160575227,0.6826567471565275,61.9458148664673,0.0,0.6955209167727469,9,1986-07-31 23:59:59.999999999,2001-06-30 23:59:59.999999999,180,120,9,4,180
ME4 BM5,ff3,1986-07-31 23:59:59.999999999,2001-06-30 23:59:59.999999999,180,0.00024257539126576642,0.0015459134544097523,0.1569139530895567,0.8753126631090633,12,0.8302490655968613,0.019152997393651807,0.00024257539126576642,0.0015459134544097523,0.1569139530895567,0.8753126631090633,1.0731533468214927,0.0356204225295526,30.127473808912498,2.116506565304392e-199,0.1736107132130037,0.07360385375965138,2.358717707634144,0.018338199698764695,0.8181942773713745,0.0757380289651329,10.802951813652848,3.333125113108323e-27,-2.6604856195076394e-05,0.0018659119508094946,0.6768050039212931,0.0004314867793912285,0.0011940406847173576,-0.0019088329626547925,0.0027718065214372496,0.641087405321502,51.778413526947425,0.0,0.9117840240719409,10,1986-07-31 23:59:59.999999999,2001-06-30 23:59:59.999999999,180,120,10,4,180
ME3 BM4,ff3,1986-07-31 23:59:59.999999999,2001-06-30 23:59:59.999999999,180,-0.0010268244545448152,0.0013699732993528299,-0.7495215089446511,0.4535429395942513,12,0.8673720068484783,0.0159254112566617,-0.0010268244545448152,0.0013699732993528299,-0.7495215089446511,0.4535429395942513,1.0067208313532638,0.028178442840265227,35.72663106545841,1.526057542854045e-279,0.37836479622702535,0.05750035433959439,6.58021677557708,4.697628644500318e-11,0.7914506252041766,0.11035139295086324,7.1720945612040445,7.385889448562065e-13,-2.6604856195076394e-05,0.0018659119508094946,0.7894797385270659,0.00014040831954159738,0.000977748579007382,-0.0017759788953128713,0.002056795534396066,0.5570932930097883,16.84899834499169,0.0,0.6955209167727469,11,1986-07-31 23:59:59.999999999,2001-06-30 23:59:59.999999999,180,120,11,3,180
ME2 BM2,ff3,1986-07-31 23:59:59.999999999,2001-06-30 23:59:59.999999999,180,0.00024882954521946674,0.0012950611239072169,0.19213729809813504,0.8476346595044564,12,0.9282877393588115,0.016250742875865278,0.00024882954521946674,0.0012950611239072169,0.19213729809813504,0.8476346595044564,1.0601757246054095,0.03130475448585495,33.866284595346364,2.0899933278432216e-251,0.9357596564811745,0.06471408987054664,14.459906001197853,2.170941066270349e-47,0.2906874454413026,0.12019924867070203,2.418379887196052,0.0155897915337876,-2.6604856195076394e-05,0.0018659119508094946,0.7848364354420204,0.00011587861094236277,0.0010037053962350133,-0.0018513839656782631,0.0020831411875629887,0.5459561001207714,13.905433313083533,0.0,0.9117840240719409,12,1986-07-31 23:59:59.999999999,2001-06-30 23:59:59.999999999,180,120,12,3,180
ME4 BM4,ff3,1986-07-31 23:59:59.999999999,2001-06-30 23:59:59.999999999,180,-0.00044642137526042,0.0011279307386915481,-0.3957879326688884,0.692261479784243,12,0.8483952645477634,0.016447791155568405,-0.00044642137526042,0.0011279307386915481,-0.3957879326688884,0.692261479784243,0.980806085210714,0.04072573034243605,24.08320432718472,3.7490548562531746e-128,0.12325366031324146,0.053432761764157,2.306705778324951,0.02107122791089213,0.6440084302053339,0.11685706103740538,5.511078444794961,3.566417204391449e-08,-2.6604856195076394e-05,0.0018659119508094946,0.8449663102759303,-0.0002222052064943548,0.0008005371048746674,-0.0017912579320487028,0.001346847519059993,0.39067117336872326,-26.664624779322576,26.664624779322576,0.8653268497303038,13,1986-07-31 23:59:59.999999999,2001-06-30 23:59:59.999999999,180,120,13,3,180
ME3 BM5,ff3,1986-07-31 23:59:59.999999999,2001-06-30 23:59:59.999999999,180,-0.0007017068382381169,0.0013174911347539767,-0.5326083946433166,0.594304689882269,12,0.8631049954266058,0.01768281023376913,-0.0007017068382381169,0.0013174911347539767,-0.5326083946433166,0.594304689882269,1.1074389086241467,0.03935599712336543,28.13901284606677,3.266035636882599e-174,0.37674170280267233,0.08980634889418823,4.195045310733627,2.7281704509638783e-05,0.9078996604732008,0.09835305134126827,9.23102687808784,2.6804964623664453e-20,-2.6604856195076394e-05,0.0018659119508094946,0.7599066056932063,-0.00026185382416613577,0.00104489697223022,-0.002309851889737367,0.0017861442414050955,0.4010607129827031,-31.42245889993629,31.42245889993629,0.7819798551082487,14,1986-07-31 23:59:59.999999999,2001-06-30 23:59:59.999999999,180,120,14,3,180
BIG HiBM,ff3,1986-07-31 23:59:59.999999999,2001-06-30 23:59:59.999999999,180,-0.0008126737268064482,0.0012070533750721424,-0.6732707464223584,0.5007750600763777,12,0.8314822416452339,0.020014491794702043,-0.0008126737268064482,0.0012070533750721424,-0.6732707464223584,0.5007750600763777,1.0992401879388984,0.04608567466008619,23.852101462039066,9.630507377831233e-126,-0.14760620748442607,0.068132455259634,-2.1664595371169217,0.03027608863885156,0.7693134875821336,0.0820471176842766,9.376484016690373,6.820937541870986e-21,-2.6604856195076394e-05,0.0018659119508094946,0.7915249955881306,-0.0002774214849191011,0.0009648116795266799,-0.0021684523767913936,0.0016136094069531914,0.38684962407580165,-33.29057819029213,33.29057819029213,0.6955209167727469,15,1986-07-31 23:59:59.999999999,2001-06-30 23:59:59.999999999,180,120,15,3,180
ME3 BM2,ff3,1986-07-31 23:59:59.999999999,2001-06-30 23:59:59.999999999,180,-0.0011426032551545527,0.0013131821820382293,-0.8701026184966081,0.3842443268453627,12,0.8815669650942103,0.01903070575330917,-0.0011426032551545527,0.0013131821820382293,-0.8701026184966081,0.3842443268453627,1.1019223476488331,0.03832474108801968,28.752245060653372,8.490736117021538e-182,0.6040561131947485,0.04980566467253035,12.128261256352786,7.482121637460004e-34,0.3724283184943012,0.1288343978581146,2.890752195733136,0.0038432103037006047,-2.6604856195076394e-05,0.0018659119508094946,0.797285802541623,-0.0005482847286362376,0.0009449559792975836,-0.0024003984480595016,0.0013038289907870261,0.2808822883701384,-65.79416743634852,65.79416743634852,0.6404072114089379,16,1986-07-31 23:59:59.999999999,2001-06-30 23:59:59.999999999,180,120,16,2,180
ME2 BM5,ff3,1986-07-31 23:59:59.999999999,2001-06-30 23:59:59.999999999,180,-0.00032562308617068635,0.0009694624950770726,-0.33588002405889794,0.7369613413336815,12,0.9414378018381221,0.012985737804559796,-0.00032562308617068635,0.0009694624950770726,-0.33588002405889794,0.7369613413336815,1.0980812099519168,0.017089686601639953,64.2540284996533,0.0,0.9232636886279864,0.033608118493117733,27.47144826977006,3.852148872955534e-166,0.8574949404873461,0.060537958843510105,14.164582963623868,1.517651901226491e-45,-2.6604856195076394e-05,0.0018659119508094946,0.8253200604596305,-0.0006375178513187082,0.0008045351894478493,-0.002214406822636493,0.0009393711199990765,0.21406223011070463,-76.502142158245,76.502142158245,0.8773349301591447,17,1986-07-31 23:59:59.999999999,2001-06-30 23:59:59.999999999,180,120,17,2,180
ME5 BM3,ff3,1986-07-31 23:59:59.999999999,2001-06-30 23:59:59.999999999,180,-0.001420391605609847,0.0014979573834893432,-0.9482189688876098,0.34301799233669905,12,0.850650599293292,0.017767335597601894,-0.001420391605609847,0.0014979573834893432,-0.9482189688876098,0.34301799233669905,1.0137879291091818,0.04952817907701658,20.46891179933622,4.076208393494181e-93,-0.2460643573094377,0.05696041946552973,-4.319918280418325,1.5608699096072675e-05,0.4090477474501507,0.06669235018327248,6.133353320524406,8.604575343660457e-10,-2.6604856195076394e-05,0.0018659119508094946,0.7566714746851844,-0.0006614821248510538,0.0011522246203275227,-0.002919842380692998,0.0015968781309908908,0.28295301172031645,-79.37785498212646,79.37785498212646,0.6125321291726769,18,1986-07-31 23:59:59.999999999,2001-06-30 23:59:59.999999999,180,120,18,2,180
ME2 BM1,ff3,1986-07-31 23:59:59.999999999,2001-06-30 23:59:59.999999999,180,-0.0012301926146160297,0.00106852543481838,-1.1512993275870207,0.2496091136986196,12,0.9612513911586569,0.015047226524017328,-0.0012301926146160297,0.00106852543481838,-1.1512993275870207,0.2496091136986196,1.0939949057194112,0.03201989461276755,34.16609951249476,7.711600552695286e-256,1.0108766317282454,0.042850034789461484,23.591034095889693,4.7639381803160064e-123,-0.34435665353092654,0.07412235914131377,-4.6457864741516515,3.3878328042986613e-06,-2.6604856195076394e-05,0.0018659119508094946,0.8624924481135204,-0.0008429968187154067,0.000867046763638448,-0.0025424084754467648,0.0008564148380159512,0.16546005476954928,-101.1596182458488,101.1596182458488,0.5200189868721242,19,1986-07-31 23:59:59.999999999,2001-06-30 23:59:59.999999999,180,120,19,2,180
ME5 BM2,ff3,1986-07-31 23:59:59.999999999,2001-06-30 23:59:59.999999999,180,-0.0014451983173512796,0.0011180557278446406,-1.292599538072486,0.196149599465265,12,0.8848844272003418,0.01618406015894974,-0.0014451983173512796,0.0011180557278446406,-1.292599538072486,0.196149599465265,1.058235979197756,0.031227020024541325,33.88847153414216,9.849856338821743e-252,-0.1727353210407333,0.06267557733953763,-2.756022814196985,0.005850891583983178,0.28357944378545075,0.1149754154048443,2.4664354791581173,0.013646531133546743,-2.6604856195076394e-05,0.0018659119508094946,0.8339554079203446,-0.0008890640893234041,0.0008704899005849087,-0.0025952242944698254,0.000817096115823017,0.15354725267218744,-106.6876907188085,106.6876907188085,0.4996884184429655,20,1986-07-31 23:59:59.999999999,2001-06-30 23:59:59.999999999,180,120,20,2,180
ME4 BM2,ff3,1986-07-31 23:59:59.999999999,2001-06-30 23:59:59.999999999,180,-0.0016912625484291767,0.0013784925775872847,-1.2268927493170254,0.21986290411490483,12,0.8709113028560194,0.017786587354982886,-0.0016912625484291767,0.0013784925775872847,-1.2268927493170254,0.21986290411490483,1.114188658157911,0.043230824531703065,25.773014283843406,1.7801039536608514e-146,0.23349653226970804,0.06615469858257597,3.5295532633748117,0.00041626190448687143,0.49861290166770167,0.11613921307512155,4.29323471776227,1.7608867912328267e-05,-2.6604856195076394e-05,0.0018659119508094946,0.7942026154014821,-0.0011185295253696994,0.0010538460275312741,-0.0031840677393309962,0.0009470086885915976,0.14425895982265902,-134.22354304436394,134.22354304436394,0.4996884184429655,21,1986-07-31 23:59:59.999999999,2001-06-30 23:59:59.999999999,180,120,21,1,180
ME5 BM4,ff3,1986-07-31 23:59:59.999999999,2001-06-30 23:59:59.999999999,180,-0.002167943955396851,0.0009543443397466166,-2.2716580013168532,0.023107174723211436,12,0.895147859858547,0.014753912537098048,-0.002167943955396851,0.0009543443397466166,-2.2716580013168532,0.023107174723211436,1.0415722326597532,0.04104604824145226,25.375700640722656,4.677956226818196e-142,-0.2271029551300361,0.03637296900828704,-6.2437288272588924,4.2726047835446955e-10,0.7886786889653306,0.10004850733649741,7.882963074228923,3.1970757002174975e-15,-2.6604856195076394e-05,0.0018659119508094946,0.8315665402312682,-0.0012640029009387225,0.0008367235317432775,-0.0029039810231555464,0.0003759752212781015,0.06543783407305076,-151.6803481126467,151.6803481126467,0.10842703554715322,22,1986-07-31 23:59:59.999999999,2001-06-30 23:59:59.999999999,180,120,22,1,180
ME4 BM3,ff3,1986-07-31 23:59:59.999999999,2001-06-30 23:59:59.999999999,180,-0.003001758258839298,0.0011588645361213393,-2.5902581063409102,0.0095903995630364,12,0.8560835768317023,0.018272726976489954,-0.003001758258839298,0.0011588645361213393,-2.5902581063409102,0.0095903995630364,1.1212160871313719,0.04629584080232832,24.21850575991663,1.4202888432805788e-129,0.15590986182450978,0.08351828793114711,1.8667751181997723,0.061932998564328684,0.7210044363392462,0.14384212844867278,5.012470575312172,5.373559459075046e-07,-2.6604856195076394e-05,0.0018659119508094946,0.8073075652140433,-0.001967610180058684,0.0009566233396149377,-0.0038425919257039616,-9.262843441340605e-05,0.01985136121950605,-236.11322160704208,236.11322160704208,0.0599399972689775,23,1986-07-31 23:59:59.999999999,2001-06-30 23:59:59.999999999,180,120,23,1,180
ME3 BM3,ff3,1986-07-31 23:59:59.999999999,2001-06-30 23:59:59.999999999,180,-0.003577497824677635,0.0012713749778449808,-2.8138809454482128,0.004894735251490909,12,0.8628807727456541,0.01693811373672251,-0.003577497824677635,0.0012713749778449808,-2.8138809454482128,0.004894735251490909,1.0339910722972716,0.03426812942520924,30.17354870664809,5.267971813990527e-200,0.37096301071403504,0.08445583844887275,4.3923903607754236,1.1211117069056709e-05,0.6589063458759989,0.105527305346029,6.2439417335201925,4.26678992274938e-10,-2.6604856195076394e-05,0.0018659119508094946,0.8422561440296192,-0.00232789084575926,0.000846129786539834,-0.003986305227377335,-0.0006694764641411854,0.002968669960181163,-279.34690149111117,279.34690149111117,0.04078946042909091,24,1986-07-31 23:59:59.999999999,2001-06-30 23:59:59.999999999,180,120,24,1,180
SMALL LoBM,ff3,1986-07-31 23:59:59.999999999,2001-06-30 23:59:59.999999999,180,-0.005012319719766988,0.002251841399026635,-2.2258759972765296,0.02602248853131677,12,0.9077102504526663,0.026078932940259928,-0.005012319719766988,0.002251841399026635,-2.2258759972765296,0.02602248853131677,1.0309451204672364,0.03659896514004636,28.168695932311557,1.41457897774532e-174,1.341498480600656,0.05642794672525516,23.773653986248068,6.256955858659803e-125,-0.3591804653221524,0.09682528944675647,-3.7095728541009234,0.00020760921194406325,-2.6604856195076394e-05,0.0018659119508094946,0.6181578827652294,-0.004873847234657162,0.00126529492110498,-0.007353825280022923,-0.002393869189291402,5.859152371633261e-05,-584.8616681588595,584.8616681588595,0.10842703554715322,25,1986-07-31 23:59:59.999999999,2001-06-30 23:59:59.999999999,180,120,25,1,180
ME1 BM4,ff3,1996-07-31 23:59:59.999999999,2011-06-30 23:59:59.999999999,180,0.0038484309849521107,0.001486074263777892,2.5896626290860087,0.009607003246591084,12,0.9338451395594212,0.01586009813091215,0.0038484309849521107,0.001486074263777892,2.5896626290860087,0.009607003246591084,0.8460969369243279,0.025591982252554067,33.06101608600044,1.0804589697656684e-239,1.063774934873907,0.06904960038000486,15.405953532237257,1.4927090289629951e-53,0.5002222178798172,0.05214622276237157,9.592683638071192,8.582314210700985e-22,0.0004194711259528959,0.0015193637635667254,0.6674925426155647,0.0025149592925053236,0.0009123644364004204,0.0007267249971604996,0.004303193587850147,0.997079080984717,301.79511510063884,0.0,0.09407414232284983,1,1996-07-31 23:59:59.999999999,2011-06-30 23:59:59.999999999,180,120,1,5,180
SMALL HiBM,ff3,1996-07-31 23:59:59.999999999,2011-06-30 23:59:59.999999999,180,0.0017680335865660425,0.001478363335829555,1.1959398232599867,0.2317200431455293,12,0.9393833651658826,0.01572439339364168,0.0017680335865660425,0.001478363335829555,1.1959398232599867,0.2317200431455293,0.9644801777254375,0.022399059960564204,43.05895780552853,0.0,0.9732464164464746,0.02837658265088111,34.2975201919268,8.544566794693481e-258,0.743153053620879,0.04532609319646125,16.395700604500796,2.0526054356383165e-60,0.0004194711259528959,0.0015193637635667254,0.7423390195798255,0.001968755535424632,0.0007728045946147493,0.00045405852997972354,0.0034834525408695407,0.9945758281808376,236.25066425095585,0.0,0.587507503565945,2,1996-07-31 23:59:59.999999999,2011-06-30 23:59:59.999999999,180,120,2,5,180
ME1 BM2,ff3,1996-07-31 23:59:59.999999999,2011-06-30 23:59:59.999999999,180,0.0007060371818540487,0.0022872720733150198,0.3086808911328006,0.7575642811048873,12,0.9152737705543562,0.02367828154286639,0.0007060371818540487,0.0022872720733150198,0.3086808911328006,0.7575642811048873,0.9749342173990124,0.051076898467295885,19.087576705998597,3.202863003231298e-81,1.3870472125772348,0.141186696391073,9.824206161289114,8.856906856001858e-23,-0.021035375467821735,0.0701629597533478,-0.29980741322444054,0.7643240603641668,0.0004194711259528959,0.0015193637635667254,0.5897293934567175,0.0018920366587241158,0.001089687424570335,-0.00024375069343374103,0.004027824010881973,0.9587456025403368,227.0443990468939,0.0,0.8608685012555537,3,1996-07-31 23:59:59.999999999,2011-06-30 23:59:59.999999999,180,120,3,5,180
ME4 BM1,ff3,1996-07-31 23:59:59.999999999,2011-06-30 23:59:59.999999999,180,0.0020388271610174004,0.0017312647394282401,1.177651871827953,0.2389354212700926,12,0.9303346504797915,0.01766403623496044,0.0020388271610174004,0.0017312647394282401,1.177651871827953,0.2389354212700926,1.0885385152628353,0.036996032685214446,29.42311475732565,2.7804226032201004e-190,0.5087370318176672,0.04008746880588896,12.69067484108481,6.660936533759634e-37,-0.3611771488742555,0.03787567887668962,-9.535859411262988,1.486491785224691e-21,0.0004194711259528959,0.0015193637635667254,0.6446356860093503,0.0018067253234327527,0.0009967736633579379,-0.0001469510567488055,0.003760401703614311,0.9650511701254738,216.8070388119303,0.0,0.587507503565945,4,1996-07-31 23:59:59.999999999,2011-06-30 23:59:59.999999999,180,120,4,5,180
ME4 BM4,ff3,1996-07-31 23:59:59.999999999,2011-06-30 23:59:59.999999999,180,0.002031490985716742,0.0013469011013030295,1.5082703427530213,0.13148535036403403,12,0.8528595438319906,0.020520762048035636,0.002031490985716742,0.0013469011013030295,1.5082703427530213,0.13148535036403403,0.9830791333911136,0.03130196417958336,31.40630817130399,1.6594267527247525e-216,0.20560361750192221,0.05833840181376953,3.524327220314662,0.0004245595982463091,0.5937819007899479,0.11924553718099551,4.979489503986071,6.375221013521369e-07,0.0004194711259528959,0.0015193637635667254,0.7635887592243112,0.0017114840796639487,0.0008462264972124657,5.2880145127516065e-05,0.0033700880142003816,0.9784370887152929,205.37808955967387,0.0,0.5478556265168084,5,1996-07-31 23:59:59.999999999,2011-06-30 23:59:59.999999999,180,120,5,5,180
ME2 BM2,ff3,1996-07-31 23:59:59.999999999,2011-06-30 23:59:59.999999999,180,0.001124505692754319,0.0013264385308182495,0.8477631391336599,0.39656989525667674,12,0.9372453639668924,0.016294973751544605,0.001124505692754319,0.0013264385308182495,0.8477631391336599,0.39656989525667674,0.990755575365133,0.041058341521452615,24.13043339433163,1.1984256412473673e-128,0.9282710281280171,0.05693005603567756,16.305464859305214,9.024970496014073e-60,0.2478074248668307,0.0957538454377934,2.587963164652422,0.009654530422287968,0.0004194711259528959,0.0015193637635667254,0.7929408798589503,0.0015386376497192517,0.0008180304352306399,-6.470200333280238e-05,0.003141977302771306,0.9700075880002835,184.63651796631024,0.0,0.6196404613385574,6,1996-07-31 23:59:59.999999999,2011-06-30 23:59:59.999999999,180,120,6,4,180
BIG LoBM,ff3,1996-07-31 23:59:59.999999999,2011-06-30 23:59:59.999999999,180,0.0017749914709629794,0.0007301100094385779,2.431128799792608,0.015051862771655973,12,0.9695996519338318,0.0084490348260277,0.0017749914709629794,0.0007301100094385779,2.431128799792608,0.015051862771655973,0.9562823543275585,0.012831559477941915,74.52580927294575,0.0,-0.2722845579336057,0.025225831971126215,-10.793878205692712,3.679281036017599e-27,-0.2928995527470675,0.019431831232221367,-15.073183234598547,2.431116888997279e-51,0.0004194711259528959,0.0015193637635667254,0.8789353218642098,0.0013044342681925603,0.0005288725416318648,0.0002678440865941053,0.0023410244497910153,0.9931768881642808,156.53211218310724,0.0,0.09407414232284983,7,1996-07-31 23:59:59.999999999,2011-06-30 23:59:59.999999999,180,120,7,4,180
ME3 BM2,ff3,1996-07-31 23:59:59.999999999,2011-06-30 23:59:59.999999999,180,0.0016805501764729654,0.001681885413575361,0.9992061069727949,0.3176948581108193,12,0.8797087598215027,0.020273007092180884,0.0016805501764729654,0.001681885413575361,0.9992061069727949,0.3176948581108193,0.9960003243003485,0.030863964659081443,32.2706539908924,1.8056833763573584e-228,0.5553896103149728,0.05643783402747494,9.840732194729501,7.516181366556485e-23,0.2441825931915893,0.10300182093131073,2.3706628774497918,0.017756218505832404,0.0004194711259528959,0.0015193637635667254,0.7101971848844681,0.0013028786249469277,0.0009753892512150312,-0.0006088843074345334,0.003214641557328389,0.9091849074047678,156.3454349936313,0.0,0.610951650213114,8,1996-07-31 23:59:59.999999999,2011-06-30 23:59:59.999999999,180,120,8,4,180
ME2 BM3,ff3,1996-07-31 23:59:59.999999999,2011-06-30 23:59:59.999999999,180,0.001082174124264429,0.0016278325378166095,0.6647945038105302,0.5061819385280941,12,0.8983696088455964,0.017578677236319073,0.001082174124264429,0.0016278325378166095,0.6647945038105302,0.5061819385280941,0.9006281542502811,0.027966159739485106,32.20421261410069,1.5408135189919524e-227,0.6671528814036836,0.10722167601220851,6.222182922487799,4.902849300717006e-10,0.5291792661718806,0.09433825247862826,5.609381690547669,2.0305075034172296e-08,0.0004194711259528959,0.0015193637635667254,0.780955725342256,0.001165974893338982,0.0007739821525505386,-0.0003510301256600737,0.002682979912338038,0.9340257242755897,139.91698720067782,0.0,0.7249497524898928,9,1996-07-31 23:59:59.999999999,2011-06-30 23:59:59.999999999,180,120,9,4,180
ME4 BM2,ff3,1996-07-31 23:59:59.999999999,2011-06-30 23:59:59.999999999,180,0.002072400989714741,0.0016811302491061668,1.232742668699589,0.2176717871142687,12,0.8668177464473688,0.019264758859469575,0.002072400989714741,0.0016811302491061668,1.232742668699589,0.2176717871142687,0.996597820861946,0.04000141856346753,24.914061967095293,5.238774183051264e-137,0.1959432307271672,0.08570840474446653,2.286161215009869,0.022244828849417718,0.3549104017837674,0.11996105496076787,2.958546854225628,0.0030909324917140057,0.0004194711259528959,0.0015193637635667254,0.7695798656978236,0.0009704296798478593,0.000962529060725715,-0.0009161272791745421,0.0028569866388702607,0.8433227359564076,116.4515615817431,0.0,0.587507503565945,10,1996-07-31 23:59:59.999999999,2011-06-30 23:59:59.999999999,180,120,10,4,180
ME5 BM3,ff3,1996-07-31 23:59:59.999999999,2011-06-30 23:59:59.999999999,180,0.0014774478120080348,0.0013075502933297737,1.1299357428505519,0.2585033015690158,12,0.8525637681563591,0.01841772008490916,0.0014774478120080348,0.0013075502933297737,1.1299357428505519,0.2585033015690158,0.9283991165482602,0.04245487189728864,21.867905261717492,5.251364025679948e-106,-0.19040875660524234,0.07572901087559311,-2.5143436366552314,0.011925417161374416,0.38046425493631814,0.064589389042753,5.890507103024016,3.850123211284745e-09,0.0004194711259528959,0.0015193637635667254,0.7554233079437971,0.0007738150189692595,0.0008559080218499568,-0.0009037647038566557,0.0024513947417951747,0.8170252725184763,92.85780227631113,0.0,0.587507503565945,11,1996-07-31 23:59:59.999999999,2011-06-30 23:59:59.999999999,180,120,11,3,180
ME3 BM5,ff3,1996-07-31 23:59:59.999999999,2011-06-30 23:59:59.999999999,180,0.0027606761156438405,0.0022887389493080235,1.206199648272907,0.22774051952945917,12,0.8572905027768082,0.023267949232317255,0.0027606761156438405,0.0022887389493080235,1.206199648272907,0.22774051952945917,1.0588450786245287,0.04882943536904864,21.68456527547102,2.8695537310007635e-104,0.43070846897853865,0.13307985315644605,3.2364663678446224,0.0012101948631340466,0.8705386783773604,0.10232509702241556,8.507577355989785,1.7760523795289678e-17,0.0004194711259528959,0.0015193637635667254,0.5346566761844989,0.0006846846718531173,0.0011397494491030202,-0.0015492242483888025,0.0029185935920950368,0.7259909553403975,82.16216062237407,0.0,0.587507503565945,12,1996-07-31 23:59:59.999999999,2011-06-30 23:59:59.999999999,180,120,12,3,180
ME3 BM1,ff3,1996-07-31 23:59:59.999999999,2011-06-30 23:59:59.999999999,180,-0.0011476831921518832,0.0011334966754455841,-1.0125157109090965,0.3112915386277071,12,0.9453723842423727,0.017279844438775175,-0.0011476831921518832,0.0011334966754455841,-1.0125157109090965,0.3112915386277071,1.1168165809580226,0.035776447033225175,31.216531365477625,6.356843306910388e-214,0.7665434678067321,0.04369654232943579,17.542428460989623,6.796011759711822e-69,-0.3895337074030506,0.041674718607729214,-9.347002701316516,9.016664650516035e-21,0.0004194711259528959,0.0015193637635667254,0.7600206883974776,0.0005090568437150576,0.0007914722706277912,-0.001042228806715413,0.002060342494145528,0.7399454062534616,61.08682124580691,0.0,0.610951650213114,13,1996-07-31 23:59:59.999999999,2011-06-30 23:59:59.999999999,180,120,13,3,180
BIG HiBM,ff3,1996-07-31 23:59:59.999999999,2011-06-30 23:59:59.999999999,180,-0.0026810655459862786,0.003073505933881805,-0.8723150706919643,0.3830365182205415,12,0.7459816143099218,0.03253052202269532,-0.0026810655459862786,0.003073505933881805,-0.8723150706919643,0.3830365182205415,1.1212977685854408,0.06765827732297922,16.572957706752124,1.093140957178524e-61,-0.3057170975535703,0.10417114133543269,-2.9347580686397254,0.0033380784239572417,0.6986550163851551,0.06715151972019442,10.404157929653662,2.373451885783806e-25,0.0004194711259528959,0.0015193637635667254,0.41681951335786355,0.0003646111233535375,0.0012603510521320717,-0.002105676938825323,0.0028348991855323977,0.6138215329987646,43.753334802424504,0.0,0.6196404613385574,14,1996-07-31 23:59:59.999999999,2011-06-30 23:59:59.999999999,180,120,14,3,180
ME3 BM3,ff3,1996-07-31 23:59:59.999999999,2011-06-30 23:59:59.999999999,180,0.0011815812408315658,0.001939984661321326,0.6090673108862569,0.5424798239200261,12,0.8614264753348705,0.019377016677901357,0.0011815812408315658,0.001939984661321326,0.6090673108862569,0.5424798239200261,0.9447238855049442,0.04431537073848288,21.31819884978551,7.696397902822354e-101,0.30705675426985535,0.1018835799775369,3.0138002054654405,0.00257997648431184,0.5156399857982911,0.11368986133581845,4.53549665501999,5.7468089104548034e-06,0.0004194711259528959,0.0015193637635667254,0.7652885617542357,6.325614522321765e-05,0.0008539163362009553,-0.0016104198737306548,0.00173693216417709,0.5295257143033848,7.590737426786118,0.0,0.7249497524898928,15,1996-07-31 23:59:59.999999999,2011-06-30 23:59:59.999999999,180,120,15,3,180
ME5 BM2,ff3,1996-07-31 23:59:59.999999999,2011-06-30 23:59:59.999999999,180,0.00021737695400964044,0.0010635826071074578,0.20438182474685582,0.8380551321697113,12,0.8879604287168597,0.015734072506581282,0.00021737695400964044,0.0010635826071074578,0.20438182474685582,0.8380551321697113,0.9377145832397742,0.03692239829751072,25.396903410334378,2.7285457217753925e-142,-0.14402770247689317,0.07223714998107768,-1.9938176203604494,0.04617198923759941,0.2725218392497954,0.08284791343999183,3.2894230878510617,0.0010039299003857672,0.0004194711259528959,0.0015193637635667254,0.8224430912949456,4.449777665536416e-06,0.0007377027275901761,-0.0014414475684112085,0.0014503471237422814,0.5024063808061304,0.5339733198643699,0.0,0.9109294914888165,16,1996-07-31 23:59:59.999999999,2011-06-30 23:59:59.999999999,180,120,16,2,180
ME1 BM3,ff3,1996-07-31 23:59:59.999999999,2011-06-30 23:59:59.999999999,180,6.8119684739157236e-06,0.0013328390522310426,0.005110871010654402,0.9959221326813487,12,0.9382733723665018,0.015685198132796514,6.8119684739157236e-06,0.0013328390522310426,0.005110871010654402,0.9959221326813487,0.908821450805337,0.03472791368690632,26.169768187024594,5.871525509519593e-151,1.0086869018734743,0.03027590859399855,33.31648656362444,2.228428249412203e-243,0.34159765338917847,0.043735896897124794,7.810464118128904,5.697777895986176e-15,0.0004194711259528959,0.0015193637635667254,0.7551146109240644,-8.440995556824137e-05,0.0008230738085399095,-0.0016976346203064641,0.0015288147091699813,0.4591582622949305,-10.129194668188964,10.129194668188964,0.9959221326813487,17,1996-07-31 23:59:59.999999999,2011-06-30 23:59:59.999999999,180,120,17,2,180
ME4 BM3,ff3,1996-07-31 23:59:59.999999999,2011-06-30 23:59:59.999999999,180,0.0005621652121058544,0.0015259230672445348,0.36840993112516157,0.7125675934525112,12,0.8342482531770934,0.021641486545530015,0.0005621652121058544,0.0015259230672445348,0.36840993112516157,0.7125675934525112,0.9822568848415448,0.03966797881102113,24.761959501920476,2.304685250820941e-135,0.1120830733788229,0.09894917722057858,1.1327337581490555,0.2573260766282045,0.5705581335820683,0.14587148784718648,3.911375293434858,9.17720389281599e-05,0.0004194711259528959,0.0015193637635667254,0.7314008365465394,-0.0001124873579506558,0.000991000447076239,-0.0020548482342200845,0.0018298735183187728,0.4548135588312033,-13.498482954078696,13.498482954078696,0.8482947541101324,18,1996-07-31 23:59:59.999999999,2011-06-30 23:59:59.999999999,180,120,18,2,180
ME2 BM1,ff3,1996-07-31 23:59:59.999999999,2011-06-30 23:59:59.999999999,180,-0.0022285361035321418,0.0013290937098462347,-1.6767336170675018,0.0935945837966894,12,0.9464093994420483,0.018407733489483404,-0.0022285361035321418,0.0013290937098462347,-1.6767336170675018,0.0935945837966894,1.1409995942490283,0.04683905164799795,24.360006321729152,4.541607368543216e-131,1.0069316852086831,0.04306629001969974,23.380971166731197,6.674905784563974e-121,-0.2947851181831572,0.0607340713867093,-4.8537025668209415,1.2117744111882783e-06,0.0004194711259528959,0.0015193637635667254,0.7964054532251487,-0.00011553347667363651,0.0007834872131096695,-0.0016511684143685887,0.0014201014610213157,0.44138424717419666,-13.864017200836381,13.864017200836381,0.467972918983447,19,1996-07-31 23:59:59.999999999,2011-06-30 23:59:59.999999999,180,120,19,2,180
ME4 BM5,ff3,1996-07-31 23:59:59.999999999,2011-06-30 23:59:59.999999999,180,-0.0010439544994280876,0.0017506630478234266,-0.5963194920496099,0.5509618118923185,12,0.8340468405338696,0.025936037013363156,-0.0010439544994280876,0.0017506630478234266,-0.5963194920496099,0.5509618118923185,1.1356160842524659,0.06843168345982334,16.5948874386408,7.58859436457293e-62,0.20618275261780672,0.08444300534192781,2.44167947105777,0.014619119887810197,0.8493916578603866,0.08496665965843044,9.996764157552821,1.5745819709111385e-23,0.0004194711259528959,0.0015193637635667254,0.5848519655309475,-0.00031361492046679576,0.0011154186941811476,-0.002499835561061845,0.0018726057201282535,0.3892925349201798,-37.63379045601549,37.63379045601549,0.7249497524898928,20,1996-07-31 23:59:59.999999999,2011-06-30 23:59:59.999999999,180,120,20,2,180
ME2 BM5,ff3,1996-07-31 23:59:59.999999999,2011-06-30 23:59:59.999999999,180,-0.0009468139907257365,0.0010389860630556087,-0.9112865171080365,0.3621444286185953,12,0.9583944841943622,0.013766067648019693,-0.0009468139907257365,0.0010389860630556087,-0.9112865171080365,0.3621444286185953,1.0700505527025244,0.014047070691632154,76.17606376395285,0.0,0.946869705125046,0.04258593954690489,22.234326991474433,1.5994908809407681e-109,0.9037745965625353,0.03896937459195188,23.191919450233794,5.493778462625576e-119,0.0004194711259528959,0.0015193637635667254,0.762917791045188,-0.0005310762077994199,0.0007715516692116209,-0.002043317479454197,0.000981165063855357,0.24562492565090266,-63.72914493593039,63.72914493593039,0.6196404613385574,21,1996-07-31 23:59:59.999999999,2011-06-30 23:59:59.999999999,180,120,21,1,180
ME3 BM4,ff3,1996-07-31 23:59:59.999999999,2011-06-30 23:59:59.999999999,180,0.0007541013953354585,0.001796489599599979,0.419763852517361,0.6746579739714855,12,0.8724424397187824,0.019347376999449273,0.0007541013953354585,0.001796489599599979,0.419763852517361,0.6746579739714855,0.9545611973360301,0.03859115185702449,24.735234669142887,4.470152793288109e-135,0.37964629493820373,0.07986587995159761,4.753548012847124,1.9987761025346003e-06,0.69652076319264,0.12485939790541116,5.578440829262194,2.4268399788179236e-08,0.0004194711259528959,0.0015193637635667254,0.7444052976585942,-0.0006449038108113704,0.0009186564940366819,-0.002445470539123267,0.001155662917500526,0.2413372220370919,-77.38845729736444,77.38845729736444,0.8433224674643569,22,1996-07-31 23:59:59.999999999,2011-06-30 23:59:59.999999999,180,120,22,1,180
ME2 BM4,ff3,1996-07-31 23:59:59.999999999,2011-06-30 23:59:59.999999999,180,-3.086934923974214e-05,0.0010988213008836884,-0.028093147825689717,0.9775878591611059,12,0.9385754564830852,0.013966466185479452,-3.086934923974214e-05,0.0010988213008836884,-0.028093147825689717,0.9775878591611059,0.9178927898138511,0.027097081614935403,33.87423054842651,1.5964704177704468e-251,0.7334408663349667,0.0608291261927166,12.057396057462775,1.7730027695461536e-33,0.6575198347938154,0.051965798050311277,12.652934419620191,1.0777295503183528e-36,0.0004194711259528959,0.0015193637635667254,0.8504611387665693,-0.0009654163614344806,0.000595526337129298,-0.002132647982207905,0.00020181525933894349,0.05249654579327307,-115.84996337213768,115.84996337213768,0.9959221326813487,23,1996-07-31 23:59:59.999999999,2011-06-30 23:59:59.999999999,180,120,23,1,180
ME5 BM4,ff3,1996-07-31 23:59:59.999999999,2011-06-30 23:59:59.999999999,180,-0.004627164287060225,0.001830670949038706,-2.5275783665491445,0.011485218886208185,12,0.9023105902440921,0.018652335112283442,-0.004627164287060225,0.001830670949038706,-2.5275783665491445,0.011485218886208185,1.1201757206222227,0.056387770747990305,19.86557910984886,8.08146778762203e-88,-0.20884984791959954,0.048720752820611724,-4.286671199202896,1.8137043656139714e-05,0.8206037175491024,0.09232515950435394,8.888191712362044,6.2111445980165505e-19,0.0004194711259528959,0.0015193637635667254,0.6146188408684293,-0.002340965481541511,0.0009861696476396557,-0.004273857990915236,-0.00040807297216778594,0.008803139432695423,-280.9158577849813,280.9158577849813,0.09407414232284983,24,1996-07-31 23:59:59.999999999,2011-06-30 23:59:59.999999999,180,120,24,1,180
SMALL LoBM,ff3,1996-07-31 23:59:59.999999999,2011-06-30 23:59:59.999999999,180,-0.005930998915711483,0.0022963357519226427,-2.582809987932149,0.009799927970805429,12,0.9008160933888554,0.029322148345733066,-0.005930998915711483,0.0022963357519226427,-2.582809987932149,0.009799927970805429,1.2063172248867686,0.05620300004402347,21.4635735448618,3.4105624024892063e-102,1.2963027214255274,0.06883299272362467,18.832578246748437,4.0838537039220586e-79,-0.336034358662585,0.06276931054604223,-5.35348175309491,8.627773924813487e-08,0.0004194711259528959,0.0015193637635667254,0.6271456617261824,-0.0029810038655075704,0.001048661884251645,-0.0050363811586407944,-0.0009256265723743464,0.002236840244947101,-357.7204638609084,357.7204638609084,0.09407414232284983,25,1996-07-31 23:59:59.999999999,2011-06-30 23:59:59.999999999,180,120,25,1,180
SMALL HiBM,ff3,2006-07-31 23:59:59.999999999,2021-06-30 23:59:59.999999999,180,0.0027172115520920866,0.0024522879287324317,1.108031206391246,0.26784833892990567,12,0.8413492589820913,0.029401568978254636,0.0027172115520920866,0.0024522879287324317,1.108031206391246,0.26784833892990567,0.8929572911795661,0.053449100238326906,16.70668518642809,1.1717041966677956e-62,1.2382794511145998,0.20247002428196897,6.115865573217473,9.603425537859972e-10,0.7399939362638452,0.046858672339057626,15.792038043874447,3.529883220556808e-56,2.241199339669283e-05,0.0012105940776535949,0.3409164897096851,0.001946565978005901,0.0010254668749057397,-6.33490968093486e-05,0.003956481052821151,0.9711667190214336,233.58791736070813,0.0,0.4783006052319744,1,2006-07-31 23:59:59.999999999,2021-06-30 23:59:59.999999999,180,120,1,5,180
ME3 BM2,ff3,2006-07-31 23:59:59.999999999,2021-06-30 23:59:59.999999999,180,0.0016618876789314093,0.001001009245868333,1.6602121167120611,0.09687178794610206,12,0.9478451974425655,0.012694749811371966,0.0016618876789314093,0.001001009245868333,1.6602121167120611,0.09687178794610206,1.0289298919739878,0.021431643396551913,48.00984567238226,0.0,0.6276306137398492,0.043819617467574616,14.323050953246673,1.570732325367842e-46,0.046032914905010706,0.038354284490856365,1.2002026766001832,0.23006063607640947,2.241199339669283e-05,0.0012105940776535949,0.7527424683033882,0.0014171736390643076,0.0006596329472923063,0.00012429306237138728,0.002710054215757228,0.9841600994669988,170.06083668771691,0.0,0.4036324497754253,2,2006-07-31 23:59:59.999999999,2021-06-30 23:59:59.999999999,180,120,2,5,180
ME1 BM4,ff3,2006-07-31 23:59:59.999999999,2021-06-30 23:59:59.999999999,180,0.001034240576440392,0.0007981492576813872,1.2957984568510994,0.1950449298675655,12,0.9620289055750976,0.0121069719526166,0.001034240576440392,0.0007981492576813872,1.2957984568510994,0.1950449298675655,0.8839114744223646,0.024826771935573998,35.60315762017445,1.2518737890786055e-277,1.0112214066890208,0.0312167260429039,32.39357661335818,3.3803060950490743e-230,0.5828279382500231,0.04201306969941704,13.872538769955918,9.292848494452708e-44,2.241199339669283e-05,0.0012105940776535949,0.7707763330366967,0.001343431944345055,0.0006028030536991921,0.00016193795909463858,0.0025249259295954717,0.9870811186099034,161.2118333214066,0.0,0.40634360389076146,3,2006-07-31 23:59:59.999999999,2021-06-30 23:59:59.999999999,180,120,3,5,180
ME2 BM2,ff3,2006-07-31 23:59:59.999999999,2021-06-30 23:59:59.999999999,180,0.0011628961650368519,0.0007602218781415997,1.5296799506475787,0.1260959687271959,12,0.9573130479441225,0.01211811939337448,0.0011628961650368519,0.0007602218781415997,1.5296799506475787,0.1260959687271959,0.9989114216992783,0.02365678168847099,42.22516126046395,0.0,0.9360551966192197,0.04057355278325051,23.070575101464616,9.144053679278797e-118,0.04155509908220755,0.03556907859538341,1.1682928184594885,0.24268867118038462,2.241199339669283e-05,0.0012105940776535949,0.7809763134879502,0.0012411623206998912,0.0005870287395743847,9.058599113409734e-05,0.002391738650265685,0.9827557159156858,148.93947848398693,0.0,0.40634360389076146,4,2006-07-31 23:59:59.999999999,2021-06-30 23:59:59.999999999,180,120,4,5,180
ME4 BM1,ff3,2006-07-31 23:59:59.999999999,2021-06-30 23:59:59.999999999,180,0.0012031498789790195,0.0009086742517142893,1.3240717195509584,0.18547922683357498,12,0.9356250950663788,0.013065476309689463,0.0012031498789790195,0.0009086742517142893,1.3240717195509584,0.18547922683357498,1.0469000679859974,0.028244410310182,37.0657435042499,1.001647400752081e-300,0.41340088722702706,0.03799708184020139,10.87980621684594,1.4386848568369338e-27,-0.3232880994644454,0.03333396151634068,-9.69846021169629,3.0608284203804082e-22,2.241199339669283e-05,0.0012105940776535949,0.7558369502908446,0.0009161186646320571,0.0006293323632261677,-0.00031737276729123165,0.002149610096555346,0.9272621147413542,109.93423975584685,0.0,0.40634360389076146,5,2006-07-31 23:59:59.999999999,2021-06-30 23:59:59.999999999,180,120,5,5,180
BIG LoBM,ff3,2006-07-31 23:59:59.999999999,2021-06-30 23:59:59.999999999,180,0.0013457684231609538,0.000690061233277704,1.950215949342239,0.05115038558689944,12,0.9691088942146175,0.007602088092219435,0.0013457684231609538,0.000690061233277704,1.950215949342239,0.05115038558689944,1.0001304418100927,0.021835023754056705,45.803954833082315,0.0,-0.16475948445011174,0.03009521682576227,-5.47460699166897,4.384836527037598e-08,-0.35080509891109357,0.01939061709453691,-18.091487094030082,3.7191457592710884e-73,2.241199339669283e-05,0.0012105940776535949,0.8769671399465241,0.0008649918203897565,0.000424683923590878,3.261133015163562e-05,0.0016973723106278775,0.9791644370666001,103.79901844677079,0.0,0.4036324497754253,6,2006-07-31 23:59:59.999999999,2021-06-30 23:59:59.999999999,180,120,6,4,180
ME5 BM2,ff3,2006-07-31 23:59:59.999999999,2021-06-30 23:59:59.999999999,180,0.0008621770418668047,0.0006153609435837129,1.4010915883703874,0.16118668665881142,12,0.9472433415920548,0.009490502625014142,0.0008621770418668047,0.0006153609435837129,1.4010915883703874,0.16118668665881142,0.9133608428490064,0.019495300676796664,46.85030808147985,0.0,-0.21186555368464596,0.03318523417065456,-6.384332037409487,1.7214720990349832e-10,0.03497354841964695,0.03266755920609101,1.0705895778441255,0.2843540117142389,2.241199339669283e-05,0.0012105940776535949,0.8695220227839505,0.0006847857277340138,0.0004660881935364032,-0.0002287471315973364,0.001598318587065364,0.9291133293180721,82.17428732808166,0.0,0.40634360389076146,7,2006-07-31 23:59:59.999999999,2021-06-30 23:59:59.999999999,180,120,7,4,180
ME3 BM4,ff3,2006-07-31 23:59:59.999999999,2021-06-30 23:59:59.999999999,180,0.0013998392438942624,0.000815448910838231,1.7166486156138394,0.08604339403505502,12,0.9437453631030186,0.014335136547622362,0.0013998392438942624,0.000815448910838231,1.7166486156138394,0.08604339403505502,1.011587585083899,0.025527054743599918,39.62805718264547,0.0,0.6451365738029142,0.04669921903194511,13.814718686443161,2.0776427793618766e-43,0.45787158594140187,0.07669597913878898,5.969955545033695,2.3731824116760417e-09,2.241199339669283e-05,0.0012105940776535949,0.7833543180760822,0.0005385113452827667,0.0005938446390240246,-0.0006254241472043216,0.001702446837769855,0.817749516107466,64.62136143393201,0.0,0.4036324497754253,8,2006-07-31 23:59:59.999999999,2021-06-30 23:59:59.999999999,180,120,8,4,180
ME5 BM3,ff3,2006-07-31 23:59:59.999999999,2021-06-30 23:59:59.999999999,180,0.0008944491633962921,0.0008041580663645961,1.1122802851930345,0.2660176577277885,12,0.924972366781957,0.012387569204053133,0.0008944491633962921,0.0008041580663645961,1.1122802851930345,0.2660176577277885,0.9212150143422614,0.024853395122323263,37.065962610268414,9.935397488333472e-301,-0.12048684492933798,0.03910397652808265,-3.08119162363986,0.002061739162520369,0.2513600570224926,0.04937892125309301,5.090432327068057,3.5724805520411047e-07,2.241199339669283e-05,0.0012105940776535949,0.7909512813608237,0.00045525577991079486,0.000569130274389205,-0.0006602395578920468,0.0015707511177136366,0.7881199444593785,54.63069358929538,0.0,0.4783006052319744,9,2006-07-31 23:59:59.999999999,2021-06-30 23:59:59.999999999,180,120,9,4,180
ME2 BM1,ff3,2006-07-31 23:59:59.999999999,2021-06-30 23:59:59.999999999,180,-0.00029645949458785727,0.0010934586182718903,-0.27112090904398733,0.7862980405516257,12,0.9326329421352418,0.016890773538057853,-0.00029645949458785727,0.0010934586182718903,-0.27112090904398733,0.7862980405516257,1.1011680538063546,0.028773749056657725,38.26988452697179,0.0,1.1639490344491903,0.07970065112046841,14.604009102634162,2.648043546423724e-48,-0.3308132774384354,0.060228180256209934,-5.492665991752695,3.95911136751512e-08,2.241199339669283e-05,0.0012105940776535949,0.6539764108063016,0.00035892093901321206,0.0007637733705819468,-0.0011380748673274037,0.0018559167453538277,0.6807979148625248,43.07051268158545,0.0,0.8935205006268473,10,2006-07-31 23:59:59.999999999,2021-06-30 23:59:59.999999999,180,120,10,4,180
ME4 BM2,ff3,2006-07-31 23:59:59.999999999,2021-06-30 23:59:59.999999999,180,0.00040434706638216224,0.0007496782237044898,0.5393608265478296,0.5896379055061822,12,0.939188995935169,0.013070138006587578,0.00040434706638216224,0.0007496782237044898,0.5393608265478296,0.5896379055061822,1.064528138775939,0.031938534640457296,33.33052535940319,1.3952227619906575e-243,0.29705509280754877,0.04337732099573877,6.848165953741827,7.480276192079236e-12,0.025399758563195523,0.06181808264789515,0.4108791064884372,0.6811611835534275,2.241199339669283e-05,0.0012105940776535949,0.83514948942872,0.00026910746233089745,0.0005155739159657382,-0.0007414174129619494,0.0012796323376237444,0.6991498972953739,32.292895479707695,0.0,0.818941535425253,11,2006-07-31 23:59:59.999999999,2021-06-30 23:59:59.999999999,180,120,11,3,180
ME1 BM2,ff3,2006-07-31 23:59:59.999999999,2021-06-30 23:59:59.999999999,180,-0.00021911489607710888,0.0012784837694720344,-0.17138652934764675,0.8639198460928442,12,0.9104395587601979,0.019301460721024153,-0.00021911489607710888,0.0012784837694720344,-0.17138652934764675,0.8639198460928442,0.9877681916844672,0.04157604334059561,23.758109534198802,9.059130660005253e-125,1.2456122260315783,0.052855929650934025,23.566177612573064,8.56947384598433e-123,-0.022566973591894208,0.04652954430174881,-0.48500310782209893,0.6276741409766564,2.241199339669283e-05,0.0012105940776535949,0.5951996952471017,8.120778233378892e-05,0.0007767655248642107,-0.001441252646400064,0.0016036682110676418,0.541631994699417,9.74493388005467,0.0,0.9056286357978118,12,2006-07-31 23:59:59.999999999,2021-06-30 23:59:59.999999999,180,120,12,3,180
ME3 BM3,ff3,2006-07-31 23:59:59.999999999,2021-06-30 23:59:59.999999999,180,0.0005658305805356842,0.0012643703390426068,0.4475196570683052,0.6544998982172476,12,0.9315104803102401,0.014384727339437084,0.0005658305805356842,0.0012643703390426068,0.4475196570683052,0.6544998982172476,0.9768475426713074,0.04408880123752237,22.156364320469393,9.057492036999507e-109,0.5502135337616014,0.04283886120706113,12.843794588799893,9.3192201374064e-38,0.2509806028726355,0.05188103369119324,4.837617622781468,1.3140462483871693e-06,2.241199339669283e-05,0.0012105940776535949,0.7404901636042028,7.123714613384985e-05,0.000646728434831031,-0.001196350586134971,0.0013388248784026707,0.5438547979872871,8.548457536061981,0.0,0.8611840766016415,13,2006-07-31 23:59:59.999999999,2021-06-30 23:59:59.999999999,180,120,13,3,180
ME2 BM4,ff3,2006-07-31 23:59:59.999999999,2021-06-30 23:59:59.999999999,180,0.00035680245789645966,0.001181796813475021,0.3019152309670711,0.7627166846168902,12,0.9596921728393017,0.01211910950745596,0.00035680245789645966,0.001181796813475021,0.3019152309670711,0.7627166846168902,0.9020062720245035,0.027790474107462056,32.45739056255628,4.2605101366005665e-231,0.85814500587597,0.03635572282175671,23.604124447841315,3.496006436933669e-123,0.575476263570398,0.040529570299088394,14.198923386644982,9.303066508412115e-46,2.241199339669283e-05,0.0012105940776535949,0.6791976545324049,4.086359617783783e-05,0.0006925183600750154,-0.0013164723895691922,0.001398199581924868,0.5235268287447219,4.90363154134054,0.0,0.8935205006268473,14,2006-07-31 23:59:59.999999999,2021-06-30 23:59:59.999999999,180,120,14,3,180
ME4 BM5,ff3,2006-07-31 23:59:59.999999999,2021-06-30 23:59:59.999999999,180,-0.0014831939064464262,0.0017713357071664393,-0.8373307783757455,0.4024066633171004,12,0.9224260772195717,0.018790212102647356,-0.0014831939064464262,0.0017713357071664393,-0.8373307783757455,0.4024066633171004,1.1159594657073277,0.04108442144897243,27.162594150032486,1.7977603033164624e-162,0.3394513939481676,0.044537214673974125,7.6217472608705865,2.5026468788768602e-14,0.78304746530217,0.07175956197297235,10.91209929064364,1.008989941924573e-27,2.241199339669283e-05,0.0012105940776535949,0.5081041983176814,-2.3745605985896507e-05,0.0008615398741491997,-0.001712363759318328,0.0016648725473465348,0.48900581709613794,-2.8494727183075805,2.8494727183075805,0.6706777721951673,15,2006-07-31 23:59:59.999999999,2021-06-30 23:59:59.999999999,180,120,15,3,180
ME2 BM3,ff3,2006-07-31 23:59:59.999999999,2021-06-30 23:59:59.999999999,180,0.000584218495860887,0.0010764189569931514,0.5427426673094202,0.5873069926394046,12,0.9602941776166312,0.01186271824862822,0.000584218495860887,0.0010764189569931514,0.5427426673094202,0.5873069926394046,0.972035477614332,0.028907246673336523,33.62601387114873,6.9917077149785274e-248,0.9017176421341687,0.041181621225667354,21.896118105524057,2.82879292541438e-106,0.27904960414358687,0.04854578804374511,5.748173330549962,9.021273498993667e-09,2.241199339669283e-05,0.0012105940776535949,0.8103403801156546,-0.0002275909263239203,0.0005748900078669581,-0.001354375341743158,0.0008991934890953174,0.3460945514836672,-27.310911158870436,27.310911158870436,0.818941535425253,16,2006-07-31 23:59:59.999999999,2021-06-30 23:59:59.999999999,180,120,16,2,180
BIG HiBM,ff3,2006-07-31 23:59:59.999999999,2021-06-30 23:59:59.999999999,180,7.022633344684334e-06,0.0024575565886709124,0.002857567299592597,0.9977199942731707,12,0.8824065796402621,0.023676710195488504,7.022633344684334e-06,0.0024575565886709124,0.002857567299592597,0.9977199942731707,1.1511337390389744,0.07998105943581975,14.392579282632456,5.760679772317514e-47,0.08457418269421131,0.10277060637097964,0.8229413611603772,0.4105413403501398,0.8457912264350723,0.04936660495389053,17.132861926094765,8.439890341004822e-66,2.241199339669283e-05,0.0012105940776535949,0.46628114035993407,-0.0003764339886935791,0.0009169068887595747,-0.0021735714906623454,0.0014207035132751873,0.3407021202579287,-45.1720786432295,45.1720786432295,0.9977199942731707,17,2006-07-31 23:59:59.999999999,2021-06-30 23:59:59.999999999,180,120,17,2,180
ME1 BM3,ff3,2006-07-31 23:59:59.999999999,2021-06-30 23:59:59.999999999,180,-0.0016276713911005597,0.0008975780942736423,-1.813403648646015,0.06976958722245359,12,0.9598930749470076,0.012277713719388503,-0.0016276713911005597,0.0008975780942736423,-1.813403648646015,0.06976958722245359,0.9591493005357894,0.024600860868076876,38.98844457839369,0.0,1.063254872036112,0.044251887176295454,24.027333971096017,1.4408161947659326e-127,0.2507710771491488,0.028762818183555312,8.718585068709409,2.8169985985233095e-18,2.241199339669283e-05,0.0012105940776535949,0.7823668378346644,-0.0005211957081535085,0.0005648740377281829,-0.0016283488221007468,0.0005859574057937299,0.17808804266404654,-62.54348497842103,62.54348497842103,0.4036324497754253,18,2006-07-31 23:59:59.999999999,2021-06-30 23:59:59.999999999,180,120,18,2,180
ME4 BM4,ff3,2006-07-31 23:59:59.999999999,2021-06-30 23:59:59.999999999,180,-0.00022136031831206552,0.0013463410686113918,-0.16441622667009279,0.8694034903658994,12,0.8978239885561636,0.018499688980728707,-0.00022136031831206552,0.0013463410686113918,-0.16441622667009279,0.8694034903658994,1.0253226337951282,0.047630688402305256,21.52651301477944,8.79039909195614e-103,0.31495509109862735,0.0495866905423749,6.351605393577914,2.130793488078742e-10,0.43744841682993457,0.12034316502663764,3.6350084089371135,0.00027797156879613206,2.241199339669283e-05,0.0012105940776535949,0.5842217887237328,-0.0005909895902543257,0.0008699933977385458,-0.002296176649821875,0.001114197469313224,0.24847277862970651,-70.91875083051909,70.91875083051909,0.9056286357978118,19,2006-07-31 23:59:59.999999999,2021-06-30 23:59:59.999999999,180,120,19,2,180
ME3 BM1,ff3,2006-07-31 23:59:59.999999999,2021-06-30 23:59:59.999999999,180,-0.001445082153766597,0.00108530584741047,-1.3314976208914289,0.1830253273008654,12,0.9351648438597965,0.015419253918251942,-0.001445082153766597,0.00108530584741047,-1.3314976208914289,0.1830253273008654,1.1384047765225822,0.026552617905197376,42.87354190788669,0.0,0.7912113897335786,0.07909544515990949,10.00324845677225,1.4747827976941118e-23,-0.3655228966210583,0.04049152843577065,-9.027144954551813,1.7620892845243934e-19,2.241199339669283e-05,0.0012105940776535949,0.6975679551393782,-0.0007378854198577862,0.0007222815414496931,-0.002153557241099185,0.0006777864013836123,0.15348427757835054,-88.54625038293435,88.54625038293435,0.40634360389076146,20,2006-07-31 23:59:59.999999999,2021-06-30 23:59:59.999999999,180,120,20,2,180
ME3 BM5,ff3,2006-07-31 23:59:59.999999999,2021-06-30 23:59:59.999999999,180,0.000633810096704393,0.0017297514249349697,0.3664168663588303,0.714054036038374,12,0.9231686733890689,0.019172195591432822,0.000633810096704393,0.0017297514249349697,0.3664168663588303,0.714054036038374,1.037142809378102,0.046333827898354774,22.384138251070965,5.6180959366131364e-111,0.7630885328258742,0.0539315061225656,14.149216064755674,1.8885075878686813e-45,0.7618715835297517,0.07761530584705473,9.815996667346283,9.608375252562321e-23,2.241199339669283e-05,0.0012105940776535949,0.5617496714195845,-0.0008513287646087093,0.0008264268593330558,-0.0024711254089014984,0.0007684678796840799,0.15147401951132494,-102.1594517530451,102.1594517530451,0.8925675450479675,21,2006-07-31 23:59:59.999999999,2021-06-30 23:59:59.999999999,180,120,21,1,180
ME4 BM3,ff3,2006-07-31 23:59:59.999999999,2021-06-30 23:59:59.999999999,180,-0.0017067442059521645,0.0012501432902730526,-1.365238864402002,0.1721779869148634,12,0.914290719960316,0.01633601900526131,-0.0017067442059521645,0.0012501432902730526,-1.365238864402002,0.1721779869148634,1.0819492680626175,0.04009028572051861,26.987816340477337,2.0543393156659852e-160,0.27019611920853376,0.05224092209154107,5.172116195328113,2.3145757219565324e-07,0.17374879199376225,0.1029684497755378,1.6873983474794405,0.0915267813859923,2.241199339669283e-05,0.0012105940776535949,0.6350130753831867,-0.0010609641825465455,0.0007730037256251586,-0.0025760514847718565,0.00045412311967876523,0.08495058541463191,-127.31570190558546,127.31570190558546,0.40634360389076146,22,2006-07-31 23:59:59.999999999,2021-06-30 23:59:59.999999999,180,120,22,1,180
ME2 BM5,ff3,2006-07-31 23:59:59.999999999,2021-06-30 23:59:59.999999999,180,-0.000525834409221401,0.0007934569237107089,-0.6627132406410483,0.5075142281033671,12,0.9632888624109592,0.013950217881186998,-0.000525834409221401,0.0007934569237107089,-0.6627132406410483,0.5075142281033671,1.1294531343772494,0.04933358889888999,22.894201690699663,5.307184001539531e-116,0.8712740804800941,0.04648006641145988,18.745112641777066,2.1222204164704387e-78,0.7453457131160887,0.033165372412777214,22.4736120505295,7.521816740928334e-112,2.241199339669283e-05,0.0012105940776535949,0.7710477092989131,-0.0011345728846661935,0.0005837396135871555,-0.002278702527297018,9.556757964631138e-06,0.025970139928810042,-136.14874615994322,136.14874615994322,0.7929909814115111,23,2006-07-31 23:59:59.999999999,2021-06-30 23:59:59.999999999,180,120,23,1,180
ME5 BM4,ff3,2006-07-31 23:59:59.999999999,2021-06-30 23:59:59.999999999,180,-0.00417527353230166,0.0022828017964974566,-1.829012724060344,0.06739770212206404,12,0.9226271594429608,0.01568507762971475,-0.00417527353230166,0.0022828017964974566,-1.829012724060344,0.06739770212206404,1.0511053702905335,0.0924126977611801,11.374036206657225,5.6321571363171516e-30,-0.19378136449456643,0.06322199274653005,-3.065094219213806,0.0021760143460717307,0.61218297599602,0.04547417120927733,13.462212937948534,2.6098126960771123e-41,2.241199339669283e-05,0.0012105940776535949,0.5446654720802564,-0.0017508667252243337,0.0008382467250572662,-0.0033938303063365755,-0.00010790314411209196,0.018366251434140207,-210.10400702692004,210.10400702692004,0.4036324497754253,24,2006-07-31 23:59:59.999999999,2021-06-30 23:59:59.999999999,180,120,24,1,180
SMALL LoBM,ff3,2006-07-31 23:59:59.999999999,2021-06-30 23:59:59.999999999,180,-0.0043638393028757735,0.0014594509147695623,-2.990055546722375,0.0027892671949024967,12,0.886469718196155,0.024458581913150323,-0.0043638393028757735,0.0014594509147695623,-2.990055546722375,0.0027892671949024967,1.1025495482615235,0.048072571695787554,22.935106431140575,2.0750080685826066e-116,1.4505869284971151,0.13053408280233733,11.112706331982906,1.088108788938979e-28,-0.2228064527467037,0.05243464816872961,-4.2492218509740765,2.145143890009886e-05,2.241199339669283e-05,0.0012105940776535949,0.6006670258805613,-0.002393460514822008,0.0008176000437172089,-0.0039959566005077374,-0.0007909644291362785,0.0017089228259310136,-287.215261778641,287.215261778641,0.06973167987256242,25,2006-07-31 23:59:59.999999999,2021-06-30 23:59:59.999999999,180,120,25,1,180
